ISO-10303-21;
HEADER;
/* Generated by software containing ST-Developer
 * from STEP Tools, Inc. (www.steptools.com) 
 */

FILE_DESCRIPTION(
/* description */ (''),
/* implementation_level */ '2;1');

FILE_NAME(
/* name */ 'SOT-23-6.step',
/* time_stamp */ '2026-05-13T01:39:43+05:30',
/* author */ (''),
/* organization */ (''),
/* preprocessor_version */ 'ST-DEVELOPER v20.1',
/* originating_system */ 'Autodesk Translation Framework v15.8.0.0',
/* authorisation */ '');

FILE_SCHEMA (('AUTOMOTIVE_DESIGN { 1 0 10303 214 3 1 1 }'));
ENDSEC;

DATA;
#10=MECHANICAL_DESIGN_GEOMETRIC_PRESENTATION_REPRESENTATION('',(#2070,#2071,
#2072,#2073,#2074,#2075,#2076,#2077,#2078,#2079,#2080,#2081,#2082,#2083,
#2084,#2085,#2086,#2087,#2088,#2089,#2090,#2091,#2092,#2093,#2094,#2095,
#2096,#2097,#2098,#2099,#2100,#2101,#2102,#2103,#2104,#2105,#2106,#2107,
#2108,#2109,#2110,#2111,#2112,#2113,#2114,#2115,#2116,#2117,#2118,#2119,
#2120,#2121,#2122,#2123,#2124,#2125,#2126,#2127,#2128,#2129,#2130,#2131,
#2132,#2133,#2134,#2135,#2136,#2137,#2138,#2139,#2140,#2141,#2142,#2143,
#2144,#2145,#2146,#2147,#2148,#2149,#2150,#2151,#2152,#2153,#2154,#2155,
#2156,#2157,#2158,#2159,#2160,#2161,#2162,#2163,#2164,#2165,#2166,#2167,
#2168,#2169,#2170,#2171,#2172,#2173,#2174,#2175,#2176,#2177,#2178,#2179,
#2180,#2181,#2182,#2183,#2184,#2185,#2186,#2187),#3710);
#11=SHAPE_REPRESENTATION_RELATIONSHIP('SRR','None',#3717,#12);
#12=ADVANCED_BREP_SHAPE_REPRESENTATION('',(#13),#3709);
#13=MANIFOLD_SOLID_BREP('Body1',#2305);
#14=FACE_BOUND('',#269,.T.);
#15=CYLINDRICAL_SURFACE('',#2362,0.1);
#16=CYLINDRICAL_SURFACE('',#2374,0.1);
#17=CYLINDRICAL_SURFACE('',#2386,0.1);
#18=CYLINDRICAL_SURFACE('',#2397,0.1);
#19=CYLINDRICAL_SURFACE('',#2409,0.1);
#20=CYLINDRICAL_SURFACE('',#2421,0.1);
#21=CYLINDRICAL_SURFACE('',#2427,0.25);
#22=CYLINDRICAL_SURFACE('',#2436,0.25);
#23=CYLINDRICAL_SURFACE('',#2438,0.25);
#24=CYLINDRICAL_SURFACE('',#2440,0.1);
#25=CYLINDRICAL_SURFACE('',#2444,0.25);
#26=CYLINDRICAL_SURFACE('',#2446,0.25);
#27=CYLINDRICAL_SURFACE('',#2448,0.1);
#28=CYLINDRICAL_SURFACE('',#2452,0.25);
#29=CYLINDRICAL_SURFACE('',#2455,0.1);
#30=CYLINDRICAL_SURFACE('',#2459,0.25);
#31=CYLINDRICAL_SURFACE('',#2462,0.1);
#32=CYLINDRICAL_SURFACE('',#2466,0.25);
#33=CYLINDRICAL_SURFACE('',#2468,0.25);
#34=CYLINDRICAL_SURFACE('',#2470,0.1);
#35=CYLINDRICAL_SURFACE('',#2474,0.25);
#36=CYLINDRICAL_SURFACE('',#2476,0.25);
#37=CYLINDRICAL_SURFACE('',#2478,0.1);
#38=CYLINDRICAL_SURFACE('',#2482,0.25);
#39=CIRCLE('',#2358,0.25);
#40=CIRCLE('',#2359,0.1);
#41=CIRCLE('',#2360,0.25);
#42=CIRCLE('',#2361,0.1);
#43=CIRCLE('',#2363,0.1);
#44=CIRCLE('',#2365,0.25);
#45=CIRCLE('',#2366,0.1);
#46=CIRCLE('',#2367,0.25);
#47=CIRCLE('',#2370,0.25);
#48=CIRCLE('',#2371,0.1);
#49=CIRCLE('',#2372,0.25);
#50=CIRCLE('',#2373,0.1);
#51=CIRCLE('',#2375,0.1);
#52=CIRCLE('',#2377,0.25);
#53=CIRCLE('',#2378,0.1);
#54=CIRCLE('',#2379,0.25);
#55=CIRCLE('',#2382,0.25);
#56=CIRCLE('',#2383,0.1);
#57=CIRCLE('',#2384,0.25);
#58=CIRCLE('',#2385,0.1);
#59=CIRCLE('',#2387,0.1);
#60=CIRCLE('',#2389,0.25);
#61=CIRCLE('',#2390,0.1);
#62=CIRCLE('',#2391,0.25);
#63=CIRCLE('',#2393,0.25);
#64=CIRCLE('',#2394,0.1);
#65=CIRCLE('',#2395,0.25);
#66=CIRCLE('',#2396,0.1);
#67=CIRCLE('',#2398,0.1);
#68=CIRCLE('',#2400,0.25);
#69=CIRCLE('',#2401,0.1);
#70=CIRCLE('',#2402,0.25);
#71=CIRCLE('',#2405,0.25);
#72=CIRCLE('',#2406,0.1);
#73=CIRCLE('',#2407,0.25);
#74=CIRCLE('',#2408,0.1);
#75=CIRCLE('',#2410,0.1);
#76=CIRCLE('',#2412,0.25);
#77=CIRCLE('',#2413,0.1);
#78=CIRCLE('',#2414,0.25);
#79=CIRCLE('',#2417,0.25);
#80=CIRCLE('',#2418,0.1);
#81=CIRCLE('',#2419,0.25);
#82=CIRCLE('',#2420,0.1);
#83=CIRCLE('',#2422,0.1);
#84=CIRCLE('',#2424,0.25);
#85=CIRCLE('',#2425,0.1);
#86=CIRCLE('',#2426,0.25);
#87=CIRCLE('',#2431,0.125);
#88=FACE_OUTER_BOUND('',#205,.T.);
#89=FACE_OUTER_BOUND('',#206,.T.);
#90=FACE_OUTER_BOUND('',#207,.T.);
#91=FACE_OUTER_BOUND('',#208,.T.);
#92=FACE_OUTER_BOUND('',#209,.T.);
#93=FACE_OUTER_BOUND('',#210,.T.);
#94=FACE_OUTER_BOUND('',#211,.T.);
#95=FACE_OUTER_BOUND('',#212,.T.);
#96=FACE_OUTER_BOUND('',#213,.T.);
#97=FACE_OUTER_BOUND('',#214,.T.);
#98=FACE_OUTER_BOUND('',#215,.T.);
#99=FACE_OUTER_BOUND('',#216,.T.);
#100=FACE_OUTER_BOUND('',#217,.T.);
#101=FACE_OUTER_BOUND('',#218,.T.);
#102=FACE_OUTER_BOUND('',#219,.T.);
#103=FACE_OUTER_BOUND('',#220,.T.);
#104=FACE_OUTER_BOUND('',#221,.T.);
#105=FACE_OUTER_BOUND('',#222,.T.);
#106=FACE_OUTER_BOUND('',#223,.T.);
#107=FACE_OUTER_BOUND('',#224,.T.);
#108=FACE_OUTER_BOUND('',#225,.T.);
#109=FACE_OUTER_BOUND('',#226,.T.);
#110=FACE_OUTER_BOUND('',#227,.T.);
#111=FACE_OUTER_BOUND('',#228,.T.);
#112=FACE_OUTER_BOUND('',#229,.T.);
#113=FACE_OUTER_BOUND('',#230,.T.);
#114=FACE_OUTER_BOUND('',#231,.T.);
#115=FACE_OUTER_BOUND('',#232,.T.);
#116=FACE_OUTER_BOUND('',#233,.T.);
#117=FACE_OUTER_BOUND('',#234,.T.);
#118=FACE_OUTER_BOUND('',#235,.T.);
#119=FACE_OUTER_BOUND('',#236,.T.);
#120=FACE_OUTER_BOUND('',#237,.T.);
#121=FACE_OUTER_BOUND('',#238,.T.);
#122=FACE_OUTER_BOUND('',#239,.T.);
#123=FACE_OUTER_BOUND('',#240,.T.);
#124=FACE_OUTER_BOUND('',#241,.T.);
#125=FACE_OUTER_BOUND('',#242,.T.);
#126=FACE_OUTER_BOUND('',#243,.T.);
#127=FACE_OUTER_BOUND('',#244,.T.);
#128=FACE_OUTER_BOUND('',#245,.T.);
#129=FACE_OUTER_BOUND('',#246,.T.);
#130=FACE_OUTER_BOUND('',#247,.T.);
#131=FACE_OUTER_BOUND('',#248,.T.);
#132=FACE_OUTER_BOUND('',#249,.T.);
#133=FACE_OUTER_BOUND('',#250,.T.);
#134=FACE_OUTER_BOUND('',#251,.T.);
#135=FACE_OUTER_BOUND('',#252,.T.);
#136=FACE_OUTER_BOUND('',#253,.T.);
#137=FACE_OUTER_BOUND('',#254,.T.);
#138=FACE_OUTER_BOUND('',#255,.T.);
#139=FACE_OUTER_BOUND('',#256,.T.);
#140=FACE_OUTER_BOUND('',#257,.T.);
#141=FACE_OUTER_BOUND('',#258,.T.);
#142=FACE_OUTER_BOUND('',#259,.T.);
#143=FACE_OUTER_BOUND('',#260,.T.);
#144=FACE_OUTER_BOUND('',#261,.T.);
#145=FACE_OUTER_BOUND('',#262,.T.);
#146=FACE_OUTER_BOUND('',#263,.T.);
#147=FACE_OUTER_BOUND('',#264,.T.);
#148=FACE_OUTER_BOUND('',#265,.T.);
#149=FACE_OUTER_BOUND('',#266,.T.);
#150=FACE_OUTER_BOUND('',#267,.T.);
#151=FACE_OUTER_BOUND('',#268,.T.);
#152=FACE_OUTER_BOUND('',#270,.T.);
#153=FACE_OUTER_BOUND('',#271,.T.);
#154=FACE_OUTER_BOUND('',#272,.T.);
#155=FACE_OUTER_BOUND('',#273,.T.);
#156=FACE_OUTER_BOUND('',#274,.T.);
#157=FACE_OUTER_BOUND('',#275,.T.);
#158=FACE_OUTER_BOUND('',#276,.T.);
#159=FACE_OUTER_BOUND('',#277,.T.);
#160=FACE_OUTER_BOUND('',#278,.T.);
#161=FACE_OUTER_BOUND('',#279,.T.);
#162=FACE_OUTER_BOUND('',#280,.T.);
#163=FACE_OUTER_BOUND('',#281,.T.);
#164=FACE_OUTER_BOUND('',#282,.T.);
#165=FACE_OUTER_BOUND('',#283,.T.);
#166=FACE_OUTER_BOUND('',#284,.T.);
#167=FACE_OUTER_BOUND('',#285,.T.);
#168=FACE_OUTER_BOUND('',#286,.T.);
#169=FACE_OUTER_BOUND('',#287,.T.);
#170=FACE_OUTER_BOUND('',#288,.T.);
#171=FACE_OUTER_BOUND('',#289,.T.);
#172=FACE_OUTER_BOUND('',#290,.T.);
#173=FACE_OUTER_BOUND('',#291,.T.);
#174=FACE_OUTER_BOUND('',#292,.T.);
#175=FACE_OUTER_BOUND('',#293,.T.);
#176=FACE_OUTER_BOUND('',#294,.T.);
#177=FACE_OUTER_BOUND('',#295,.T.);
#178=FACE_OUTER_BOUND('',#296,.T.);
#179=FACE_OUTER_BOUND('',#297,.T.);
#180=FACE_OUTER_BOUND('',#298,.T.);
#181=FACE_OUTER_BOUND('',#299,.T.);
#182=FACE_OUTER_BOUND('',#300,.T.);
#183=FACE_OUTER_BOUND('',#301,.T.);
#184=FACE_OUTER_BOUND('',#302,.T.);
#185=FACE_OUTER_BOUND('',#303,.T.);
#186=FACE_OUTER_BOUND('',#304,.T.);
#187=FACE_OUTER_BOUND('',#305,.T.);
#188=FACE_OUTER_BOUND('',#306,.T.);
#189=FACE_OUTER_BOUND('',#307,.T.);
#190=FACE_OUTER_BOUND('',#308,.T.);
#191=FACE_OUTER_BOUND('',#309,.T.);
#192=FACE_OUTER_BOUND('',#310,.T.);
#193=FACE_OUTER_BOUND('',#311,.T.);
#194=FACE_OUTER_BOUND('',#312,.T.);
#195=FACE_OUTER_BOUND('',#313,.T.);
#196=FACE_OUTER_BOUND('',#314,.T.);
#197=FACE_OUTER_BOUND('',#315,.T.);
#198=FACE_OUTER_BOUND('',#316,.T.);
#199=FACE_OUTER_BOUND('',#317,.T.);
#200=FACE_OUTER_BOUND('',#318,.T.);
#201=FACE_OUTER_BOUND('',#319,.T.);
#202=FACE_OUTER_BOUND('',#320,.T.);
#203=FACE_OUTER_BOUND('',#321,.T.);
#204=FACE_OUTER_BOUND('',#322,.T.);
#205=EDGE_LOOP('',(#1355,#1356,#1357,#1358));
#206=EDGE_LOOP('',(#1359,#1360,#1361,#1362,#1363,#1364,#1365,#1366));
#207=EDGE_LOOP('',(#1367,#1368,#1369,#1370));
#208=EDGE_LOOP('',(#1371,#1372,#1373,#1374));
#209=EDGE_LOOP('',(#1375,#1376,#1377,#1378));
#210=EDGE_LOOP('',(#1379,#1380,#1381,#1382,#1383,#1384,#1385,#1386,#1387,
#1388));
#211=EDGE_LOOP('',(#1389,#1390,#1391,#1392,#1393,#1394,#1395,#1396,#1397,
#1398));
#212=EDGE_LOOP('',(#1399,#1400,#1401,#1402));
#213=EDGE_LOOP('',(#1403,#1404,#1405,#1406));
#214=EDGE_LOOP('',(#1407,#1408,#1409,#1410));
#215=EDGE_LOOP('',(#1411,#1412,#1413,#1414));
#216=EDGE_LOOP('',(#1415,#1416,#1417,#1418,#1419,#1420,#1421,#1422,#1423,
#1424,#1425,#1426));
#217=EDGE_LOOP('',(#1427,#1428,#1429,#1430));
#218=EDGE_LOOP('',(#1431,#1432,#1433,#1434));
#219=EDGE_LOOP('',(#1435,#1436,#1437,#1438));
#220=EDGE_LOOP('',(#1439,#1440,#1441,#1442));
#221=EDGE_LOOP('',(#1443,#1444,#1445,#1446));
#222=EDGE_LOOP('',(#1447,#1448,#1449,#1450));
#223=EDGE_LOOP('',(#1451,#1452,#1453,#1454));
#224=EDGE_LOOP('',(#1455,#1456,#1457,#1458));
#225=EDGE_LOOP('',(#1459,#1460,#1461,#1462));
#226=EDGE_LOOP('',(#1463,#1464,#1465,#1466));
#227=EDGE_LOOP('',(#1467,#1468,#1469,#1470));
#228=EDGE_LOOP('',(#1471,#1472,#1473,#1474));
#229=EDGE_LOOP('',(#1475,#1476,#1477,#1478));
#230=EDGE_LOOP('',(#1479,#1480,#1481,#1482));
#231=EDGE_LOOP('',(#1483,#1484,#1485,#1486));
#232=EDGE_LOOP('',(#1487,#1488,#1489,#1490));
#233=EDGE_LOOP('',(#1491,#1492,#1493,#1494));
#234=EDGE_LOOP('',(#1495,#1496,#1497,#1498));
#235=EDGE_LOOP('',(#1499,#1500,#1501,#1502,#1503,#1504));
#236=EDGE_LOOP('',(#1505,#1506,#1507,#1508,#1509,#1510,#1511,#1512,#1513,
#1514));
#237=EDGE_LOOP('',(#1515,#1516,#1517,#1518));
#238=EDGE_LOOP('',(#1519,#1520,#1521,#1522));
#239=EDGE_LOOP('',(#1523,#1524,#1525,#1526));
#240=EDGE_LOOP('',(#1527,#1528,#1529,#1530,#1531,#1532,#1533,#1534,#1535,
#1536));
#241=EDGE_LOOP('',(#1537,#1538,#1539,#1540,#1541,#1542));
#242=EDGE_LOOP('',(#1543,#1544,#1545,#1546,#1547,#1548,#1549,#1550,#1551,
#1552,#1553,#1554));
#243=EDGE_LOOP('',(#1555,#1556,#1557,#1558,#1559,#1560,#1561,#1562,#1563,
#1564,#1565,#1566));
#244=EDGE_LOOP('',(#1567,#1568,#1569,#1570));
#245=EDGE_LOOP('',(#1571,#1572,#1573,#1574,#1575,#1576,#1577,#1578,#1579,
#1580,#1581,#1582));
#246=EDGE_LOOP('',(#1583,#1584,#1585,#1586));
#247=EDGE_LOOP('',(#1587,#1588,#1589,#1590,#1591,#1592,#1593,#1594,#1595,
#1596,#1597,#1598));
#248=EDGE_LOOP('',(#1599,#1600,#1601,#1602));
#249=EDGE_LOOP('',(#1603,#1604,#1605,#1606,#1607,#1608,#1609,#1610,#1611,
#1612,#1613,#1614));
#250=EDGE_LOOP('',(#1615,#1616,#1617,#1618));
#251=EDGE_LOOP('',(#1619,#1620,#1621,#1622,#1623,#1624,#1625,#1626,#1627,
#1628,#1629,#1630));
#252=EDGE_LOOP('',(#1631,#1632,#1633,#1634));
#253=EDGE_LOOP('',(#1635,#1636,#1637,#1638,#1639,#1640,#1641,#1642,#1643,
#1644,#1645,#1646));
#254=EDGE_LOOP('',(#1647,#1648,#1649,#1650,#1651,#1652,#1653,#1654,#1655,
#1656,#1657,#1658));
#255=EDGE_LOOP('',(#1659,#1660,#1661,#1662));
#256=EDGE_LOOP('',(#1663,#1664,#1665,#1666,#1667,#1668,#1669,#1670,#1671,
#1672,#1673,#1674));
#257=EDGE_LOOP('',(#1675,#1676,#1677,#1678));
#258=EDGE_LOOP('',(#1679,#1680,#1681,#1682,#1683,#1684,#1685,#1686,#1687,
#1688,#1689,#1690));
#259=EDGE_LOOP('',(#1691,#1692,#1693,#1694));
#260=EDGE_LOOP('',(#1695,#1696,#1697,#1698,#1699,#1700,#1701,#1702,#1703,
#1704,#1705,#1706));
#261=EDGE_LOOP('',(#1707,#1708,#1709,#1710));
#262=EDGE_LOOP('',(#1711,#1712,#1713,#1714,#1715,#1716,#1717,#1718,#1719,
#1720,#1721,#1722));
#263=EDGE_LOOP('',(#1723,#1724,#1725,#1726));
#264=EDGE_LOOP('',(#1727,#1728,#1729,#1730,#1731,#1732,#1733,#1734,#1735,
#1736,#1737,#1738));
#265=EDGE_LOOP('',(#1739,#1740,#1741,#1742));
#266=EDGE_LOOP('',(#1743,#1744,#1745,#1746,#1747,#1748));
#267=EDGE_LOOP('',(#1749,#1750,#1751,#1752,#1753,#1754));
#268=EDGE_LOOP('',(#1755,#1756,#1757,#1758,#1759,#1760,#1761,#1762));
#269=EDGE_LOOP('',(#1763));
#270=EDGE_LOOP('',(#1764,#1765,#1766,#1767));
#271=EDGE_LOOP('',(#1768,#1769,#1770,#1771,#1772,#1773));
#272=EDGE_LOOP('',(#1774,#1775,#1776,#1777,#1778,#1779));
#273=EDGE_LOOP('',(#1780,#1781,#1782,#1783));
#274=EDGE_LOOP('',(#1784,#1785,#1786,#1787));
#275=EDGE_LOOP('',(#1788,#1789,#1790,#1791));
#276=EDGE_LOOP('',(#1792,#1793,#1794,#1795));
#277=EDGE_LOOP('',(#1796,#1797,#1798,#1799));
#278=EDGE_LOOP('',(#1800,#1801,#1802,#1803));
#279=EDGE_LOOP('',(#1804,#1805,#1806,#1807));
#280=EDGE_LOOP('',(#1808,#1809,#1810,#1811));
#281=EDGE_LOOP('',(#1812,#1813,#1814,#1815));
#282=EDGE_LOOP('',(#1816,#1817,#1818,#1819));
#283=EDGE_LOOP('',(#1820,#1821,#1822,#1823));
#284=EDGE_LOOP('',(#1824,#1825,#1826,#1827));
#285=EDGE_LOOP('',(#1828,#1829,#1830,#1831));
#286=EDGE_LOOP('',(#1832,#1833,#1834,#1835));
#287=EDGE_LOOP('',(#1836,#1837,#1838,#1839));
#288=EDGE_LOOP('',(#1840,#1841,#1842,#1843));
#289=EDGE_LOOP('',(#1844,#1845,#1846,#1847));
#290=EDGE_LOOP('',(#1848,#1849,#1850,#1851));
#291=EDGE_LOOP('',(#1852,#1853,#1854,#1855));
#292=EDGE_LOOP('',(#1856,#1857,#1858,#1859));
#293=EDGE_LOOP('',(#1860,#1861,#1862,#1863));
#294=EDGE_LOOP('',(#1864,#1865,#1866,#1867));
#295=EDGE_LOOP('',(#1868,#1869,#1870,#1871));
#296=EDGE_LOOP('',(#1872,#1873,#1874,#1875));
#297=EDGE_LOOP('',(#1876,#1877,#1878,#1879));
#298=EDGE_LOOP('',(#1880,#1881,#1882,#1883));
#299=EDGE_LOOP('',(#1884,#1885,#1886,#1887));
#300=EDGE_LOOP('',(#1888,#1889,#1890,#1891));
#301=EDGE_LOOP('',(#1892,#1893,#1894,#1895));
#302=EDGE_LOOP('',(#1896,#1897,#1898,#1899));
#303=EDGE_LOOP('',(#1900,#1901,#1902,#1903));
#304=EDGE_LOOP('',(#1904,#1905,#1906,#1907));
#305=EDGE_LOOP('',(#1908,#1909,#1910,#1911));
#306=EDGE_LOOP('',(#1912,#1913,#1914,#1915));
#307=EDGE_LOOP('',(#1916,#1917,#1918,#1919));
#308=EDGE_LOOP('',(#1920,#1921,#1922,#1923));
#309=EDGE_LOOP('',(#1924,#1925,#1926,#1927));
#310=EDGE_LOOP('',(#1928,#1929,#1930,#1931));
#311=EDGE_LOOP('',(#1932,#1933,#1934,#1935));
#312=EDGE_LOOP('',(#1936,#1937,#1938,#1939));
#313=EDGE_LOOP('',(#1940,#1941,#1942,#1943));
#314=EDGE_LOOP('',(#1944,#1945,#1946,#1947));
#315=EDGE_LOOP('',(#1948,#1949,#1950,#1951));
#316=EDGE_LOOP('',(#1952,#1953,#1954,#1955));
#317=EDGE_LOOP('',(#1956,#1957,#1958,#1959));
#318=EDGE_LOOP('',(#1960,#1961,#1962,#1963));
#319=EDGE_LOOP('',(#1964,#1965,#1966,#1967));
#320=EDGE_LOOP('',(#1968,#1969,#1970,#1971));
#321=EDGE_LOOP('',(#1972,#1973,#1974,#1975));
#322=EDGE_LOOP('',(#1976));
#323=LINE('',#3085,#585);
#324=LINE('',#3087,#586);
#325=LINE('',#3089,#587);
#326=LINE('',#3090,#588);
#327=LINE('',#3093,#589);
#328=LINE('',#3095,#590);
#329=LINE('',#3097,#591);
#330=LINE('',#3099,#592);
#331=LINE('',#3101,#593);
#332=LINE('',#3103,#594);
#333=LINE('',#3104,#595);
#334=LINE('',#3107,#596);
#335=LINE('',#3108,#597);
#336=LINE('',#3111,#598);
#337=LINE('',#3113,#599);
#338=LINE('',#3114,#600);
#339=LINE('',#3117,#601);
#340=LINE('',#3118,#602);
#341=LINE('',#3121,#603);
#342=LINE('',#3123,#604);
#343=LINE('',#3125,#605);
#344=LINE('',#3127,#606);
#345=LINE('',#3129,#607);
#346=LINE('',#3131,#608);
#347=LINE('',#3133,#609);
#348=LINE('',#3134,#610);
#349=LINE('',#3137,#611);
#350=LINE('',#3139,#612);
#351=LINE('',#3141,#613);
#352=LINE('',#3143,#614);
#353=LINE('',#3145,#615);
#354=LINE('',#3147,#616);
#355=LINE('',#3149,#617);
#356=LINE('',#3150,#618);
#357=LINE('',#3153,#619);
#358=LINE('',#3154,#620);
#359=LINE('',#3157,#621);
#360=LINE('',#3158,#622);
#361=LINE('',#3160,#623);
#362=LINE('',#3163,#624);
#363=LINE('',#3164,#625);
#364=LINE('',#3167,#626);
#365=LINE('',#3169,#627);
#366=LINE('',#3171,#628);
#367=LINE('',#3173,#629);
#368=LINE('',#3175,#630);
#369=LINE('',#3177,#631);
#370=LINE('',#3179,#632);
#371=LINE('',#3181,#633);
#372=LINE('',#3183,#634);
#373=LINE('',#3184,#635);
#374=LINE('',#3186,#636);
#375=LINE('',#3189,#637);
#376=LINE('',#3191,#638);
#377=LINE('',#3192,#639);
#378=LINE('',#3195,#640);
#379=LINE('',#3197,#641);
#380=LINE('',#3198,#642);
#381=LINE('',#3201,#643);
#382=LINE('',#3203,#644);
#383=LINE('',#3204,#645);
#384=LINE('',#3207,#646);
#385=LINE('',#3209,#647);
#386=LINE('',#3210,#648);
#387=LINE('',#3213,#649);
#388=LINE('',#3215,#650);
#389=LINE('',#3216,#651);
#390=LINE('',#3219,#652);
#391=LINE('',#3221,#653);
#392=LINE('',#3222,#654);
#393=LINE('',#3224,#655);
#394=LINE('',#3226,#656);
#395=LINE('',#3229,#657);
#396=LINE('',#3231,#658);
#397=LINE('',#3232,#659);
#398=LINE('',#3235,#660);
#399=LINE('',#3237,#661);
#400=LINE('',#3238,#662);
#401=LINE('',#3241,#663);
#402=LINE('',#3243,#664);
#403=LINE('',#3244,#665);
#404=LINE('',#3247,#666);
#405=LINE('',#3249,#667);
#406=LINE('',#3250,#668);
#407=LINE('',#3253,#669);
#408=LINE('',#3255,#670);
#409=LINE('',#3256,#671);
#410=LINE('',#3259,#672);
#411=LINE('',#3261,#673);
#412=LINE('',#3262,#674);
#413=LINE('',#3265,#675);
#414=LINE('',#3266,#676);
#415=LINE('',#3269,#677);
#416=LINE('',#3270,#678);
#417=LINE('',#3272,#679);
#418=LINE('',#3275,#680);
#419=LINE('',#3277,#681);
#420=LINE('',#3278,#682);
#421=LINE('',#3280,#683);
#422=LINE('',#3281,#684);
#423=LINE('',#3285,#685);
#424=LINE('',#3287,#686);
#425=LINE('',#3289,#687);
#426=LINE('',#3290,#688);
#427=LINE('',#3292,#689);
#428=LINE('',#3294,#690);
#429=LINE('',#3296,#691);
#430=LINE('',#3297,#692);
#431=LINE('',#3300,#693);
#432=LINE('',#3301,#694);
#433=LINE('',#3304,#695);
#434=LINE('',#3305,#696);
#435=LINE('',#3308,#697);
#436=LINE('',#3309,#698);
#437=LINE('',#3312,#699);
#438=LINE('',#3314,#700);
#439=LINE('',#3316,#701);
#440=LINE('',#3318,#702);
#441=LINE('',#3320,#703);
#442=LINE('',#3322,#704);
#443=LINE('',#3324,#705);
#444=LINE('',#3325,#706);
#445=LINE('',#3328,#707);
#446=LINE('',#3329,#708);
#447=LINE('',#3331,#709);
#448=LINE('',#3332,#710);
#449=LINE('',#3334,#711);
#450=LINE('',#3336,#712);
#451=LINE('',#3338,#713);
#452=LINE('',#3339,#714);
#453=LINE('',#3340,#715);
#454=LINE('',#3343,#716);
#455=LINE('',#3347,#717);
#456=LINE('',#3351,#718);
#457=LINE('',#3353,#719);
#458=LINE('',#3355,#720);
#459=LINE('',#3359,#721);
#460=LINE('',#3363,#722);
#461=LINE('',#3367,#723);
#462=LINE('',#3371,#724);
#463=LINE('',#3373,#725);
#464=LINE('',#3375,#726);
#465=LINE('',#3379,#727);
#466=LINE('',#3382,#728);
#467=LINE('',#3384,#729);
#468=LINE('',#3385,#730);
#469=LINE('',#3388,#731);
#470=LINE('',#3392,#732);
#471=LINE('',#3396,#733);
#472=LINE('',#3398,#734);
#473=LINE('',#3400,#735);
#474=LINE('',#3404,#736);
#475=LINE('',#3408,#737);
#476=LINE('',#3412,#738);
#477=LINE('',#3416,#739);
#478=LINE('',#3418,#740);
#479=LINE('',#3420,#741);
#480=LINE('',#3424,#742);
#481=LINE('',#3427,#743);
#482=LINE('',#3429,#744);
#483=LINE('',#3434,#745);
#484=LINE('',#3438,#746);
#485=LINE('',#3440,#747);
#486=LINE('',#3442,#748);
#487=LINE('',#3446,#749);
#488=LINE('',#3450,#750);
#489=LINE('',#3454,#751);
#490=LINE('',#3458,#752);
#491=LINE('',#3460,#753);
#492=LINE('',#3462,#754);
#493=LINE('',#3466,#755);
#494=LINE('',#3472,#756);
#495=LINE('',#3476,#757);
#496=LINE('',#3478,#758);
#497=LINE('',#3480,#759);
#498=LINE('',#3484,#760);
#499=LINE('',#3488,#761);
#500=LINE('',#3492,#762);
#501=LINE('',#3496,#763);
#502=LINE('',#3498,#764);
#503=LINE('',#3500,#765);
#504=LINE('',#3504,#766);
#505=LINE('',#3507,#767);
#506=LINE('',#3510,#768);
#507=LINE('',#3514,#769);
#508=LINE('',#3518,#770);
#509=LINE('',#3520,#771);
#510=LINE('',#3522,#772);
#511=LINE('',#3526,#773);
#512=LINE('',#3530,#774);
#513=LINE('',#3534,#775);
#514=LINE('',#3538,#776);
#515=LINE('',#3540,#777);
#516=LINE('',#3542,#778);
#517=LINE('',#3546,#779);
#518=LINE('',#3549,#780);
#519=LINE('',#3551,#781);
#520=LINE('',#3552,#782);
#521=LINE('',#3555,#783);
#522=LINE('',#3559,#784);
#523=LINE('',#3563,#785);
#524=LINE('',#3565,#786);
#525=LINE('',#3567,#787);
#526=LINE('',#3571,#788);
#527=LINE('',#3575,#789);
#528=LINE('',#3579,#790);
#529=LINE('',#3583,#791);
#530=LINE('',#3585,#792);
#531=LINE('',#3587,#793);
#532=LINE('',#3591,#794);
#533=LINE('',#3594,#795);
#534=LINE('',#3596,#796);
#535=LINE('',#3598,#797);
#536=LINE('',#3600,#798);
#537=LINE('',#3603,#799);
#538=LINE('',#3605,#800);
#539=LINE('',#3606,#801);
#540=LINE('',#3610,#802);
#541=LINE('',#3612,#803);
#542=LINE('',#3614,#804);
#543=LINE('',#3616,#805);
#544=LINE('',#3618,#806);
#545=LINE('',#3621,#807);
#546=LINE('',#3623,#808);
#547=LINE('',#3625,#809);
#548=LINE('',#3627,#810);
#549=LINE('',#3629,#811);
#550=LINE('',#3631,#812);
#551=LINE('',#3633,#813);
#552=LINE('',#3636,#814);
#553=LINE('',#3638,#815);
#554=LINE('',#3640,#816);
#555=LINE('',#3642,#817);
#556=LINE('',#3644,#818);
#557=LINE('',#3646,#819);
#558=LINE('',#3648,#820);
#559=LINE('',#3651,#821);
#560=LINE('',#3653,#822);
#561=LINE('',#3655,#823);
#562=LINE('',#3657,#824);
#563=LINE('',#3659,#825);
#564=LINE('',#3661,#826);
#565=LINE('',#3664,#827);
#566=LINE('',#3666,#828);
#567=LINE('',#3668,#829);
#568=LINE('',#3670,#830);
#569=LINE('',#3672,#831);
#570=LINE('',#3674,#832);
#571=LINE('',#3677,#833);
#572=LINE('',#3679,#834);
#573=LINE('',#3681,#835);
#574=LINE('',#3683,#836);
#575=LINE('',#3685,#837);
#576=LINE('',#3687,#838);
#577=LINE('',#3689,#839);
#578=LINE('',#3692,#840);
#579=LINE('',#3694,#841);
#580=LINE('',#3696,#842);
#581=LINE('',#3698,#843);
#582=LINE('',#3700,#844);
#583=LINE('',#3702,#845);
#584=LINE('',#3704,#846);
#585=VECTOR('',#2489,1.);
#586=VECTOR('',#2490,10.);
#587=VECTOR('',#2491,1.);
#588=VECTOR('',#2492,10.);
#589=VECTOR('',#2495,1.00000000000064);
#590=VECTOR('',#2496,1.);
#591=VECTOR('',#2497,1.00000000000064);
#592=VECTOR('',#2498,1.);
#593=VECTOR('',#2499,1.00000000000064);
#594=VECTOR('',#2500,1.);
#595=VECTOR('',#2501,1.00000000000064);
#596=VECTOR('',#2504,1.00000000000064);
#597=VECTOR('',#2505,10.);
#598=VECTOR('',#2508,10.);
#599=VECTOR('',#2509,1.);
#600=VECTOR('',#2510,10.);
#601=VECTOR('',#2513,10.);
#602=VECTOR('',#2514,1.00000000000064);
#603=VECTOR('',#2517,10.);
#604=VECTOR('',#2518,1.);
#605=VECTOR('',#2519,1.);
#606=VECTOR('',#2520,1.);
#607=VECTOR('',#2521,1.);
#608=VECTOR('',#2522,1.);
#609=VECTOR('',#2523,1.);
#610=VECTOR('',#2524,1.);
#611=VECTOR('',#2527,1.);
#612=VECTOR('',#2528,1.);
#613=VECTOR('',#2529,1.);
#614=VECTOR('',#2530,1.);
#615=VECTOR('',#2531,1.);
#616=VECTOR('',#2532,1.);
#617=VECTOR('',#2533,1.);
#618=VECTOR('',#2534,10.);
#619=VECTOR('',#2537,10.);
#620=VECTOR('',#2538,1.00000000000064);
#621=VECTOR('',#2541,1.00000000000064);
#622=VECTOR('',#2542,10.);
#623=VECTOR('',#2545,1.);
#624=VECTOR('',#2548,1.00000000000064);
#625=VECTOR('',#2549,10.);
#626=VECTOR('',#2552,1.00000000000064);
#627=VECTOR('',#2553,1.);
#628=VECTOR('',#2554,1.);
#629=VECTOR('',#2555,1.);
#630=VECTOR('',#2556,1.00000000000064);
#631=VECTOR('',#2557,1.);
#632=VECTOR('',#2558,1.00000000000064);
#633=VECTOR('',#2559,1.);
#634=VECTOR('',#2560,1.);
#635=VECTOR('',#2561,1.);
#636=VECTOR('',#2564,10.);
#637=VECTOR('',#2567,10.);
#638=VECTOR('',#2568,1.);
#639=VECTOR('',#2569,1.);
#640=VECTOR('',#2572,1.);
#641=VECTOR('',#2573,1.);
#642=VECTOR('',#2574,1.);
#643=VECTOR('',#2577,1.);
#644=VECTOR('',#2578,1.);
#645=VECTOR('',#2579,1.);
#646=VECTOR('',#2582,1.);
#647=VECTOR('',#2583,1.);
#648=VECTOR('',#2584,1.);
#649=VECTOR('',#2587,1.);
#650=VECTOR('',#2588,1.);
#651=VECTOR('',#2589,1.);
#652=VECTOR('',#2592,1.);
#653=VECTOR('',#2593,1.);
#654=VECTOR('',#2594,1.);
#655=VECTOR('',#2597,1.);
#656=VECTOR('',#2600,1.);
#657=VECTOR('',#2603,1.);
#658=VECTOR('',#2604,1.);
#659=VECTOR('',#2605,1.);
#660=VECTOR('',#2608,1.);
#661=VECTOR('',#2609,1.);
#662=VECTOR('',#2610,1.);
#663=VECTOR('',#2613,1.);
#664=VECTOR('',#2614,1.);
#665=VECTOR('',#2615,1.);
#666=VECTOR('',#2618,1.);
#667=VECTOR('',#2619,1.);
#668=VECTOR('',#2620,1.);
#669=VECTOR('',#2623,1.);
#670=VECTOR('',#2624,1.);
#671=VECTOR('',#2625,1.);
#672=VECTOR('',#2628,1.);
#673=VECTOR('',#2629,1.);
#674=VECTOR('',#2630,10.);
#675=VECTOR('',#2633,10.);
#676=VECTOR('',#2634,1.00000000000064);
#677=VECTOR('',#2637,1.00000000000064);
#678=VECTOR('',#2638,10.);
#679=VECTOR('',#2641,1.);
#680=VECTOR('',#2644,1.);
#681=VECTOR('',#2645,1.);
#682=VECTOR('',#2646,1.);
#683=VECTOR('',#2647,1.);
#684=VECTOR('',#2648,1.);
#685=VECTOR('',#2651,1.);
#686=VECTOR('',#2652,10.);
#687=VECTOR('',#2653,1.);
#688=VECTOR('',#2654,10.);
#689=VECTOR('',#2655,1.);
#690=VECTOR('',#2656,1.);
#691=VECTOR('',#2657,1.);
#692=VECTOR('',#2658,1.);
#693=VECTOR('',#2661,1.00000000000064);
#694=VECTOR('',#2662,10.);
#695=VECTOR('',#2665,1.);
#696=VECTOR('',#2666,10.);
#697=VECTOR('',#2669,1.00000000000064);
#698=VECTOR('',#2670,10.);
#699=VECTOR('',#2673,1.);
#700=VECTOR('',#2674,10.);
#701=VECTOR('',#2675,1.);
#702=VECTOR('',#2676,1.);
#703=VECTOR('',#2677,1.);
#704=VECTOR('',#2678,1.);
#705=VECTOR('',#2679,1.);
#706=VECTOR('',#2680,1.);
#707=VECTOR('',#2683,1.);
#708=VECTOR('',#2684,1.);
#709=VECTOR('',#2685,1.);
#710=VECTOR('',#2686,1.);
#711=VECTOR('',#2689,1.);
#712=VECTOR('',#2690,1.00000000000064);
#713=VECTOR('',#2691,1.);
#714=VECTOR('',#2692,1.00000000000064);
#715=VECTOR('',#2693,1.);
#716=VECTOR('',#2696,1.);
#717=VECTOR('',#2699,1.00000000000016);
#718=VECTOR('',#2702,1.);
#719=VECTOR('',#2703,1.);
#720=VECTOR('',#2704,1.);
#721=VECTOR('',#2707,1.00000000000016);
#722=VECTOR('',#2712,1.);
#723=VECTOR('',#2717,1.00000000000016);
#724=VECTOR('',#2720,1.);
#725=VECTOR('',#2721,1.);
#726=VECTOR('',#2722,1.);
#727=VECTOR('',#2725,1.00000000000016);
#728=VECTOR('',#2728,1.);
#729=VECTOR('',#2731,1.);
#730=VECTOR('',#2732,1.);
#731=VECTOR('',#2735,1.);
#732=VECTOR('',#2738,1.00000000000016);
#733=VECTOR('',#2741,1.);
#734=VECTOR('',#2742,1.);
#735=VECTOR('',#2743,1.);
#736=VECTOR('',#2746,1.00000000000016);
#737=VECTOR('',#2751,1.);
#738=VECTOR('',#2756,1.00000000000016);
#739=VECTOR('',#2759,1.);
#740=VECTOR('',#2760,1.);
#741=VECTOR('',#2761,1.);
#742=VECTOR('',#2764,1.00000000000016);
#743=VECTOR('',#2767,1.);
#744=VECTOR('',#2770,1.);
#745=VECTOR('',#2775,1.00000000000016);
#746=VECTOR('',#2778,1.);
#747=VECTOR('',#2779,1.);
#748=VECTOR('',#2780,1.);
#749=VECTOR('',#2783,1.00000000000016);
#750=VECTOR('',#2788,1.);
#751=VECTOR('',#2793,1.00000000000016);
#752=VECTOR('',#2796,1.);
#753=VECTOR('',#2797,1.);
#754=VECTOR('',#2798,1.);
#755=VECTOR('',#2801,1.00000000000016);
#756=VECTOR('',#2808,1.00000000000016);
#757=VECTOR('',#2811,1.);
#758=VECTOR('',#2812,1.);
#759=VECTOR('',#2813,1.);
#760=VECTOR('',#2816,1.00000000000016);
#761=VECTOR('',#2821,1.);
#762=VECTOR('',#2826,1.00000000000016);
#763=VECTOR('',#2829,1.);
#764=VECTOR('',#2830,1.);
#765=VECTOR('',#2831,1.);
#766=VECTOR('',#2834,1.00000000000016);
#767=VECTOR('',#2839,1.);
#768=VECTOR('',#2842,1.);
#769=VECTOR('',#2845,1.00000000000016);
#770=VECTOR('',#2848,1.);
#771=VECTOR('',#2849,1.);
#772=VECTOR('',#2850,1.);
#773=VECTOR('',#2853,1.00000000000016);
#774=VECTOR('',#2858,1.);
#775=VECTOR('',#2863,1.00000000000016);
#776=VECTOR('',#2866,1.);
#777=VECTOR('',#2867,1.);
#778=VECTOR('',#2868,1.);
#779=VECTOR('',#2871,1.00000000000016);
#780=VECTOR('',#2874,1.);
#781=VECTOR('',#2877,1.);
#782=VECTOR('',#2878,1.);
#783=VECTOR('',#2881,1.);
#784=VECTOR('',#2884,1.00000000000016);
#785=VECTOR('',#2887,1.);
#786=VECTOR('',#2888,1.);
#787=VECTOR('',#2889,1.);
#788=VECTOR('',#2892,1.00000000000016);
#789=VECTOR('',#2897,1.);
#790=VECTOR('',#2902,1.00000000000016);
#791=VECTOR('',#2905,1.);
#792=VECTOR('',#2906,1.);
#793=VECTOR('',#2907,1.);
#794=VECTOR('',#2910,1.00000000000016);
#795=VECTOR('',#2913,1.);
#796=VECTOR('',#2916,1.);
#797=VECTOR('',#2919,1.);
#798=VECTOR('',#2922,1.);
#799=VECTOR('',#2925,1.00000000000064);
#800=VECTOR('',#2926,1.);
#801=VECTOR('',#2927,1.00000000000064);
#802=VECTOR('',#2932,10.);
#803=VECTOR('',#2935,1.);
#804=VECTOR('',#2938,1.);
#805=VECTOR('',#2941,10.);
#806=VECTOR('',#2944,1.);
#807=VECTOR('',#2949,1.);
#808=VECTOR('',#2952,1.);
#809=VECTOR('',#2955,1.);
#810=VECTOR('',#2958,1.);
#811=VECTOR('',#2961,1.);
#812=VECTOR('',#2964,1.);
#813=VECTOR('',#2967,1.);
#814=VECTOR('',#2972,1.);
#815=VECTOR('',#2975,1.);
#816=VECTOR('',#2978,1.);
#817=VECTOR('',#2981,1.);
#818=VECTOR('',#2984,1.);
#819=VECTOR('',#2987,1.);
#820=VECTOR('',#2990,1.);
#821=VECTOR('',#2995,1.);
#822=VECTOR('',#2998,1.);
#823=VECTOR('',#3001,1.);
#824=VECTOR('',#3004,1.);
#825=VECTOR('',#3007,1.);
#826=VECTOR('',#3010,1.);
#827=VECTOR('',#3015,1.);
#828=VECTOR('',#3018,1.);
#829=VECTOR('',#3021,1.);
#830=VECTOR('',#3024,1.);
#831=VECTOR('',#3027,1.);
#832=VECTOR('',#3030,1.);
#833=VECTOR('',#3035,1.);
#834=VECTOR('',#3038,1.);
#835=VECTOR('',#3041,1.);
#836=VECTOR('',#3044,1.);
#837=VECTOR('',#3047,1.);
#838=VECTOR('',#3050,1.);
#839=VECTOR('',#3053,1.);
#840=VECTOR('',#3058,1.);
#841=VECTOR('',#3061,1.);
#842=VECTOR('',#3064,1.);
#843=VECTOR('',#3067,1.);
#844=VECTOR('',#3070,1.);
#845=VECTOR('',#3073,1.);
#846=VECTOR('',#3076,1.);
#847=VERTEX_POINT('',#3083);
#848=VERTEX_POINT('',#3084);
#849=VERTEX_POINT('',#3086);
#850=VERTEX_POINT('',#3088);
#851=VERTEX_POINT('',#3092);
#852=VERTEX_POINT('',#3094);
#853=VERTEX_POINT('',#3096);
#854=VERTEX_POINT('',#3098);
#855=VERTEX_POINT('',#3100);
#856=VERTEX_POINT('',#3102);
#857=VERTEX_POINT('',#3106);
#858=VERTEX_POINT('',#3110);
#859=VERTEX_POINT('',#3112);
#860=VERTEX_POINT('',#3116);
#861=VERTEX_POINT('',#3120);
#862=VERTEX_POINT('',#3122);
#863=VERTEX_POINT('',#3124);
#864=VERTEX_POINT('',#3126);
#865=VERTEX_POINT('',#3128);
#866=VERTEX_POINT('',#3130);
#867=VERTEX_POINT('',#3132);
#868=VERTEX_POINT('',#3136);
#869=VERTEX_POINT('',#3138);
#870=VERTEX_POINT('',#3140);
#871=VERTEX_POINT('',#3142);
#872=VERTEX_POINT('',#3144);
#873=VERTEX_POINT('',#3146);
#874=VERTEX_POINT('',#3148);
#875=VERTEX_POINT('',#3152);
#876=VERTEX_POINT('',#3156);
#877=VERTEX_POINT('',#3162);
#878=VERTEX_POINT('',#3166);
#879=VERTEX_POINT('',#3168);
#880=VERTEX_POINT('',#3170);
#881=VERTEX_POINT('',#3172);
#882=VERTEX_POINT('',#3174);
#883=VERTEX_POINT('',#3176);
#884=VERTEX_POINT('',#3178);
#885=VERTEX_POINT('',#3180);
#886=VERTEX_POINT('',#3182);
#887=VERTEX_POINT('',#3188);
#888=VERTEX_POINT('',#3190);
#889=VERTEX_POINT('',#3194);
#890=VERTEX_POINT('',#3196);
#891=VERTEX_POINT('',#3200);
#892=VERTEX_POINT('',#3202);
#893=VERTEX_POINT('',#3206);
#894=VERTEX_POINT('',#3208);
#895=VERTEX_POINT('',#3212);
#896=VERTEX_POINT('',#3214);
#897=VERTEX_POINT('',#3218);
#898=VERTEX_POINT('',#3220);
#899=VERTEX_POINT('',#3228);
#900=VERTEX_POINT('',#3230);
#901=VERTEX_POINT('',#3234);
#902=VERTEX_POINT('',#3236);
#903=VERTEX_POINT('',#3240);
#904=VERTEX_POINT('',#3242);
#905=VERTEX_POINT('',#3246);
#906=VERTEX_POINT('',#3248);
#907=VERTEX_POINT('',#3252);
#908=VERTEX_POINT('',#3254);
#909=VERTEX_POINT('',#3258);
#910=VERTEX_POINT('',#3260);
#911=VERTEX_POINT('',#3264);
#912=VERTEX_POINT('',#3268);
#913=VERTEX_POINT('',#3274);
#914=VERTEX_POINT('',#3276);
#915=VERTEX_POINT('',#3279);
#916=VERTEX_POINT('',#3283);
#917=VERTEX_POINT('',#3284);
#918=VERTEX_POINT('',#3286);
#919=VERTEX_POINT('',#3288);
#920=VERTEX_POINT('',#3291);
#921=VERTEX_POINT('',#3293);
#922=VERTEX_POINT('',#3295);
#923=VERTEX_POINT('',#3299);
#924=VERTEX_POINT('',#3303);
#925=VERTEX_POINT('',#3307);
#926=VERTEX_POINT('',#3311);
#927=VERTEX_POINT('',#3313);
#928=VERTEX_POINT('',#3315);
#929=VERTEX_POINT('',#3317);
#930=VERTEX_POINT('',#3319);
#931=VERTEX_POINT('',#3321);
#932=VERTEX_POINT('',#3323);
#933=VERTEX_POINT('',#3327);
#934=VERTEX_POINT('',#3330);
#935=VERTEX_POINT('',#3335);
#936=VERTEX_POINT('',#3337);
#937=VERTEX_POINT('',#3342);
#938=VERTEX_POINT('',#3344);
#939=VERTEX_POINT('',#3346);
#940=VERTEX_POINT('',#3348);
#941=VERTEX_POINT('',#3350);
#942=VERTEX_POINT('',#3352);
#943=VERTEX_POINT('',#3354);
#944=VERTEX_POINT('',#3356);
#945=VERTEX_POINT('',#3358);
#946=VERTEX_POINT('',#3362);
#947=VERTEX_POINT('',#3366);
#948=VERTEX_POINT('',#3368);
#949=VERTEX_POINT('',#3370);
#950=VERTEX_POINT('',#3372);
#951=VERTEX_POINT('',#3374);
#952=VERTEX_POINT('',#3376);
#953=VERTEX_POINT('',#3378);
#954=VERTEX_POINT('',#3380);
#955=VERTEX_POINT('',#3387);
#956=VERTEX_POINT('',#3389);
#957=VERTEX_POINT('',#3391);
#958=VERTEX_POINT('',#3393);
#959=VERTEX_POINT('',#3395);
#960=VERTEX_POINT('',#3397);
#961=VERTEX_POINT('',#3399);
#962=VERTEX_POINT('',#3401);
#963=VERTEX_POINT('',#3403);
#964=VERTEX_POINT('',#3407);
#965=VERTEX_POINT('',#3411);
#966=VERTEX_POINT('',#3413);
#967=VERTEX_POINT('',#3415);
#968=VERTEX_POINT('',#3417);
#969=VERTEX_POINT('',#3419);
#970=VERTEX_POINT('',#3421);
#971=VERTEX_POINT('',#3423);
#972=VERTEX_POINT('',#3425);
#973=VERTEX_POINT('',#3431);
#974=VERTEX_POINT('',#3433);
#975=VERTEX_POINT('',#3435);
#976=VERTEX_POINT('',#3437);
#977=VERTEX_POINT('',#3439);
#978=VERTEX_POINT('',#3441);
#979=VERTEX_POINT('',#3443);
#980=VERTEX_POINT('',#3445);
#981=VERTEX_POINT('',#3449);
#982=VERTEX_POINT('',#3453);
#983=VERTEX_POINT('',#3455);
#984=VERTEX_POINT('',#3457);
#985=VERTEX_POINT('',#3459);
#986=VERTEX_POINT('',#3461);
#987=VERTEX_POINT('',#3463);
#988=VERTEX_POINT('',#3465);
#989=VERTEX_POINT('',#3469);
#990=VERTEX_POINT('',#3471);
#991=VERTEX_POINT('',#3473);
#992=VERTEX_POINT('',#3475);
#993=VERTEX_POINT('',#3477);
#994=VERTEX_POINT('',#3479);
#995=VERTEX_POINT('',#3481);
#996=VERTEX_POINT('',#3483);
#997=VERTEX_POINT('',#3487);
#998=VERTEX_POINT('',#3491);
#999=VERTEX_POINT('',#3493);
#1000=VERTEX_POINT('',#3495);
#1001=VERTEX_POINT('',#3497);
#1002=VERTEX_POINT('',#3499);
#1003=VERTEX_POINT('',#3501);
#1004=VERTEX_POINT('',#3503);
#1005=VERTEX_POINT('',#3509);
#1006=VERTEX_POINT('',#3511);
#1007=VERTEX_POINT('',#3513);
#1008=VERTEX_POINT('',#3515);
#1009=VERTEX_POINT('',#3517);
#1010=VERTEX_POINT('',#3519);
#1011=VERTEX_POINT('',#3521);
#1012=VERTEX_POINT('',#3523);
#1013=VERTEX_POINT('',#3525);
#1014=VERTEX_POINT('',#3529);
#1015=VERTEX_POINT('',#3533);
#1016=VERTEX_POINT('',#3535);
#1017=VERTEX_POINT('',#3537);
#1018=VERTEX_POINT('',#3539);
#1019=VERTEX_POINT('',#3541);
#1020=VERTEX_POINT('',#3543);
#1021=VERTEX_POINT('',#3545);
#1022=VERTEX_POINT('',#3547);
#1023=VERTEX_POINT('',#3554);
#1024=VERTEX_POINT('',#3556);
#1025=VERTEX_POINT('',#3558);
#1026=VERTEX_POINT('',#3560);
#1027=VERTEX_POINT('',#3562);
#1028=VERTEX_POINT('',#3564);
#1029=VERTEX_POINT('',#3566);
#1030=VERTEX_POINT('',#3568);
#1031=VERTEX_POINT('',#3570);
#1032=VERTEX_POINT('',#3574);
#1033=VERTEX_POINT('',#3578);
#1034=VERTEX_POINT('',#3580);
#1035=VERTEX_POINT('',#3582);
#1036=VERTEX_POINT('',#3584);
#1037=VERTEX_POINT('',#3586);
#1038=VERTEX_POINT('',#3588);
#1039=VERTEX_POINT('',#3590);
#1040=VERTEX_POINT('',#3592);
#1041=VERTEX_POINT('',#3602);
#1042=VERTEX_POINT('',#3604);
#1043=VERTEX_POINT('',#3607);
#1044=EDGE_CURVE('',#847,#848,#323,.T.);
#1045=EDGE_CURVE('',#847,#849,#324,.T.);
#1046=EDGE_CURVE('',#849,#850,#325,.T.);
#1047=EDGE_CURVE('',#848,#850,#326,.T.);
#1048=EDGE_CURVE('',#848,#851,#327,.T.);
#1049=EDGE_CURVE('',#851,#852,#328,.T.);
#1050=EDGE_CURVE('',#852,#853,#329,.T.);
#1051=EDGE_CURVE('',#853,#854,#330,.T.);
#1052=EDGE_CURVE('',#854,#855,#331,.T.);
#1053=EDGE_CURVE('',#855,#856,#332,.T.);
#1054=EDGE_CURVE('',#856,#847,#333,.T.);
#1055=EDGE_CURVE('',#850,#857,#334,.T.);
#1056=EDGE_CURVE('',#851,#857,#335,.T.);
#1057=EDGE_CURVE('',#849,#858,#336,.T.);
#1058=EDGE_CURVE('',#858,#859,#337,.T.);
#1059=EDGE_CURVE('',#850,#859,#338,.T.);
#1060=EDGE_CURVE('',#856,#860,#339,.T.);
#1061=EDGE_CURVE('',#860,#849,#340,.T.);
#1062=EDGE_CURVE('',#855,#861,#341,.T.);
#1063=EDGE_CURVE('',#861,#862,#342,.T.);
#1064=EDGE_CURVE('',#862,#863,#343,.T.);
#1065=EDGE_CURVE('',#863,#864,#344,.T.);
#1066=EDGE_CURVE('',#864,#865,#345,.T.);
#1067=EDGE_CURVE('',#865,#866,#346,.T.);
#1068=EDGE_CURVE('',#866,#867,#347,.T.);
#1069=EDGE_CURVE('',#867,#860,#348,.T.);
#1070=EDGE_CURVE('',#857,#868,#349,.T.);
#1071=EDGE_CURVE('',#868,#869,#350,.T.);
#1072=EDGE_CURVE('',#869,#870,#351,.T.);
#1073=EDGE_CURVE('',#870,#871,#352,.T.);
#1074=EDGE_CURVE('',#871,#872,#353,.T.);
#1075=EDGE_CURVE('',#872,#873,#354,.T.);
#1076=EDGE_CURVE('',#873,#874,#355,.T.);
#1077=EDGE_CURVE('',#852,#874,#356,.T.);
#1078=EDGE_CURVE('',#854,#875,#357,.T.);
#1079=EDGE_CURVE('',#875,#861,#358,.T.);
#1080=EDGE_CURVE('',#874,#876,#359,.T.);
#1081=EDGE_CURVE('',#853,#876,#360,.T.);
#1082=EDGE_CURVE('',#876,#875,#361,.T.);
#1083=EDGE_CURVE('',#859,#877,#362,.T.);
#1084=EDGE_CURVE('',#857,#877,#363,.T.);
#1085=EDGE_CURVE('',#878,#858,#364,.T.);
#1086=EDGE_CURVE('',#879,#878,#365,.T.);
#1087=EDGE_CURVE('',#879,#880,#366,.T.);
#1088=EDGE_CURVE('',#880,#881,#367,.T.);
#1089=EDGE_CURVE('',#881,#882,#368,.T.);
#1090=EDGE_CURVE('',#882,#883,#369,.T.);
#1091=EDGE_CURVE('',#883,#884,#370,.T.);
#1092=EDGE_CURVE('',#884,#885,#371,.T.);
#1093=EDGE_CURVE('',#886,#885,#372,.T.);
#1094=EDGE_CURVE('',#877,#886,#373,.T.);
#1095=EDGE_CURVE('',#860,#878,#374,.T.);
#1096=EDGE_CURVE('',#861,#887,#375,.T.);
#1097=EDGE_CURVE('',#887,#888,#376,.T.);
#1098=EDGE_CURVE('',#862,#888,#377,.T.);
#1099=EDGE_CURVE('',#862,#889,#378,.T.);
#1100=EDGE_CURVE('',#889,#890,#379,.T.);
#1101=EDGE_CURVE('',#863,#890,#380,.T.);
#1102=EDGE_CURVE('',#863,#891,#381,.T.);
#1103=EDGE_CURVE('',#891,#892,#382,.T.);
#1104=EDGE_CURVE('',#864,#892,#383,.T.);
#1105=EDGE_CURVE('',#864,#893,#384,.T.);
#1106=EDGE_CURVE('',#893,#894,#385,.T.);
#1107=EDGE_CURVE('',#865,#894,#386,.T.);
#1108=EDGE_CURVE('',#865,#895,#387,.T.);
#1109=EDGE_CURVE('',#895,#896,#388,.T.);
#1110=EDGE_CURVE('',#866,#896,#389,.T.);
#1111=EDGE_CURVE('',#866,#897,#390,.T.);
#1112=EDGE_CURVE('',#897,#898,#391,.T.);
#1113=EDGE_CURVE('',#867,#898,#392,.T.);
#1114=EDGE_CURVE('',#867,#879,#393,.T.);
#1115=EDGE_CURVE('',#868,#886,#394,.T.);
#1116=EDGE_CURVE('',#868,#899,#395,.T.);
#1117=EDGE_CURVE('',#899,#900,#396,.T.);
#1118=EDGE_CURVE('',#869,#900,#397,.T.);
#1119=EDGE_CURVE('',#869,#901,#398,.T.);
#1120=EDGE_CURVE('',#901,#902,#399,.T.);
#1121=EDGE_CURVE('',#870,#902,#400,.T.);
#1122=EDGE_CURVE('',#870,#903,#401,.T.);
#1123=EDGE_CURVE('',#903,#904,#402,.T.);
#1124=EDGE_CURVE('',#871,#904,#403,.T.);
#1125=EDGE_CURVE('',#871,#905,#404,.T.);
#1126=EDGE_CURVE('',#905,#906,#405,.T.);
#1127=EDGE_CURVE('',#872,#906,#406,.T.);
#1128=EDGE_CURVE('',#872,#907,#407,.T.);
#1129=EDGE_CURVE('',#907,#908,#408,.T.);
#1130=EDGE_CURVE('',#873,#908,#409,.T.);
#1131=EDGE_CURVE('',#873,#909,#410,.T.);
#1132=EDGE_CURVE('',#909,#910,#411,.T.);
#1133=EDGE_CURVE('',#874,#910,#412,.T.);
#1134=EDGE_CURVE('',#875,#911,#413,.T.);
#1135=EDGE_CURVE('',#911,#887,#414,.T.);
#1136=EDGE_CURVE('',#910,#912,#415,.T.);
#1137=EDGE_CURVE('',#876,#912,#416,.T.);
#1138=EDGE_CURVE('',#912,#911,#417,.T.);
#1139=EDGE_CURVE('',#913,#896,#418,.T.);
#1140=EDGE_CURVE('',#896,#914,#419,.T.);
#1141=EDGE_CURVE('',#914,#880,#420,.T.);
#1142=EDGE_CURVE('',#915,#879,#421,.T.);
#1143=EDGE_CURVE('',#913,#915,#422,.T.);
#1144=EDGE_CURVE('',#916,#917,#423,.T.);
#1145=EDGE_CURVE('',#916,#918,#424,.T.);
#1146=EDGE_CURVE('',#918,#919,#425,.T.);
#1147=EDGE_CURVE('',#881,#919,#426,.T.);
#1148=EDGE_CURVE('',#920,#914,#427,.T.);
#1149=EDGE_CURVE('',#921,#920,#428,.T.);
#1150=EDGE_CURVE('',#922,#921,#429,.T.);
#1151=EDGE_CURVE('',#917,#922,#430,.T.);
#1152=EDGE_CURVE('',#919,#923,#431,.T.);
#1153=EDGE_CURVE('',#882,#923,#432,.T.);
#1154=EDGE_CURVE('',#923,#924,#433,.T.);
#1155=EDGE_CURVE('',#883,#924,#434,.T.);
#1156=EDGE_CURVE('',#924,#925,#435,.T.);
#1157=EDGE_CURVE('',#884,#925,#436,.T.);
#1158=EDGE_CURVE('',#925,#926,#437,.T.);
#1159=EDGE_CURVE('',#927,#926,#438,.T.);
#1160=EDGE_CURVE('',#928,#927,#439,.T.);
#1161=EDGE_CURVE('',#929,#928,#440,.T.);
#1162=EDGE_CURVE('',#930,#929,#441,.T.);
#1163=EDGE_CURVE('',#931,#930,#442,.T.);
#1164=EDGE_CURVE('',#932,#931,#443,.T.);
#1165=EDGE_CURVE('',#885,#932,#444,.T.);
#1166=EDGE_CURVE('',#933,#886,#445,.T.);
#1167=EDGE_CURVE('',#901,#932,#446,.T.);
#1168=EDGE_CURVE('',#934,#901,#447,.T.);
#1169=EDGE_CURVE('',#933,#934,#448,.T.);
#1170=EDGE_CURVE('',#909,#928,#449,.T.);
#1171=EDGE_CURVE('',#927,#935,#450,.T.);
#1172=EDGE_CURVE('',#935,#936,#451,.T.);
#1173=EDGE_CURVE('',#936,#916,#452,.T.);
#1174=EDGE_CURVE('',#888,#917,#453,.T.);
#1175=EDGE_CURVE('',#937,#888,#454,.T.);
#1176=EDGE_CURVE('',#938,#937,#39,.T.);
#1177=EDGE_CURVE('',#939,#938,#455,.T.);
#1178=EDGE_CURVE('',#940,#939,#40,.T.);
#1179=EDGE_CURVE('',#941,#940,#456,.T.);
#1180=EDGE_CURVE('',#942,#941,#457,.T.);
#1181=EDGE_CURVE('',#943,#942,#458,.T.);
#1182=EDGE_CURVE('',#944,#943,#41,.T.);
#1183=EDGE_CURVE('',#945,#944,#459,.T.);
#1184=EDGE_CURVE('',#889,#945,#42,.T.);
#1185=EDGE_CURVE('',#945,#946,#460,.T.);
#1186=EDGE_CURVE('',#890,#946,#43,.T.);
#1187=EDGE_CURVE('',#946,#947,#461,.T.);
#1188=EDGE_CURVE('',#947,#948,#44,.T.);
#1189=EDGE_CURVE('',#948,#949,#462,.T.);
#1190=EDGE_CURVE('',#949,#950,#463,.T.);
#1191=EDGE_CURVE('',#950,#951,#464,.T.);
#1192=EDGE_CURVE('',#951,#952,#45,.T.);
#1193=EDGE_CURVE('',#952,#953,#465,.T.);
#1194=EDGE_CURVE('',#953,#954,#46,.T.);
#1195=EDGE_CURVE('',#954,#891,#466,.T.);
#1196=EDGE_CURVE('',#891,#922,#467,.T.);
#1197=EDGE_CURVE('',#892,#921,#468,.T.);
#1198=EDGE_CURVE('',#955,#892,#469,.T.);
#1199=EDGE_CURVE('',#956,#955,#47,.T.);
#1200=EDGE_CURVE('',#957,#956,#470,.T.);
#1201=EDGE_CURVE('',#958,#957,#48,.T.);
#1202=EDGE_CURVE('',#959,#958,#471,.T.);
#1203=EDGE_CURVE('',#960,#959,#472,.T.);
#1204=EDGE_CURVE('',#961,#960,#473,.T.);
#1205=EDGE_CURVE('',#962,#961,#49,.T.);
#1206=EDGE_CURVE('',#963,#962,#474,.T.);
#1207=EDGE_CURVE('',#893,#963,#50,.T.);
#1208=EDGE_CURVE('',#963,#964,#475,.T.);
#1209=EDGE_CURVE('',#894,#964,#51,.T.);
#1210=EDGE_CURVE('',#964,#965,#476,.T.);
#1211=EDGE_CURVE('',#965,#966,#52,.T.);
#1212=EDGE_CURVE('',#966,#967,#477,.T.);
#1213=EDGE_CURVE('',#967,#968,#478,.T.);
#1214=EDGE_CURVE('',#968,#969,#479,.T.);
#1215=EDGE_CURVE('',#969,#970,#53,.T.);
#1216=EDGE_CURVE('',#970,#971,#480,.T.);
#1217=EDGE_CURVE('',#971,#972,#54,.T.);
#1218=EDGE_CURVE('',#972,#895,#481,.T.);
#1219=EDGE_CURVE('',#895,#920,#482,.T.);
#1220=EDGE_CURVE('',#973,#913,#55,.T.);
#1221=EDGE_CURVE('',#974,#973,#483,.T.);
#1222=EDGE_CURVE('',#975,#974,#56,.T.);
#1223=EDGE_CURVE('',#976,#975,#484,.T.);
#1224=EDGE_CURVE('',#977,#976,#485,.T.);
#1225=EDGE_CURVE('',#978,#977,#486,.T.);
#1226=EDGE_CURVE('',#979,#978,#57,.T.);
#1227=EDGE_CURVE('',#980,#979,#487,.T.);
#1228=EDGE_CURVE('',#897,#980,#58,.T.);
#1229=EDGE_CURVE('',#980,#981,#488,.T.);
#1230=EDGE_CURVE('',#898,#981,#59,.T.);
#1231=EDGE_CURVE('',#981,#982,#489,.T.);
#1232=EDGE_CURVE('',#982,#983,#60,.T.);
#1233=EDGE_CURVE('',#983,#984,#490,.T.);
#1234=EDGE_CURVE('',#984,#985,#491,.T.);
#1235=EDGE_CURVE('',#985,#986,#492,.T.);
#1236=EDGE_CURVE('',#986,#987,#61,.T.);
#1237=EDGE_CURVE('',#987,#988,#493,.T.);
#1238=EDGE_CURVE('',#988,#915,#62,.T.);
#1239=EDGE_CURVE('',#989,#933,#63,.T.);
#1240=EDGE_CURVE('',#990,#989,#494,.T.);
#1241=EDGE_CURVE('',#991,#990,#64,.T.);
#1242=EDGE_CURVE('',#992,#991,#495,.T.);
#1243=EDGE_CURVE('',#993,#992,#496,.T.);
#1244=EDGE_CURVE('',#994,#993,#497,.T.);
#1245=EDGE_CURVE('',#995,#994,#65,.T.);
#1246=EDGE_CURVE('',#996,#995,#498,.T.);
#1247=EDGE_CURVE('',#899,#996,#66,.T.);
#1248=EDGE_CURVE('',#996,#997,#499,.T.);
#1249=EDGE_CURVE('',#900,#997,#67,.T.);
#1250=EDGE_CURVE('',#997,#998,#500,.T.);
#1251=EDGE_CURVE('',#998,#999,#68,.T.);
#1252=EDGE_CURVE('',#999,#1000,#501,.T.);
#1253=EDGE_CURVE('',#1000,#1001,#502,.T.);
#1254=EDGE_CURVE('',#1001,#1002,#503,.T.);
#1255=EDGE_CURVE('',#1002,#1003,#69,.T.);
#1256=EDGE_CURVE('',#1003,#1004,#504,.T.);
#1257=EDGE_CURVE('',#1004,#934,#70,.T.);
#1258=EDGE_CURVE('',#902,#931,#505,.T.);
#1259=EDGE_CURVE('',#1005,#902,#506,.T.);
#1260=EDGE_CURVE('',#1006,#1005,#71,.T.);
#1261=EDGE_CURVE('',#1007,#1006,#507,.T.);
#1262=EDGE_CURVE('',#1008,#1007,#72,.T.);
#1263=EDGE_CURVE('',#1009,#1008,#508,.T.);
#1264=EDGE_CURVE('',#1010,#1009,#509,.T.);
#1265=EDGE_CURVE('',#1011,#1010,#510,.T.);
#1266=EDGE_CURVE('',#1012,#1011,#73,.T.);
#1267=EDGE_CURVE('',#1013,#1012,#511,.T.);
#1268=EDGE_CURVE('',#903,#1013,#74,.T.);
#1269=EDGE_CURVE('',#1013,#1014,#512,.T.);
#1270=EDGE_CURVE('',#904,#1014,#75,.T.);
#1271=EDGE_CURVE('',#1014,#1015,#513,.T.);
#1272=EDGE_CURVE('',#1015,#1016,#76,.T.);
#1273=EDGE_CURVE('',#1016,#1017,#514,.T.);
#1274=EDGE_CURVE('',#1017,#1018,#515,.T.);
#1275=EDGE_CURVE('',#1018,#1019,#516,.T.);
#1276=EDGE_CURVE('',#1019,#1020,#77,.T.);
#1277=EDGE_CURVE('',#1020,#1021,#517,.T.);
#1278=EDGE_CURVE('',#1021,#1022,#78,.T.);
#1279=EDGE_CURVE('',#1022,#905,#518,.T.);
#1280=EDGE_CURVE('',#905,#930,#519,.T.);
#1281=EDGE_CURVE('',#906,#929,#520,.T.);
#1282=EDGE_CURVE('',#1023,#906,#521,.T.);
#1283=EDGE_CURVE('',#1024,#1023,#79,.T.);
#1284=EDGE_CURVE('',#1025,#1024,#522,.T.);
#1285=EDGE_CURVE('',#1026,#1025,#80,.T.);
#1286=EDGE_CURVE('',#1027,#1026,#523,.T.);
#1287=EDGE_CURVE('',#1028,#1027,#524,.T.);
#1288=EDGE_CURVE('',#1029,#1028,#525,.T.);
#1289=EDGE_CURVE('',#1030,#1029,#81,.T.);
#1290=EDGE_CURVE('',#1031,#1030,#526,.T.);
#1291=EDGE_CURVE('',#907,#1031,#82,.T.);
#1292=EDGE_CURVE('',#1031,#1032,#527,.T.);
#1293=EDGE_CURVE('',#908,#1032,#83,.T.);
#1294=EDGE_CURVE('',#1032,#1033,#528,.T.);
#1295=EDGE_CURVE('',#1033,#1034,#84,.T.);
#1296=EDGE_CURVE('',#1034,#1035,#529,.T.);
#1297=EDGE_CURVE('',#1035,#1036,#530,.T.);
#1298=EDGE_CURVE('',#1036,#1037,#531,.T.);
#1299=EDGE_CURVE('',#1037,#1038,#85,.T.);
#1300=EDGE_CURVE('',#1038,#1039,#532,.T.);
#1301=EDGE_CURVE('',#1039,#1040,#86,.T.);
#1302=EDGE_CURVE('',#1040,#909,#533,.T.);
#1303=EDGE_CURVE('',#973,#988,#534,.T.);
#1304=EDGE_CURVE('',#937,#954,#535,.T.);
#1305=EDGE_CURVE('',#955,#972,#536,.T.);
#1306=EDGE_CURVE('',#1041,#918,#537,.T.);
#1307=EDGE_CURVE('',#1042,#1041,#538,.T.);
#1308=EDGE_CURVE('',#926,#1042,#539,.T.);
#1309=EDGE_CURVE('',#1043,#1043,#87,.T.);
#1310=EDGE_CURVE('',#936,#1041,#540,.T.);
#1311=EDGE_CURVE('',#1005,#1022,#541,.T.);
#1312=EDGE_CURVE('',#1023,#1040,#542,.T.);
#1313=EDGE_CURVE('',#935,#1042,#543,.T.);
#1314=EDGE_CURVE('',#989,#1004,#544,.T.);
#1315=EDGE_CURVE('',#938,#953,#545,.T.);
#1316=EDGE_CURVE('',#939,#952,#546,.T.);
#1317=EDGE_CURVE('',#940,#951,#547,.T.);
#1318=EDGE_CURVE('',#941,#950,#548,.T.);
#1319=EDGE_CURVE('',#942,#949,#549,.T.);
#1320=EDGE_CURVE('',#943,#948,#550,.T.);
#1321=EDGE_CURVE('',#944,#947,#551,.T.);
#1322=EDGE_CURVE('',#956,#971,#552,.T.);
#1323=EDGE_CURVE('',#957,#970,#553,.T.);
#1324=EDGE_CURVE('',#958,#969,#554,.T.);
#1325=EDGE_CURVE('',#959,#968,#555,.T.);
#1326=EDGE_CURVE('',#960,#967,#556,.T.);
#1327=EDGE_CURVE('',#961,#966,#557,.T.);
#1328=EDGE_CURVE('',#962,#965,#558,.T.);
#1329=EDGE_CURVE('',#974,#987,#559,.T.);
#1330=EDGE_CURVE('',#975,#986,#560,.T.);
#1331=EDGE_CURVE('',#976,#985,#561,.T.);
#1332=EDGE_CURVE('',#977,#984,#562,.T.);
#1333=EDGE_CURVE('',#978,#983,#563,.T.);
#1334=EDGE_CURVE('',#979,#982,#564,.T.);
#1335=EDGE_CURVE('',#990,#1003,#565,.T.);
#1336=EDGE_CURVE('',#991,#1002,#566,.T.);
#1337=EDGE_CURVE('',#992,#1001,#567,.T.);
#1338=EDGE_CURVE('',#993,#1000,#568,.T.);
#1339=EDGE_CURVE('',#994,#999,#569,.T.);
#1340=EDGE_CURVE('',#995,#998,#570,.T.);
#1341=EDGE_CURVE('',#1006,#1021,#571,.T.);
#1342=EDGE_CURVE('',#1007,#1020,#572,.T.);
#1343=EDGE_CURVE('',#1008,#1019,#573,.T.);
#1344=EDGE_CURVE('',#1009,#1018,#574,.T.);
#1345=EDGE_CURVE('',#1010,#1017,#575,.T.);
#1346=EDGE_CURVE('',#1011,#1016,#576,.T.);
#1347=EDGE_CURVE('',#1012,#1015,#577,.T.);
#1348=EDGE_CURVE('',#1024,#1039,#578,.T.);
#1349=EDGE_CURVE('',#1025,#1038,#579,.T.);
#1350=EDGE_CURVE('',#1026,#1037,#580,.T.);
#1351=EDGE_CURVE('',#1027,#1036,#581,.T.);
#1352=EDGE_CURVE('',#1028,#1035,#582,.T.);
#1353=EDGE_CURVE('',#1029,#1034,#583,.T.);
#1354=EDGE_CURVE('',#1030,#1033,#584,.T.);
#1355=ORIENTED_EDGE('',*,*,#1044,.F.);
#1356=ORIENTED_EDGE('',*,*,#1045,.T.);
#1357=ORIENTED_EDGE('',*,*,#1046,.T.);
#1358=ORIENTED_EDGE('',*,*,#1047,.F.);
#1359=ORIENTED_EDGE('',*,*,#1044,.T.);
#1360=ORIENTED_EDGE('',*,*,#1048,.T.);
#1361=ORIENTED_EDGE('',*,*,#1049,.T.);
#1362=ORIENTED_EDGE('',*,*,#1050,.T.);
#1363=ORIENTED_EDGE('',*,*,#1051,.T.);
#1364=ORIENTED_EDGE('',*,*,#1052,.T.);
#1365=ORIENTED_EDGE('',*,*,#1053,.T.);
#1366=ORIENTED_EDGE('',*,*,#1054,.T.);
#1367=ORIENTED_EDGE('',*,*,#1048,.F.);
#1368=ORIENTED_EDGE('',*,*,#1047,.T.);
#1369=ORIENTED_EDGE('',*,*,#1055,.T.);
#1370=ORIENTED_EDGE('',*,*,#1056,.F.);
#1371=ORIENTED_EDGE('',*,*,#1046,.F.);
#1372=ORIENTED_EDGE('',*,*,#1057,.T.);
#1373=ORIENTED_EDGE('',*,*,#1058,.T.);
#1374=ORIENTED_EDGE('',*,*,#1059,.F.);
#1375=ORIENTED_EDGE('',*,*,#1054,.F.);
#1376=ORIENTED_EDGE('',*,*,#1060,.T.);
#1377=ORIENTED_EDGE('',*,*,#1061,.T.);
#1378=ORIENTED_EDGE('',*,*,#1045,.F.);
#1379=ORIENTED_EDGE('',*,*,#1053,.F.);
#1380=ORIENTED_EDGE('',*,*,#1062,.T.);
#1381=ORIENTED_EDGE('',*,*,#1063,.T.);
#1382=ORIENTED_EDGE('',*,*,#1064,.T.);
#1383=ORIENTED_EDGE('',*,*,#1065,.T.);
#1384=ORIENTED_EDGE('',*,*,#1066,.T.);
#1385=ORIENTED_EDGE('',*,*,#1067,.T.);
#1386=ORIENTED_EDGE('',*,*,#1068,.T.);
#1387=ORIENTED_EDGE('',*,*,#1069,.T.);
#1388=ORIENTED_EDGE('',*,*,#1060,.F.);
#1389=ORIENTED_EDGE('',*,*,#1049,.F.);
#1390=ORIENTED_EDGE('',*,*,#1056,.T.);
#1391=ORIENTED_EDGE('',*,*,#1070,.T.);
#1392=ORIENTED_EDGE('',*,*,#1071,.T.);
#1393=ORIENTED_EDGE('',*,*,#1072,.T.);
#1394=ORIENTED_EDGE('',*,*,#1073,.T.);
#1395=ORIENTED_EDGE('',*,*,#1074,.T.);
#1396=ORIENTED_EDGE('',*,*,#1075,.T.);
#1397=ORIENTED_EDGE('',*,*,#1076,.T.);
#1398=ORIENTED_EDGE('',*,*,#1077,.F.);
#1399=ORIENTED_EDGE('',*,*,#1052,.F.);
#1400=ORIENTED_EDGE('',*,*,#1078,.T.);
#1401=ORIENTED_EDGE('',*,*,#1079,.T.);
#1402=ORIENTED_EDGE('',*,*,#1062,.F.);
#1403=ORIENTED_EDGE('',*,*,#1050,.F.);
#1404=ORIENTED_EDGE('',*,*,#1077,.T.);
#1405=ORIENTED_EDGE('',*,*,#1080,.T.);
#1406=ORIENTED_EDGE('',*,*,#1081,.F.);
#1407=ORIENTED_EDGE('',*,*,#1051,.F.);
#1408=ORIENTED_EDGE('',*,*,#1081,.T.);
#1409=ORIENTED_EDGE('',*,*,#1082,.T.);
#1410=ORIENTED_EDGE('',*,*,#1078,.F.);
#1411=ORIENTED_EDGE('',*,*,#1055,.F.);
#1412=ORIENTED_EDGE('',*,*,#1059,.T.);
#1413=ORIENTED_EDGE('',*,*,#1083,.T.);
#1414=ORIENTED_EDGE('',*,*,#1084,.F.);
#1415=ORIENTED_EDGE('',*,*,#1085,.F.);
#1416=ORIENTED_EDGE('',*,*,#1086,.F.);
#1417=ORIENTED_EDGE('',*,*,#1087,.T.);
#1418=ORIENTED_EDGE('',*,*,#1088,.T.);
#1419=ORIENTED_EDGE('',*,*,#1089,.T.);
#1420=ORIENTED_EDGE('',*,*,#1090,.T.);
#1421=ORIENTED_EDGE('',*,*,#1091,.T.);
#1422=ORIENTED_EDGE('',*,*,#1092,.T.);
#1423=ORIENTED_EDGE('',*,*,#1093,.F.);
#1424=ORIENTED_EDGE('',*,*,#1094,.F.);
#1425=ORIENTED_EDGE('',*,*,#1083,.F.);
#1426=ORIENTED_EDGE('',*,*,#1058,.F.);
#1427=ORIENTED_EDGE('',*,*,#1061,.F.);
#1428=ORIENTED_EDGE('',*,*,#1095,.T.);
#1429=ORIENTED_EDGE('',*,*,#1085,.T.);
#1430=ORIENTED_EDGE('',*,*,#1057,.F.);
#1431=ORIENTED_EDGE('',*,*,#1096,.T.);
#1432=ORIENTED_EDGE('',*,*,#1097,.T.);
#1433=ORIENTED_EDGE('',*,*,#1098,.F.);
#1434=ORIENTED_EDGE('',*,*,#1063,.F.);
#1435=ORIENTED_EDGE('',*,*,#1099,.T.);
#1436=ORIENTED_EDGE('',*,*,#1100,.T.);
#1437=ORIENTED_EDGE('',*,*,#1101,.F.);
#1438=ORIENTED_EDGE('',*,*,#1064,.F.);
#1439=ORIENTED_EDGE('',*,*,#1102,.T.);
#1440=ORIENTED_EDGE('',*,*,#1103,.T.);
#1441=ORIENTED_EDGE('',*,*,#1104,.F.);
#1442=ORIENTED_EDGE('',*,*,#1065,.F.);
#1443=ORIENTED_EDGE('',*,*,#1105,.T.);
#1444=ORIENTED_EDGE('',*,*,#1106,.T.);
#1445=ORIENTED_EDGE('',*,*,#1107,.F.);
#1446=ORIENTED_EDGE('',*,*,#1066,.F.);
#1447=ORIENTED_EDGE('',*,*,#1108,.T.);
#1448=ORIENTED_EDGE('',*,*,#1109,.T.);
#1449=ORIENTED_EDGE('',*,*,#1110,.F.);
#1450=ORIENTED_EDGE('',*,*,#1067,.F.);
#1451=ORIENTED_EDGE('',*,*,#1111,.T.);
#1452=ORIENTED_EDGE('',*,*,#1112,.T.);
#1453=ORIENTED_EDGE('',*,*,#1113,.F.);
#1454=ORIENTED_EDGE('',*,*,#1068,.F.);
#1455=ORIENTED_EDGE('',*,*,#1114,.T.);
#1456=ORIENTED_EDGE('',*,*,#1086,.T.);
#1457=ORIENTED_EDGE('',*,*,#1095,.F.);
#1458=ORIENTED_EDGE('',*,*,#1069,.F.);
#1459=ORIENTED_EDGE('',*,*,#1084,.T.);
#1460=ORIENTED_EDGE('',*,*,#1094,.T.);
#1461=ORIENTED_EDGE('',*,*,#1115,.F.);
#1462=ORIENTED_EDGE('',*,*,#1070,.F.);
#1463=ORIENTED_EDGE('',*,*,#1116,.T.);
#1464=ORIENTED_EDGE('',*,*,#1117,.T.);
#1465=ORIENTED_EDGE('',*,*,#1118,.F.);
#1466=ORIENTED_EDGE('',*,*,#1071,.F.);
#1467=ORIENTED_EDGE('',*,*,#1119,.T.);
#1468=ORIENTED_EDGE('',*,*,#1120,.T.);
#1469=ORIENTED_EDGE('',*,*,#1121,.F.);
#1470=ORIENTED_EDGE('',*,*,#1072,.F.);
#1471=ORIENTED_EDGE('',*,*,#1122,.T.);
#1472=ORIENTED_EDGE('',*,*,#1123,.T.);
#1473=ORIENTED_EDGE('',*,*,#1124,.F.);
#1474=ORIENTED_EDGE('',*,*,#1073,.F.);
#1475=ORIENTED_EDGE('',*,*,#1125,.T.);
#1476=ORIENTED_EDGE('',*,*,#1126,.T.);
#1477=ORIENTED_EDGE('',*,*,#1127,.F.);
#1478=ORIENTED_EDGE('',*,*,#1074,.F.);
#1479=ORIENTED_EDGE('',*,*,#1128,.T.);
#1480=ORIENTED_EDGE('',*,*,#1129,.T.);
#1481=ORIENTED_EDGE('',*,*,#1130,.F.);
#1482=ORIENTED_EDGE('',*,*,#1075,.F.);
#1483=ORIENTED_EDGE('',*,*,#1131,.T.);
#1484=ORIENTED_EDGE('',*,*,#1132,.T.);
#1485=ORIENTED_EDGE('',*,*,#1133,.F.);
#1486=ORIENTED_EDGE('',*,*,#1076,.F.);
#1487=ORIENTED_EDGE('',*,*,#1079,.F.);
#1488=ORIENTED_EDGE('',*,*,#1134,.T.);
#1489=ORIENTED_EDGE('',*,*,#1135,.T.);
#1490=ORIENTED_EDGE('',*,*,#1096,.F.);
#1491=ORIENTED_EDGE('',*,*,#1080,.F.);
#1492=ORIENTED_EDGE('',*,*,#1133,.T.);
#1493=ORIENTED_EDGE('',*,*,#1136,.T.);
#1494=ORIENTED_EDGE('',*,*,#1137,.F.);
#1495=ORIENTED_EDGE('',*,*,#1082,.F.);
#1496=ORIENTED_EDGE('',*,*,#1137,.T.);
#1497=ORIENTED_EDGE('',*,*,#1138,.T.);
#1498=ORIENTED_EDGE('',*,*,#1134,.F.);
#1499=ORIENTED_EDGE('',*,*,#1139,.T.);
#1500=ORIENTED_EDGE('',*,*,#1140,.T.);
#1501=ORIENTED_EDGE('',*,*,#1141,.T.);
#1502=ORIENTED_EDGE('',*,*,#1087,.F.);
#1503=ORIENTED_EDGE('',*,*,#1142,.F.);
#1504=ORIENTED_EDGE('',*,*,#1143,.F.);
#1505=ORIENTED_EDGE('',*,*,#1144,.F.);
#1506=ORIENTED_EDGE('',*,*,#1145,.T.);
#1507=ORIENTED_EDGE('',*,*,#1146,.T.);
#1508=ORIENTED_EDGE('',*,*,#1147,.F.);
#1509=ORIENTED_EDGE('',*,*,#1088,.F.);
#1510=ORIENTED_EDGE('',*,*,#1141,.F.);
#1511=ORIENTED_EDGE('',*,*,#1148,.F.);
#1512=ORIENTED_EDGE('',*,*,#1149,.F.);
#1513=ORIENTED_EDGE('',*,*,#1150,.F.);
#1514=ORIENTED_EDGE('',*,*,#1151,.F.);
#1515=ORIENTED_EDGE('',*,*,#1089,.F.);
#1516=ORIENTED_EDGE('',*,*,#1147,.T.);
#1517=ORIENTED_EDGE('',*,*,#1152,.T.);
#1518=ORIENTED_EDGE('',*,*,#1153,.F.);
#1519=ORIENTED_EDGE('',*,*,#1090,.F.);
#1520=ORIENTED_EDGE('',*,*,#1153,.T.);
#1521=ORIENTED_EDGE('',*,*,#1154,.T.);
#1522=ORIENTED_EDGE('',*,*,#1155,.F.);
#1523=ORIENTED_EDGE('',*,*,#1091,.F.);
#1524=ORIENTED_EDGE('',*,*,#1155,.T.);
#1525=ORIENTED_EDGE('',*,*,#1156,.T.);
#1526=ORIENTED_EDGE('',*,*,#1157,.F.);
#1527=ORIENTED_EDGE('',*,*,#1092,.F.);
#1528=ORIENTED_EDGE('',*,*,#1157,.T.);
#1529=ORIENTED_EDGE('',*,*,#1158,.T.);
#1530=ORIENTED_EDGE('',*,*,#1159,.F.);
#1531=ORIENTED_EDGE('',*,*,#1160,.F.);
#1532=ORIENTED_EDGE('',*,*,#1161,.F.);
#1533=ORIENTED_EDGE('',*,*,#1162,.F.);
#1534=ORIENTED_EDGE('',*,*,#1163,.F.);
#1535=ORIENTED_EDGE('',*,*,#1164,.F.);
#1536=ORIENTED_EDGE('',*,*,#1165,.F.);
#1537=ORIENTED_EDGE('',*,*,#1166,.T.);
#1538=ORIENTED_EDGE('',*,*,#1093,.T.);
#1539=ORIENTED_EDGE('',*,*,#1165,.T.);
#1540=ORIENTED_EDGE('',*,*,#1167,.F.);
#1541=ORIENTED_EDGE('',*,*,#1168,.F.);
#1542=ORIENTED_EDGE('',*,*,#1169,.F.);
#1543=ORIENTED_EDGE('',*,*,#1097,.F.);
#1544=ORIENTED_EDGE('',*,*,#1135,.F.);
#1545=ORIENTED_EDGE('',*,*,#1138,.F.);
#1546=ORIENTED_EDGE('',*,*,#1136,.F.);
#1547=ORIENTED_EDGE('',*,*,#1132,.F.);
#1548=ORIENTED_EDGE('',*,*,#1170,.T.);
#1549=ORIENTED_EDGE('',*,*,#1160,.T.);
#1550=ORIENTED_EDGE('',*,*,#1171,.T.);
#1551=ORIENTED_EDGE('',*,*,#1172,.T.);
#1552=ORIENTED_EDGE('',*,*,#1173,.T.);
#1553=ORIENTED_EDGE('',*,*,#1144,.T.);
#1554=ORIENTED_EDGE('',*,*,#1174,.F.);
#1555=ORIENTED_EDGE('',*,*,#1098,.T.);
#1556=ORIENTED_EDGE('',*,*,#1175,.F.);
#1557=ORIENTED_EDGE('',*,*,#1176,.F.);
#1558=ORIENTED_EDGE('',*,*,#1177,.F.);
#1559=ORIENTED_EDGE('',*,*,#1178,.F.);
#1560=ORIENTED_EDGE('',*,*,#1179,.F.);
#1561=ORIENTED_EDGE('',*,*,#1180,.F.);
#1562=ORIENTED_EDGE('',*,*,#1181,.F.);
#1563=ORIENTED_EDGE('',*,*,#1182,.F.);
#1564=ORIENTED_EDGE('',*,*,#1183,.F.);
#1565=ORIENTED_EDGE('',*,*,#1184,.F.);
#1566=ORIENTED_EDGE('',*,*,#1099,.F.);
#1567=ORIENTED_EDGE('',*,*,#1100,.F.);
#1568=ORIENTED_EDGE('',*,*,#1184,.T.);
#1569=ORIENTED_EDGE('',*,*,#1185,.T.);
#1570=ORIENTED_EDGE('',*,*,#1186,.F.);
#1571=ORIENTED_EDGE('',*,*,#1102,.F.);
#1572=ORIENTED_EDGE('',*,*,#1101,.T.);
#1573=ORIENTED_EDGE('',*,*,#1186,.T.);
#1574=ORIENTED_EDGE('',*,*,#1187,.T.);
#1575=ORIENTED_EDGE('',*,*,#1188,.T.);
#1576=ORIENTED_EDGE('',*,*,#1189,.T.);
#1577=ORIENTED_EDGE('',*,*,#1190,.T.);
#1578=ORIENTED_EDGE('',*,*,#1191,.T.);
#1579=ORIENTED_EDGE('',*,*,#1192,.T.);
#1580=ORIENTED_EDGE('',*,*,#1193,.T.);
#1581=ORIENTED_EDGE('',*,*,#1194,.T.);
#1582=ORIENTED_EDGE('',*,*,#1195,.T.);
#1583=ORIENTED_EDGE('',*,*,#1103,.F.);
#1584=ORIENTED_EDGE('',*,*,#1196,.T.);
#1585=ORIENTED_EDGE('',*,*,#1150,.T.);
#1586=ORIENTED_EDGE('',*,*,#1197,.F.);
#1587=ORIENTED_EDGE('',*,*,#1104,.T.);
#1588=ORIENTED_EDGE('',*,*,#1198,.F.);
#1589=ORIENTED_EDGE('',*,*,#1199,.F.);
#1590=ORIENTED_EDGE('',*,*,#1200,.F.);
#1591=ORIENTED_EDGE('',*,*,#1201,.F.);
#1592=ORIENTED_EDGE('',*,*,#1202,.F.);
#1593=ORIENTED_EDGE('',*,*,#1203,.F.);
#1594=ORIENTED_EDGE('',*,*,#1204,.F.);
#1595=ORIENTED_EDGE('',*,*,#1205,.F.);
#1596=ORIENTED_EDGE('',*,*,#1206,.F.);
#1597=ORIENTED_EDGE('',*,*,#1207,.F.);
#1598=ORIENTED_EDGE('',*,*,#1105,.F.);
#1599=ORIENTED_EDGE('',*,*,#1106,.F.);
#1600=ORIENTED_EDGE('',*,*,#1207,.T.);
#1601=ORIENTED_EDGE('',*,*,#1208,.T.);
#1602=ORIENTED_EDGE('',*,*,#1209,.F.);
#1603=ORIENTED_EDGE('',*,*,#1108,.F.);
#1604=ORIENTED_EDGE('',*,*,#1107,.T.);
#1605=ORIENTED_EDGE('',*,*,#1209,.T.);
#1606=ORIENTED_EDGE('',*,*,#1210,.T.);
#1607=ORIENTED_EDGE('',*,*,#1211,.T.);
#1608=ORIENTED_EDGE('',*,*,#1212,.T.);
#1609=ORIENTED_EDGE('',*,*,#1213,.T.);
#1610=ORIENTED_EDGE('',*,*,#1214,.T.);
#1611=ORIENTED_EDGE('',*,*,#1215,.T.);
#1612=ORIENTED_EDGE('',*,*,#1216,.T.);
#1613=ORIENTED_EDGE('',*,*,#1217,.T.);
#1614=ORIENTED_EDGE('',*,*,#1218,.T.);
#1615=ORIENTED_EDGE('',*,*,#1109,.F.);
#1616=ORIENTED_EDGE('',*,*,#1219,.T.);
#1617=ORIENTED_EDGE('',*,*,#1148,.T.);
#1618=ORIENTED_EDGE('',*,*,#1140,.F.);
#1619=ORIENTED_EDGE('',*,*,#1110,.T.);
#1620=ORIENTED_EDGE('',*,*,#1139,.F.);
#1621=ORIENTED_EDGE('',*,*,#1220,.F.);
#1622=ORIENTED_EDGE('',*,*,#1221,.F.);
#1623=ORIENTED_EDGE('',*,*,#1222,.F.);
#1624=ORIENTED_EDGE('',*,*,#1223,.F.);
#1625=ORIENTED_EDGE('',*,*,#1224,.F.);
#1626=ORIENTED_EDGE('',*,*,#1225,.F.);
#1627=ORIENTED_EDGE('',*,*,#1226,.F.);
#1628=ORIENTED_EDGE('',*,*,#1227,.F.);
#1629=ORIENTED_EDGE('',*,*,#1228,.F.);
#1630=ORIENTED_EDGE('',*,*,#1111,.F.);
#1631=ORIENTED_EDGE('',*,*,#1112,.F.);
#1632=ORIENTED_EDGE('',*,*,#1228,.T.);
#1633=ORIENTED_EDGE('',*,*,#1229,.T.);
#1634=ORIENTED_EDGE('',*,*,#1230,.F.);
#1635=ORIENTED_EDGE('',*,*,#1114,.F.);
#1636=ORIENTED_EDGE('',*,*,#1113,.T.);
#1637=ORIENTED_EDGE('',*,*,#1230,.T.);
#1638=ORIENTED_EDGE('',*,*,#1231,.T.);
#1639=ORIENTED_EDGE('',*,*,#1232,.T.);
#1640=ORIENTED_EDGE('',*,*,#1233,.T.);
#1641=ORIENTED_EDGE('',*,*,#1234,.T.);
#1642=ORIENTED_EDGE('',*,*,#1235,.T.);
#1643=ORIENTED_EDGE('',*,*,#1236,.T.);
#1644=ORIENTED_EDGE('',*,*,#1237,.T.);
#1645=ORIENTED_EDGE('',*,*,#1238,.T.);
#1646=ORIENTED_EDGE('',*,*,#1142,.T.);
#1647=ORIENTED_EDGE('',*,*,#1115,.T.);
#1648=ORIENTED_EDGE('',*,*,#1166,.F.);
#1649=ORIENTED_EDGE('',*,*,#1239,.F.);
#1650=ORIENTED_EDGE('',*,*,#1240,.F.);
#1651=ORIENTED_EDGE('',*,*,#1241,.F.);
#1652=ORIENTED_EDGE('',*,*,#1242,.F.);
#1653=ORIENTED_EDGE('',*,*,#1243,.F.);
#1654=ORIENTED_EDGE('',*,*,#1244,.F.);
#1655=ORIENTED_EDGE('',*,*,#1245,.F.);
#1656=ORIENTED_EDGE('',*,*,#1246,.F.);
#1657=ORIENTED_EDGE('',*,*,#1247,.F.);
#1658=ORIENTED_EDGE('',*,*,#1116,.F.);
#1659=ORIENTED_EDGE('',*,*,#1117,.F.);
#1660=ORIENTED_EDGE('',*,*,#1247,.T.);
#1661=ORIENTED_EDGE('',*,*,#1248,.T.);
#1662=ORIENTED_EDGE('',*,*,#1249,.F.);
#1663=ORIENTED_EDGE('',*,*,#1119,.F.);
#1664=ORIENTED_EDGE('',*,*,#1118,.T.);
#1665=ORIENTED_EDGE('',*,*,#1249,.T.);
#1666=ORIENTED_EDGE('',*,*,#1250,.T.);
#1667=ORIENTED_EDGE('',*,*,#1251,.T.);
#1668=ORIENTED_EDGE('',*,*,#1252,.T.);
#1669=ORIENTED_EDGE('',*,*,#1253,.T.);
#1670=ORIENTED_EDGE('',*,*,#1254,.T.);
#1671=ORIENTED_EDGE('',*,*,#1255,.T.);
#1672=ORIENTED_EDGE('',*,*,#1256,.T.);
#1673=ORIENTED_EDGE('',*,*,#1257,.T.);
#1674=ORIENTED_EDGE('',*,*,#1168,.T.);
#1675=ORIENTED_EDGE('',*,*,#1167,.T.);
#1676=ORIENTED_EDGE('',*,*,#1164,.T.);
#1677=ORIENTED_EDGE('',*,*,#1258,.F.);
#1678=ORIENTED_EDGE('',*,*,#1120,.F.);
#1679=ORIENTED_EDGE('',*,*,#1121,.T.);
#1680=ORIENTED_EDGE('',*,*,#1259,.F.);
#1681=ORIENTED_EDGE('',*,*,#1260,.F.);
#1682=ORIENTED_EDGE('',*,*,#1261,.F.);
#1683=ORIENTED_EDGE('',*,*,#1262,.F.);
#1684=ORIENTED_EDGE('',*,*,#1263,.F.);
#1685=ORIENTED_EDGE('',*,*,#1264,.F.);
#1686=ORIENTED_EDGE('',*,*,#1265,.F.);
#1687=ORIENTED_EDGE('',*,*,#1266,.F.);
#1688=ORIENTED_EDGE('',*,*,#1267,.F.);
#1689=ORIENTED_EDGE('',*,*,#1268,.F.);
#1690=ORIENTED_EDGE('',*,*,#1122,.F.);
#1691=ORIENTED_EDGE('',*,*,#1123,.F.);
#1692=ORIENTED_EDGE('',*,*,#1268,.T.);
#1693=ORIENTED_EDGE('',*,*,#1269,.T.);
#1694=ORIENTED_EDGE('',*,*,#1270,.F.);
#1695=ORIENTED_EDGE('',*,*,#1125,.F.);
#1696=ORIENTED_EDGE('',*,*,#1124,.T.);
#1697=ORIENTED_EDGE('',*,*,#1270,.T.);
#1698=ORIENTED_EDGE('',*,*,#1271,.T.);
#1699=ORIENTED_EDGE('',*,*,#1272,.T.);
#1700=ORIENTED_EDGE('',*,*,#1273,.T.);
#1701=ORIENTED_EDGE('',*,*,#1274,.T.);
#1702=ORIENTED_EDGE('',*,*,#1275,.T.);
#1703=ORIENTED_EDGE('',*,*,#1276,.T.);
#1704=ORIENTED_EDGE('',*,*,#1277,.T.);
#1705=ORIENTED_EDGE('',*,*,#1278,.T.);
#1706=ORIENTED_EDGE('',*,*,#1279,.T.);
#1707=ORIENTED_EDGE('',*,*,#1280,.T.);
#1708=ORIENTED_EDGE('',*,*,#1162,.T.);
#1709=ORIENTED_EDGE('',*,*,#1281,.F.);
#1710=ORIENTED_EDGE('',*,*,#1126,.F.);
#1711=ORIENTED_EDGE('',*,*,#1127,.T.);
#1712=ORIENTED_EDGE('',*,*,#1282,.F.);
#1713=ORIENTED_EDGE('',*,*,#1283,.F.);
#1714=ORIENTED_EDGE('',*,*,#1284,.F.);
#1715=ORIENTED_EDGE('',*,*,#1285,.F.);
#1716=ORIENTED_EDGE('',*,*,#1286,.F.);
#1717=ORIENTED_EDGE('',*,*,#1287,.F.);
#1718=ORIENTED_EDGE('',*,*,#1288,.F.);
#1719=ORIENTED_EDGE('',*,*,#1289,.F.);
#1720=ORIENTED_EDGE('',*,*,#1290,.F.);
#1721=ORIENTED_EDGE('',*,*,#1291,.F.);
#1722=ORIENTED_EDGE('',*,*,#1128,.F.);
#1723=ORIENTED_EDGE('',*,*,#1129,.F.);
#1724=ORIENTED_EDGE('',*,*,#1291,.T.);
#1725=ORIENTED_EDGE('',*,*,#1292,.T.);
#1726=ORIENTED_EDGE('',*,*,#1293,.F.);
#1727=ORIENTED_EDGE('',*,*,#1131,.F.);
#1728=ORIENTED_EDGE('',*,*,#1130,.T.);
#1729=ORIENTED_EDGE('',*,*,#1293,.T.);
#1730=ORIENTED_EDGE('',*,*,#1294,.T.);
#1731=ORIENTED_EDGE('',*,*,#1295,.T.);
#1732=ORIENTED_EDGE('',*,*,#1296,.T.);
#1733=ORIENTED_EDGE('',*,*,#1297,.T.);
#1734=ORIENTED_EDGE('',*,*,#1298,.T.);
#1735=ORIENTED_EDGE('',*,*,#1299,.T.);
#1736=ORIENTED_EDGE('',*,*,#1300,.T.);
#1737=ORIENTED_EDGE('',*,*,#1301,.T.);
#1738=ORIENTED_EDGE('',*,*,#1302,.T.);
#1739=ORIENTED_EDGE('',*,*,#1220,.T.);
#1740=ORIENTED_EDGE('',*,*,#1143,.T.);
#1741=ORIENTED_EDGE('',*,*,#1238,.F.);
#1742=ORIENTED_EDGE('',*,*,#1303,.F.);
#1743=ORIENTED_EDGE('',*,*,#1175,.T.);
#1744=ORIENTED_EDGE('',*,*,#1174,.T.);
#1745=ORIENTED_EDGE('',*,*,#1151,.T.);
#1746=ORIENTED_EDGE('',*,*,#1196,.F.);
#1747=ORIENTED_EDGE('',*,*,#1195,.F.);
#1748=ORIENTED_EDGE('',*,*,#1304,.F.);
#1749=ORIENTED_EDGE('',*,*,#1198,.T.);
#1750=ORIENTED_EDGE('',*,*,#1197,.T.);
#1751=ORIENTED_EDGE('',*,*,#1149,.T.);
#1752=ORIENTED_EDGE('',*,*,#1219,.F.);
#1753=ORIENTED_EDGE('',*,*,#1218,.F.);
#1754=ORIENTED_EDGE('',*,*,#1305,.F.);
#1755=ORIENTED_EDGE('',*,*,#1154,.F.);
#1756=ORIENTED_EDGE('',*,*,#1152,.F.);
#1757=ORIENTED_EDGE('',*,*,#1146,.F.);
#1758=ORIENTED_EDGE('',*,*,#1306,.F.);
#1759=ORIENTED_EDGE('',*,*,#1307,.F.);
#1760=ORIENTED_EDGE('',*,*,#1308,.F.);
#1761=ORIENTED_EDGE('',*,*,#1158,.F.);
#1762=ORIENTED_EDGE('',*,*,#1156,.F.);
#1763=ORIENTED_EDGE('',*,*,#1309,.T.);
#1764=ORIENTED_EDGE('',*,*,#1173,.F.);
#1765=ORIENTED_EDGE('',*,*,#1310,.T.);
#1766=ORIENTED_EDGE('',*,*,#1306,.T.);
#1767=ORIENTED_EDGE('',*,*,#1145,.F.);
#1768=ORIENTED_EDGE('',*,*,#1259,.T.);
#1769=ORIENTED_EDGE('',*,*,#1258,.T.);
#1770=ORIENTED_EDGE('',*,*,#1163,.T.);
#1771=ORIENTED_EDGE('',*,*,#1280,.F.);
#1772=ORIENTED_EDGE('',*,*,#1279,.F.);
#1773=ORIENTED_EDGE('',*,*,#1311,.F.);
#1774=ORIENTED_EDGE('',*,*,#1282,.T.);
#1775=ORIENTED_EDGE('',*,*,#1281,.T.);
#1776=ORIENTED_EDGE('',*,*,#1161,.T.);
#1777=ORIENTED_EDGE('',*,*,#1170,.F.);
#1778=ORIENTED_EDGE('',*,*,#1302,.F.);
#1779=ORIENTED_EDGE('',*,*,#1312,.F.);
#1780=ORIENTED_EDGE('',*,*,#1171,.F.);
#1781=ORIENTED_EDGE('',*,*,#1159,.T.);
#1782=ORIENTED_EDGE('',*,*,#1308,.T.);
#1783=ORIENTED_EDGE('',*,*,#1313,.F.);
#1784=ORIENTED_EDGE('',*,*,#1239,.T.);
#1785=ORIENTED_EDGE('',*,*,#1169,.T.);
#1786=ORIENTED_EDGE('',*,*,#1257,.F.);
#1787=ORIENTED_EDGE('',*,*,#1314,.F.);
#1788=ORIENTED_EDGE('',*,*,#1172,.F.);
#1789=ORIENTED_EDGE('',*,*,#1313,.T.);
#1790=ORIENTED_EDGE('',*,*,#1307,.T.);
#1791=ORIENTED_EDGE('',*,*,#1310,.F.);
#1792=ORIENTED_EDGE('',*,*,#1176,.T.);
#1793=ORIENTED_EDGE('',*,*,#1304,.T.);
#1794=ORIENTED_EDGE('',*,*,#1194,.F.);
#1795=ORIENTED_EDGE('',*,*,#1315,.F.);
#1796=ORIENTED_EDGE('',*,*,#1316,.F.);
#1797=ORIENTED_EDGE('',*,*,#1177,.T.);
#1798=ORIENTED_EDGE('',*,*,#1315,.T.);
#1799=ORIENTED_EDGE('',*,*,#1193,.F.);
#1800=ORIENTED_EDGE('',*,*,#1317,.F.);
#1801=ORIENTED_EDGE('',*,*,#1178,.T.);
#1802=ORIENTED_EDGE('',*,*,#1316,.T.);
#1803=ORIENTED_EDGE('',*,*,#1192,.F.);
#1804=ORIENTED_EDGE('',*,*,#1318,.F.);
#1805=ORIENTED_EDGE('',*,*,#1179,.T.);
#1806=ORIENTED_EDGE('',*,*,#1317,.T.);
#1807=ORIENTED_EDGE('',*,*,#1191,.F.);
#1808=ORIENTED_EDGE('',*,*,#1319,.F.);
#1809=ORIENTED_EDGE('',*,*,#1180,.T.);
#1810=ORIENTED_EDGE('',*,*,#1318,.T.);
#1811=ORIENTED_EDGE('',*,*,#1190,.F.);
#1812=ORIENTED_EDGE('',*,*,#1320,.F.);
#1813=ORIENTED_EDGE('',*,*,#1181,.T.);
#1814=ORIENTED_EDGE('',*,*,#1319,.T.);
#1815=ORIENTED_EDGE('',*,*,#1189,.F.);
#1816=ORIENTED_EDGE('',*,*,#1182,.T.);
#1817=ORIENTED_EDGE('',*,*,#1320,.T.);
#1818=ORIENTED_EDGE('',*,*,#1188,.F.);
#1819=ORIENTED_EDGE('',*,*,#1321,.F.);
#1820=ORIENTED_EDGE('',*,*,#1185,.F.);
#1821=ORIENTED_EDGE('',*,*,#1183,.T.);
#1822=ORIENTED_EDGE('',*,*,#1321,.T.);
#1823=ORIENTED_EDGE('',*,*,#1187,.F.);
#1824=ORIENTED_EDGE('',*,*,#1199,.T.);
#1825=ORIENTED_EDGE('',*,*,#1305,.T.);
#1826=ORIENTED_EDGE('',*,*,#1217,.F.);
#1827=ORIENTED_EDGE('',*,*,#1322,.F.);
#1828=ORIENTED_EDGE('',*,*,#1323,.F.);
#1829=ORIENTED_EDGE('',*,*,#1200,.T.);
#1830=ORIENTED_EDGE('',*,*,#1322,.T.);
#1831=ORIENTED_EDGE('',*,*,#1216,.F.);
#1832=ORIENTED_EDGE('',*,*,#1324,.F.);
#1833=ORIENTED_EDGE('',*,*,#1201,.T.);
#1834=ORIENTED_EDGE('',*,*,#1323,.T.);
#1835=ORIENTED_EDGE('',*,*,#1215,.F.);
#1836=ORIENTED_EDGE('',*,*,#1325,.F.);
#1837=ORIENTED_EDGE('',*,*,#1202,.T.);
#1838=ORIENTED_EDGE('',*,*,#1324,.T.);
#1839=ORIENTED_EDGE('',*,*,#1214,.F.);
#1840=ORIENTED_EDGE('',*,*,#1326,.F.);
#1841=ORIENTED_EDGE('',*,*,#1203,.T.);
#1842=ORIENTED_EDGE('',*,*,#1325,.T.);
#1843=ORIENTED_EDGE('',*,*,#1213,.F.);
#1844=ORIENTED_EDGE('',*,*,#1327,.F.);
#1845=ORIENTED_EDGE('',*,*,#1204,.T.);
#1846=ORIENTED_EDGE('',*,*,#1326,.T.);
#1847=ORIENTED_EDGE('',*,*,#1212,.F.);
#1848=ORIENTED_EDGE('',*,*,#1205,.T.);
#1849=ORIENTED_EDGE('',*,*,#1327,.T.);
#1850=ORIENTED_EDGE('',*,*,#1211,.F.);
#1851=ORIENTED_EDGE('',*,*,#1328,.F.);
#1852=ORIENTED_EDGE('',*,*,#1208,.F.);
#1853=ORIENTED_EDGE('',*,*,#1206,.T.);
#1854=ORIENTED_EDGE('',*,*,#1328,.T.);
#1855=ORIENTED_EDGE('',*,*,#1210,.F.);
#1856=ORIENTED_EDGE('',*,*,#1329,.F.);
#1857=ORIENTED_EDGE('',*,*,#1221,.T.);
#1858=ORIENTED_EDGE('',*,*,#1303,.T.);
#1859=ORIENTED_EDGE('',*,*,#1237,.F.);
#1860=ORIENTED_EDGE('',*,*,#1330,.F.);
#1861=ORIENTED_EDGE('',*,*,#1222,.T.);
#1862=ORIENTED_EDGE('',*,*,#1329,.T.);
#1863=ORIENTED_EDGE('',*,*,#1236,.F.);
#1864=ORIENTED_EDGE('',*,*,#1331,.F.);
#1865=ORIENTED_EDGE('',*,*,#1223,.T.);
#1866=ORIENTED_EDGE('',*,*,#1330,.T.);
#1867=ORIENTED_EDGE('',*,*,#1235,.F.);
#1868=ORIENTED_EDGE('',*,*,#1332,.F.);
#1869=ORIENTED_EDGE('',*,*,#1224,.T.);
#1870=ORIENTED_EDGE('',*,*,#1331,.T.);
#1871=ORIENTED_EDGE('',*,*,#1234,.F.);
#1872=ORIENTED_EDGE('',*,*,#1333,.F.);
#1873=ORIENTED_EDGE('',*,*,#1225,.T.);
#1874=ORIENTED_EDGE('',*,*,#1332,.T.);
#1875=ORIENTED_EDGE('',*,*,#1233,.F.);
#1876=ORIENTED_EDGE('',*,*,#1226,.T.);
#1877=ORIENTED_EDGE('',*,*,#1333,.T.);
#1878=ORIENTED_EDGE('',*,*,#1232,.F.);
#1879=ORIENTED_EDGE('',*,*,#1334,.F.);
#1880=ORIENTED_EDGE('',*,*,#1229,.F.);
#1881=ORIENTED_EDGE('',*,*,#1227,.T.);
#1882=ORIENTED_EDGE('',*,*,#1334,.T.);
#1883=ORIENTED_EDGE('',*,*,#1231,.F.);
#1884=ORIENTED_EDGE('',*,*,#1335,.F.);
#1885=ORIENTED_EDGE('',*,*,#1240,.T.);
#1886=ORIENTED_EDGE('',*,*,#1314,.T.);
#1887=ORIENTED_EDGE('',*,*,#1256,.F.);
#1888=ORIENTED_EDGE('',*,*,#1336,.F.);
#1889=ORIENTED_EDGE('',*,*,#1241,.T.);
#1890=ORIENTED_EDGE('',*,*,#1335,.T.);
#1891=ORIENTED_EDGE('',*,*,#1255,.F.);
#1892=ORIENTED_EDGE('',*,*,#1337,.F.);
#1893=ORIENTED_EDGE('',*,*,#1242,.T.);
#1894=ORIENTED_EDGE('',*,*,#1336,.T.);
#1895=ORIENTED_EDGE('',*,*,#1254,.F.);
#1896=ORIENTED_EDGE('',*,*,#1338,.F.);
#1897=ORIENTED_EDGE('',*,*,#1243,.T.);
#1898=ORIENTED_EDGE('',*,*,#1337,.T.);
#1899=ORIENTED_EDGE('',*,*,#1253,.F.);
#1900=ORIENTED_EDGE('',*,*,#1339,.F.);
#1901=ORIENTED_EDGE('',*,*,#1244,.T.);
#1902=ORIENTED_EDGE('',*,*,#1338,.T.);
#1903=ORIENTED_EDGE('',*,*,#1252,.F.);
#1904=ORIENTED_EDGE('',*,*,#1245,.T.);
#1905=ORIENTED_EDGE('',*,*,#1339,.T.);
#1906=ORIENTED_EDGE('',*,*,#1251,.F.);
#1907=ORIENTED_EDGE('',*,*,#1340,.F.);
#1908=ORIENTED_EDGE('',*,*,#1248,.F.);
#1909=ORIENTED_EDGE('',*,*,#1246,.T.);
#1910=ORIENTED_EDGE('',*,*,#1340,.T.);
#1911=ORIENTED_EDGE('',*,*,#1250,.F.);
#1912=ORIENTED_EDGE('',*,*,#1260,.T.);
#1913=ORIENTED_EDGE('',*,*,#1311,.T.);
#1914=ORIENTED_EDGE('',*,*,#1278,.F.);
#1915=ORIENTED_EDGE('',*,*,#1341,.F.);
#1916=ORIENTED_EDGE('',*,*,#1342,.F.);
#1917=ORIENTED_EDGE('',*,*,#1261,.T.);
#1918=ORIENTED_EDGE('',*,*,#1341,.T.);
#1919=ORIENTED_EDGE('',*,*,#1277,.F.);
#1920=ORIENTED_EDGE('',*,*,#1343,.F.);
#1921=ORIENTED_EDGE('',*,*,#1262,.T.);
#1922=ORIENTED_EDGE('',*,*,#1342,.T.);
#1923=ORIENTED_EDGE('',*,*,#1276,.F.);
#1924=ORIENTED_EDGE('',*,*,#1344,.F.);
#1925=ORIENTED_EDGE('',*,*,#1263,.T.);
#1926=ORIENTED_EDGE('',*,*,#1343,.T.);
#1927=ORIENTED_EDGE('',*,*,#1275,.F.);
#1928=ORIENTED_EDGE('',*,*,#1345,.F.);
#1929=ORIENTED_EDGE('',*,*,#1264,.T.);
#1930=ORIENTED_EDGE('',*,*,#1344,.T.);
#1931=ORIENTED_EDGE('',*,*,#1274,.F.);
#1932=ORIENTED_EDGE('',*,*,#1346,.F.);
#1933=ORIENTED_EDGE('',*,*,#1265,.T.);
#1934=ORIENTED_EDGE('',*,*,#1345,.T.);
#1935=ORIENTED_EDGE('',*,*,#1273,.F.);
#1936=ORIENTED_EDGE('',*,*,#1266,.T.);
#1937=ORIENTED_EDGE('',*,*,#1346,.T.);
#1938=ORIENTED_EDGE('',*,*,#1272,.F.);
#1939=ORIENTED_EDGE('',*,*,#1347,.F.);
#1940=ORIENTED_EDGE('',*,*,#1269,.F.);
#1941=ORIENTED_EDGE('',*,*,#1267,.T.);
#1942=ORIENTED_EDGE('',*,*,#1347,.T.);
#1943=ORIENTED_EDGE('',*,*,#1271,.F.);
#1944=ORIENTED_EDGE('',*,*,#1283,.T.);
#1945=ORIENTED_EDGE('',*,*,#1312,.T.);
#1946=ORIENTED_EDGE('',*,*,#1301,.F.);
#1947=ORIENTED_EDGE('',*,*,#1348,.F.);
#1948=ORIENTED_EDGE('',*,*,#1349,.F.);
#1949=ORIENTED_EDGE('',*,*,#1284,.T.);
#1950=ORIENTED_EDGE('',*,*,#1348,.T.);
#1951=ORIENTED_EDGE('',*,*,#1300,.F.);
#1952=ORIENTED_EDGE('',*,*,#1350,.F.);
#1953=ORIENTED_EDGE('',*,*,#1285,.T.);
#1954=ORIENTED_EDGE('',*,*,#1349,.T.);
#1955=ORIENTED_EDGE('',*,*,#1299,.F.);
#1956=ORIENTED_EDGE('',*,*,#1351,.F.);
#1957=ORIENTED_EDGE('',*,*,#1286,.T.);
#1958=ORIENTED_EDGE('',*,*,#1350,.T.);
#1959=ORIENTED_EDGE('',*,*,#1298,.F.);
#1960=ORIENTED_EDGE('',*,*,#1352,.F.);
#1961=ORIENTED_EDGE('',*,*,#1287,.T.);
#1962=ORIENTED_EDGE('',*,*,#1351,.T.);
#1963=ORIENTED_EDGE('',*,*,#1297,.F.);
#1964=ORIENTED_EDGE('',*,*,#1353,.F.);
#1965=ORIENTED_EDGE('',*,*,#1288,.T.);
#1966=ORIENTED_EDGE('',*,*,#1352,.T.);
#1967=ORIENTED_EDGE('',*,*,#1296,.F.);
#1968=ORIENTED_EDGE('',*,*,#1289,.T.);
#1969=ORIENTED_EDGE('',*,*,#1353,.T.);
#1970=ORIENTED_EDGE('',*,*,#1295,.F.);
#1971=ORIENTED_EDGE('',*,*,#1354,.F.);
#1972=ORIENTED_EDGE('',*,*,#1292,.F.);
#1973=ORIENTED_EDGE('',*,*,#1290,.T.);
#1974=ORIENTED_EDGE('',*,*,#1354,.T.);
#1975=ORIENTED_EDGE('',*,*,#1294,.F.);
#1976=ORIENTED_EDGE('',*,*,#1309,.F.);
#1977=PLANE('',#2319);
#1978=PLANE('',#2320);
#1979=PLANE('',#2321);
#1980=PLANE('',#2322);
#1981=PLANE('',#2323);
#1982=PLANE('',#2324);
#1983=PLANE('',#2325);
#1984=PLANE('',#2326);
#1985=PLANE('',#2327);
#1986=PLANE('',#2328);
#1987=PLANE('',#2329);
#1988=PLANE('',#2330);
#1989=PLANE('',#2331);
#1990=PLANE('',#2332);
#1991=PLANE('',#2333);
#1992=PLANE('',#2334);
#1993=PLANE('',#2335);
#1994=PLANE('',#2336);
#1995=PLANE('',#2337);
#1996=PLANE('',#2338);
#1997=PLANE('',#2339);
#1998=PLANE('',#2340);
#1999=PLANE('',#2341);
#2000=PLANE('',#2342);
#2001=PLANE('',#2343);
#2002=PLANE('',#2344);
#2003=PLANE('',#2345);
#2004=PLANE('',#2346);
#2005=PLANE('',#2347);
#2006=PLANE('',#2348);
#2007=PLANE('',#2349);
#2008=PLANE('',#2350);
#2009=PLANE('',#2351);
#2010=PLANE('',#2352);
#2011=PLANE('',#2353);
#2012=PLANE('',#2354);
#2013=PLANE('',#2355);
#2014=PLANE('',#2356);
#2015=PLANE('',#2357);
#2016=PLANE('',#2364);
#2017=PLANE('',#2368);
#2018=PLANE('',#2369);
#2019=PLANE('',#2376);
#2020=PLANE('',#2380);
#2021=PLANE('',#2381);
#2022=PLANE('',#2388);
#2023=PLANE('',#2392);
#2024=PLANE('',#2399);
#2025=PLANE('',#2403);
#2026=PLANE('',#2404);
#2027=PLANE('',#2411);
#2028=PLANE('',#2415);
#2029=PLANE('',#2416);
#2030=PLANE('',#2423);
#2031=PLANE('',#2428);
#2032=PLANE('',#2429);
#2033=PLANE('',#2430);
#2034=PLANE('',#2432);
#2035=PLANE('',#2433);
#2036=PLANE('',#2434);
#2037=PLANE('',#2435);
#2038=PLANE('',#2437);
#2039=PLANE('',#2439);
#2040=PLANE('',#2441);
#2041=PLANE('',#2442);
#2042=PLANE('',#2443);
#2043=PLANE('',#2445);
#2044=PLANE('',#2447);
#2045=PLANE('',#2449);
#2046=PLANE('',#2450);
#2047=PLANE('',#2451);
#2048=PLANE('',#2453);
#2049=PLANE('',#2454);
#2050=PLANE('',#2456);
#2051=PLANE('',#2457);
#2052=PLANE('',#2458);
#2053=PLANE('',#2460);
#2054=PLANE('',#2461);
#2055=PLANE('',#2463);
#2056=PLANE('',#2464);
#2057=PLANE('',#2465);
#2058=PLANE('',#2467);
#2059=PLANE('',#2469);
#2060=PLANE('',#2471);
#2061=PLANE('',#2472);
#2062=PLANE('',#2473);
#2063=PLANE('',#2475);
#2064=PLANE('',#2477);
#2065=PLANE('',#2479);
#2066=PLANE('',#2480);
#2067=PLANE('',#2481);
#2068=PLANE('',#2483);
#2069=PLANE('',#2484);
#2070=STYLED_ITEM('',(#3728),#2188);
#2071=STYLED_ITEM('',(#3728),#2189);
#2072=STYLED_ITEM('',(#3728),#2190);
#2073=STYLED_ITEM('',(#3728),#2191);
#2074=STYLED_ITEM('',(#3728),#2192);
#2075=STYLED_ITEM('',(#3728),#2193);
#2076=STYLED_ITEM('',(#3728),#2194);
#2077=STYLED_ITEM('',(#3728),#2195);
#2078=STYLED_ITEM('',(#3728),#2196);
#2079=STYLED_ITEM('',(#3728),#2197);
#2080=STYLED_ITEM('',(#3728),#2198);
#2081=STYLED_ITEM('',(#3728),#2199);
#2082=STYLED_ITEM('',(#3728),#2200);
#2083=STYLED_ITEM('',(#3728),#2201);
#2084=STYLED_ITEM('',(#3729),#2202);
#2085=STYLED_ITEM('',(#3728),#2203);
#2086=STYLED_ITEM('',(#3729),#2204);
#2087=STYLED_ITEM('',(#3728),#2205);
#2088=STYLED_ITEM('',(#3729),#2206);
#2089=STYLED_ITEM('',(#3728),#2207);
#2090=STYLED_ITEM('',(#3728),#2208);
#2091=STYLED_ITEM('',(#3729),#2209);
#2092=STYLED_ITEM('',(#3728),#2210);
#2093=STYLED_ITEM('',(#3729),#2211);
#2094=STYLED_ITEM('',(#3728),#2212);
#2095=STYLED_ITEM('',(#3729),#2213);
#2096=STYLED_ITEM('',(#3728),#2214);
#2097=STYLED_ITEM('',(#3728),#2215);
#2098=STYLED_ITEM('',(#3728),#2216);
#2099=STYLED_ITEM('',(#3728),#2217);
#2100=STYLED_ITEM('',(#3729),#2218);
#2101=STYLED_ITEM('',(#3728),#2219);
#2102=STYLED_ITEM('',(#3728),#2220);
#2103=STYLED_ITEM('',(#3728),#2221);
#2104=STYLED_ITEM('',(#3728),#2222);
#2105=STYLED_ITEM('',(#3728),#2223);
#2106=STYLED_ITEM('',(#3729),#2224);
#2107=STYLED_ITEM('',(#3728),#2225);
#2108=STYLED_ITEM('',(#3729),#2226);
#2109=STYLED_ITEM('',(#3729),#2227);
#2110=STYLED_ITEM('',(#3729),#2228);
#2111=STYLED_ITEM('',(#3728),#2229);
#2112=STYLED_ITEM('',(#3729),#2230);
#2113=STYLED_ITEM('',(#3729),#2231);
#2114=STYLED_ITEM('',(#3729),#2232);
#2115=STYLED_ITEM('',(#3728),#2233);
#2116=STYLED_ITEM('',(#3729),#2234);
#2117=STYLED_ITEM('',(#3729),#2235);
#2118=STYLED_ITEM('',(#3729),#2236);
#2119=STYLED_ITEM('',(#3729),#2237);
#2120=STYLED_ITEM('',(#3729),#2238);
#2121=STYLED_ITEM('',(#3729),#2239);
#2122=STYLED_ITEM('',(#3728),#2240);
#2123=STYLED_ITEM('',(#3729),#2241);
#2124=STYLED_ITEM('',(#3729),#2242);
#2125=STYLED_ITEM('',(#3729),#2243);
#2126=STYLED_ITEM('',(#3728),#2244);
#2127=STYLED_ITEM('',(#3729),#2245);
#2128=STYLED_ITEM('',(#3729),#2246);
#2129=STYLED_ITEM('',(#3729),#2247);
#2130=STYLED_ITEM('',(#3729),#2248);
#2131=STYLED_ITEM('',(#3729),#2249);
#2132=STYLED_ITEM('',(#3729),#2250);
#2133=STYLED_ITEM('',(#3728),#2251);
#2134=STYLED_ITEM('',(#3728),#2252);
#2135=STYLED_ITEM('',(#3729),#2253);
#2136=STYLED_ITEM('',(#3729),#2254);
#2137=STYLED_ITEM('',(#3728),#2255);
#2138=STYLED_ITEM('',(#3729),#2256);
#2139=STYLED_ITEM('',(#3728),#2257);
#2140=STYLED_ITEM('',(#3729),#2258);
#2141=STYLED_ITEM('',(#3729),#2259);
#2142=STYLED_ITEM('',(#3729),#2260);
#2143=STYLED_ITEM('',(#3729),#2261);
#2144=STYLED_ITEM('',(#3729),#2262);
#2145=STYLED_ITEM('',(#3729),#2263);
#2146=STYLED_ITEM('',(#3729),#2264);
#2147=STYLED_ITEM('',(#3729),#2265);
#2148=STYLED_ITEM('',(#3729),#2266);
#2149=STYLED_ITEM('',(#3729),#2267);
#2150=STYLED_ITEM('',(#3729),#2268);
#2151=STYLED_ITEM('',(#3729),#2269);
#2152=STYLED_ITEM('',(#3729),#2270);
#2153=STYLED_ITEM('',(#3729),#2271);
#2154=STYLED_ITEM('',(#3729),#2272);
#2155=STYLED_ITEM('',(#3729),#2273);
#2156=STYLED_ITEM('',(#3729),#2274);
#2157=STYLED_ITEM('',(#3729),#2275);
#2158=STYLED_ITEM('',(#3729),#2276);
#2159=STYLED_ITEM('',(#3729),#2277);
#2160=STYLED_ITEM('',(#3729),#2278);
#2161=STYLED_ITEM('',(#3729),#2279);
#2162=STYLED_ITEM('',(#3729),#2280);
#2163=STYLED_ITEM('',(#3729),#2281);
#2164=STYLED_ITEM('',(#3729),#2282);
#2165=STYLED_ITEM('',(#3729),#2283);
#2166=STYLED_ITEM('',(#3729),#2284);
#2167=STYLED_ITEM('',(#3729),#2285);
#2168=STYLED_ITEM('',(#3729),#2286);
#2169=STYLED_ITEM('',(#3729),#2287);
#2170=STYLED_ITEM('',(#3729),#2288);
#2171=STYLED_ITEM('',(#3729),#2289);
#2172=STYLED_ITEM('',(#3729),#2290);
#2173=STYLED_ITEM('',(#3729),#2291);
#2174=STYLED_ITEM('',(#3729),#2292);
#2175=STYLED_ITEM('',(#3729),#2293);
#2176=STYLED_ITEM('',(#3729),#2294);
#2177=STYLED_ITEM('',(#3729),#2295);
#2178=STYLED_ITEM('',(#3729),#2296);
#2179=STYLED_ITEM('',(#3729),#2297);
#2180=STYLED_ITEM('',(#3729),#2298);
#2181=STYLED_ITEM('',(#3729),#2299);
#2182=STYLED_ITEM('',(#3729),#2300);
#2183=STYLED_ITEM('',(#3729),#2301);
#2184=STYLED_ITEM('',(#3729),#2302);
#2185=STYLED_ITEM('',(#3729),#2303);
#2186=STYLED_ITEM('',(#3730),#2304);
#2187=STYLED_ITEM('',(#3727),#13);
#2188=ADVANCED_FACE('',(#88),#1977,.F.);
#2189=ADVANCED_FACE('',(#89),#1978,.F.);
#2190=ADVANCED_FACE('',(#90),#1979,.F.);
#2191=ADVANCED_FACE('',(#91),#1980,.F.);
#2192=ADVANCED_FACE('',(#92),#1981,.F.);
#2193=ADVANCED_FACE('',(#93),#1982,.F.);
#2194=ADVANCED_FACE('',(#94),#1983,.F.);
#2195=ADVANCED_FACE('',(#95),#1984,.F.);
#2196=ADVANCED_FACE('',(#96),#1985,.F.);
#2197=ADVANCED_FACE('',(#97),#1986,.F.);
#2198=ADVANCED_FACE('',(#98),#1987,.F.);
#2199=ADVANCED_FACE('',(#99),#1988,.F.);
#2200=ADVANCED_FACE('',(#100),#1989,.F.);
#2201=ADVANCED_FACE('',(#101),#1990,.F.);
#2202=ADVANCED_FACE('',(#102),#1991,.F.);
#2203=ADVANCED_FACE('',(#103),#1992,.F.);
#2204=ADVANCED_FACE('',(#104),#1993,.F.);
#2205=ADVANCED_FACE('',(#105),#1994,.F.);
#2206=ADVANCED_FACE('',(#106),#1995,.F.);
#2207=ADVANCED_FACE('',(#107),#1996,.F.);
#2208=ADVANCED_FACE('',(#108),#1997,.F.);
#2209=ADVANCED_FACE('',(#109),#1998,.F.);
#2210=ADVANCED_FACE('',(#110),#1999,.F.);
#2211=ADVANCED_FACE('',(#111),#2000,.F.);
#2212=ADVANCED_FACE('',(#112),#2001,.F.);
#2213=ADVANCED_FACE('',(#113),#2002,.F.);
#2214=ADVANCED_FACE('',(#114),#2003,.F.);
#2215=ADVANCED_FACE('',(#115),#2004,.F.);
#2216=ADVANCED_FACE('',(#116),#2005,.F.);
#2217=ADVANCED_FACE('',(#117),#2006,.F.);
#2218=ADVANCED_FACE('',(#118),#2007,.F.);
#2219=ADVANCED_FACE('',(#119),#2008,.F.);
#2220=ADVANCED_FACE('',(#120),#2009,.F.);
#2221=ADVANCED_FACE('',(#121),#2010,.F.);
#2222=ADVANCED_FACE('',(#122),#2011,.F.);
#2223=ADVANCED_FACE('',(#123),#2012,.F.);
#2224=ADVANCED_FACE('',(#124),#2013,.F.);
#2225=ADVANCED_FACE('',(#125),#2014,.F.);
#2226=ADVANCED_FACE('',(#126),#2015,.F.);
#2227=ADVANCED_FACE('',(#127),#15,.F.);
#2228=ADVANCED_FACE('',(#128),#2016,.T.);
#2229=ADVANCED_FACE('',(#129),#2017,.F.);
#2230=ADVANCED_FACE('',(#130),#2018,.F.);
#2231=ADVANCED_FACE('',(#131),#16,.F.);
#2232=ADVANCED_FACE('',(#132),#2019,.T.);
#2233=ADVANCED_FACE('',(#133),#2020,.F.);
#2234=ADVANCED_FACE('',(#134),#2021,.F.);
#2235=ADVANCED_FACE('',(#135),#17,.F.);
#2236=ADVANCED_FACE('',(#136),#2022,.T.);
#2237=ADVANCED_FACE('',(#137),#2023,.F.);
#2238=ADVANCED_FACE('',(#138),#18,.F.);
#2239=ADVANCED_FACE('',(#139),#2024,.T.);
#2240=ADVANCED_FACE('',(#140),#2025,.F.);
#2241=ADVANCED_FACE('',(#141),#2026,.F.);
#2242=ADVANCED_FACE('',(#142),#19,.F.);
#2243=ADVANCED_FACE('',(#143),#2027,.T.);
#2244=ADVANCED_FACE('',(#144),#2028,.F.);
#2245=ADVANCED_FACE('',(#145),#2029,.F.);
#2246=ADVANCED_FACE('',(#146),#20,.F.);
#2247=ADVANCED_FACE('',(#147),#2030,.T.);
#2248=ADVANCED_FACE('',(#148),#21,.T.);
#2249=ADVANCED_FACE('',(#149),#2031,.F.);
#2250=ADVANCED_FACE('',(#150),#2032,.F.);
#2251=ADVANCED_FACE('',(#151,#14),#2033,.T.);
#2252=ADVANCED_FACE('',(#152),#2034,.F.);
#2253=ADVANCED_FACE('',(#153),#2035,.F.);
#2254=ADVANCED_FACE('',(#154),#2036,.F.);
#2255=ADVANCED_FACE('',(#155),#2037,.F.);
#2256=ADVANCED_FACE('',(#156),#22,.T.);
#2257=ADVANCED_FACE('',(#157),#2038,.F.);
#2258=ADVANCED_FACE('',(#158),#23,.T.);
#2259=ADVANCED_FACE('',(#159),#2039,.F.);
#2260=ADVANCED_FACE('',(#160),#24,.F.);
#2261=ADVANCED_FACE('',(#161),#2040,.F.);
#2262=ADVANCED_FACE('',(#162),#2041,.F.);
#2263=ADVANCED_FACE('',(#163),#2042,.F.);
#2264=ADVANCED_FACE('',(#164),#25,.T.);
#2265=ADVANCED_FACE('',(#165),#2043,.F.);
#2266=ADVANCED_FACE('',(#166),#26,.T.);
#2267=ADVANCED_FACE('',(#167),#2044,.F.);
#2268=ADVANCED_FACE('',(#168),#27,.F.);
#2269=ADVANCED_FACE('',(#169),#2045,.F.);
#2270=ADVANCED_FACE('',(#170),#2046,.F.);
#2271=ADVANCED_FACE('',(#171),#2047,.F.);
#2272=ADVANCED_FACE('',(#172),#28,.T.);
#2273=ADVANCED_FACE('',(#173),#2048,.F.);
#2274=ADVANCED_FACE('',(#174),#2049,.F.);
#2275=ADVANCED_FACE('',(#175),#29,.F.);
#2276=ADVANCED_FACE('',(#176),#2050,.F.);
#2277=ADVANCED_FACE('',(#177),#2051,.F.);
#2278=ADVANCED_FACE('',(#178),#2052,.F.);
#2279=ADVANCED_FACE('',(#179),#30,.T.);
#2280=ADVANCED_FACE('',(#180),#2053,.F.);
#2281=ADVANCED_FACE('',(#181),#2054,.F.);
#2282=ADVANCED_FACE('',(#182),#31,.F.);
#2283=ADVANCED_FACE('',(#183),#2055,.F.);
#2284=ADVANCED_FACE('',(#184),#2056,.F.);
#2285=ADVANCED_FACE('',(#185),#2057,.F.);
#2286=ADVANCED_FACE('',(#186),#32,.T.);
#2287=ADVANCED_FACE('',(#187),#2058,.F.);
#2288=ADVANCED_FACE('',(#188),#33,.T.);
#2289=ADVANCED_FACE('',(#189),#2059,.F.);
#2290=ADVANCED_FACE('',(#190),#34,.F.);
#2291=ADVANCED_FACE('',(#191),#2060,.F.);
#2292=ADVANCED_FACE('',(#192),#2061,.F.);
#2293=ADVANCED_FACE('',(#193),#2062,.F.);
#2294=ADVANCED_FACE('',(#194),#35,.T.);
#2295=ADVANCED_FACE('',(#195),#2063,.F.);
#2296=ADVANCED_FACE('',(#196),#36,.T.);
#2297=ADVANCED_FACE('',(#197),#2064,.F.);
#2298=ADVANCED_FACE('',(#198),#37,.F.);
#2299=ADVANCED_FACE('',(#199),#2065,.F.);
#2300=ADVANCED_FACE('',(#200),#2066,.F.);
#2301=ADVANCED_FACE('',(#201),#2067,.F.);
#2302=ADVANCED_FACE('',(#202),#38,.T.);
#2303=ADVANCED_FACE('',(#203),#2068,.F.);
#2304=ADVANCED_FACE('',(#204),#2069,.F.);
#2305=CLOSED_SHELL('',(#2188,#2189,#2190,#2191,#2192,#2193,#2194,#2195,
#2196,#2197,#2198,#2199,#2200,#2201,#2202,#2203,#2204,#2205,#2206,#2207,
#2208,#2209,#2210,#2211,#2212,#2213,#2214,#2215,#2216,#2217,#2218,#2219,
#2220,#2221,#2222,#2223,#2224,#2225,#2226,#2227,#2228,#2229,#2230,#2231,
#2232,#2233,#2234,#2235,#2236,#2237,#2238,#2239,#2240,#2241,#2242,#2243,
#2244,#2245,#2246,#2247,#2248,#2249,#2250,#2251,#2252,#2253,#2254,#2255,
#2256,#2257,#2258,#2259,#2260,#2261,#2262,#2263,#2264,#2265,#2266,#2267,
#2268,#2269,#2270,#2271,#2272,#2273,#2274,#2275,#2276,#2277,#2278,#2279,
#2280,#2281,#2282,#2283,#2284,#2285,#2286,#2287,#2288,#2289,#2290,#2291,
#2292,#2293,#2294,#2295,#2296,#2297,#2298,#2299,#2300,#2301,#2302,#2303,
#2304));
#2306=DERIVED_UNIT_ELEMENT(#2308,1.);
#2307=DERIVED_UNIT_ELEMENT(#3712,-3.);
#2308=(
MASS_UNIT()
NAMED_UNIT(*)
SI_UNIT(.KILO.,.GRAM.)
);
#2309=DERIVED_UNIT((#2306,#2307));
#2310=MEASURE_REPRESENTATION_ITEM('density measure',
POSITIVE_RATIO_MEASURE(7850.),#2309);
#2311=PROPERTY_DEFINITION_REPRESENTATION(#2316,#2313);
#2312=PROPERTY_DEFINITION_REPRESENTATION(#2317,#2314);
#2313=REPRESENTATION('material name',(#2315),#3709);
#2314=REPRESENTATION('density',(#2310),#3709);
#2315=DESCRIPTIVE_REPRESENTATION_ITEM('Steel','Steel');
#2316=PROPERTY_DEFINITION('material property','material name',#3719);
#2317=PROPERTY_DEFINITION('material property','density of part',#3719);
#2318=AXIS2_PLACEMENT_3D('',#3081,#2485,#2486);
#2319=AXIS2_PLACEMENT_3D('',#3082,#2487,#2488);
#2320=AXIS2_PLACEMENT_3D('',#3091,#2493,#2494);
#2321=AXIS2_PLACEMENT_3D('',#3105,#2502,#2503);
#2322=AXIS2_PLACEMENT_3D('',#3109,#2506,#2507);
#2323=AXIS2_PLACEMENT_3D('',#3115,#2511,#2512);
#2324=AXIS2_PLACEMENT_3D('',#3119,#2515,#2516);
#2325=AXIS2_PLACEMENT_3D('',#3135,#2525,#2526);
#2326=AXIS2_PLACEMENT_3D('',#3151,#2535,#2536);
#2327=AXIS2_PLACEMENT_3D('',#3155,#2539,#2540);
#2328=AXIS2_PLACEMENT_3D('',#3159,#2543,#2544);
#2329=AXIS2_PLACEMENT_3D('',#3161,#2546,#2547);
#2330=AXIS2_PLACEMENT_3D('',#3165,#2550,#2551);
#2331=AXIS2_PLACEMENT_3D('',#3185,#2562,#2563);
#2332=AXIS2_PLACEMENT_3D('',#3187,#2565,#2566);
#2333=AXIS2_PLACEMENT_3D('',#3193,#2570,#2571);
#2334=AXIS2_PLACEMENT_3D('',#3199,#2575,#2576);
#2335=AXIS2_PLACEMENT_3D('',#3205,#2580,#2581);
#2336=AXIS2_PLACEMENT_3D('',#3211,#2585,#2586);
#2337=AXIS2_PLACEMENT_3D('',#3217,#2590,#2591);
#2338=AXIS2_PLACEMENT_3D('',#3223,#2595,#2596);
#2339=AXIS2_PLACEMENT_3D('',#3225,#2598,#2599);
#2340=AXIS2_PLACEMENT_3D('',#3227,#2601,#2602);
#2341=AXIS2_PLACEMENT_3D('',#3233,#2606,#2607);
#2342=AXIS2_PLACEMENT_3D('',#3239,#2611,#2612);
#2343=AXIS2_PLACEMENT_3D('',#3245,#2616,#2617);
#2344=AXIS2_PLACEMENT_3D('',#3251,#2621,#2622);
#2345=AXIS2_PLACEMENT_3D('',#3257,#2626,#2627);
#2346=AXIS2_PLACEMENT_3D('',#3263,#2631,#2632);
#2347=AXIS2_PLACEMENT_3D('',#3267,#2635,#2636);
#2348=AXIS2_PLACEMENT_3D('',#3271,#2639,#2640);
#2349=AXIS2_PLACEMENT_3D('',#3273,#2642,#2643);
#2350=AXIS2_PLACEMENT_3D('',#3282,#2649,#2650);
#2351=AXIS2_PLACEMENT_3D('',#3298,#2659,#2660);
#2352=AXIS2_PLACEMENT_3D('',#3302,#2663,#2664);
#2353=AXIS2_PLACEMENT_3D('',#3306,#2667,#2668);
#2354=AXIS2_PLACEMENT_3D('',#3310,#2671,#2672);
#2355=AXIS2_PLACEMENT_3D('',#3326,#2681,#2682);
#2356=AXIS2_PLACEMENT_3D('',#3333,#2687,#2688);
#2357=AXIS2_PLACEMENT_3D('',#3341,#2694,#2695);
#2358=AXIS2_PLACEMENT_3D('',#3345,#2697,#2698);
#2359=AXIS2_PLACEMENT_3D('',#3349,#2700,#2701);
#2360=AXIS2_PLACEMENT_3D('',#3357,#2705,#2706);
#2361=AXIS2_PLACEMENT_3D('',#3360,#2708,#2709);
#2362=AXIS2_PLACEMENT_3D('',#3361,#2710,#2711);
#2363=AXIS2_PLACEMENT_3D('',#3364,#2713,#2714);
#2364=AXIS2_PLACEMENT_3D('',#3365,#2715,#2716);
#2365=AXIS2_PLACEMENT_3D('',#3369,#2718,#2719);
#2366=AXIS2_PLACEMENT_3D('',#3377,#2723,#2724);
#2367=AXIS2_PLACEMENT_3D('',#3381,#2726,#2727);
#2368=AXIS2_PLACEMENT_3D('',#3383,#2729,#2730);
#2369=AXIS2_PLACEMENT_3D('',#3386,#2733,#2734);
#2370=AXIS2_PLACEMENT_3D('',#3390,#2736,#2737);
#2371=AXIS2_PLACEMENT_3D('',#3394,#2739,#2740);
#2372=AXIS2_PLACEMENT_3D('',#3402,#2744,#2745);
#2373=AXIS2_PLACEMENT_3D('',#3405,#2747,#2748);
#2374=AXIS2_PLACEMENT_3D('',#3406,#2749,#2750);
#2375=AXIS2_PLACEMENT_3D('',#3409,#2752,#2753);
#2376=AXIS2_PLACEMENT_3D('',#3410,#2754,#2755);
#2377=AXIS2_PLACEMENT_3D('',#3414,#2757,#2758);
#2378=AXIS2_PLACEMENT_3D('',#3422,#2762,#2763);
#2379=AXIS2_PLACEMENT_3D('',#3426,#2765,#2766);
#2380=AXIS2_PLACEMENT_3D('',#3428,#2768,#2769);
#2381=AXIS2_PLACEMENT_3D('',#3430,#2771,#2772);
#2382=AXIS2_PLACEMENT_3D('',#3432,#2773,#2774);
#2383=AXIS2_PLACEMENT_3D('',#3436,#2776,#2777);
#2384=AXIS2_PLACEMENT_3D('',#3444,#2781,#2782);
#2385=AXIS2_PLACEMENT_3D('',#3447,#2784,#2785);
#2386=AXIS2_PLACEMENT_3D('',#3448,#2786,#2787);
#2387=AXIS2_PLACEMENT_3D('',#3451,#2789,#2790);
#2388=AXIS2_PLACEMENT_3D('',#3452,#2791,#2792);
#2389=AXIS2_PLACEMENT_3D('',#3456,#2794,#2795);
#2390=AXIS2_PLACEMENT_3D('',#3464,#2799,#2800);
#2391=AXIS2_PLACEMENT_3D('',#3467,#2802,#2803);
#2392=AXIS2_PLACEMENT_3D('',#3468,#2804,#2805);
#2393=AXIS2_PLACEMENT_3D('',#3470,#2806,#2807);
#2394=AXIS2_PLACEMENT_3D('',#3474,#2809,#2810);
#2395=AXIS2_PLACEMENT_3D('',#3482,#2814,#2815);
#2396=AXIS2_PLACEMENT_3D('',#3485,#2817,#2818);
#2397=AXIS2_PLACEMENT_3D('',#3486,#2819,#2820);
#2398=AXIS2_PLACEMENT_3D('',#3489,#2822,#2823);
#2399=AXIS2_PLACEMENT_3D('',#3490,#2824,#2825);
#2400=AXIS2_PLACEMENT_3D('',#3494,#2827,#2828);
#2401=AXIS2_PLACEMENT_3D('',#3502,#2832,#2833);
#2402=AXIS2_PLACEMENT_3D('',#3505,#2835,#2836);
#2403=AXIS2_PLACEMENT_3D('',#3506,#2837,#2838);
#2404=AXIS2_PLACEMENT_3D('',#3508,#2840,#2841);
#2405=AXIS2_PLACEMENT_3D('',#3512,#2843,#2844);
#2406=AXIS2_PLACEMENT_3D('',#3516,#2846,#2847);
#2407=AXIS2_PLACEMENT_3D('',#3524,#2851,#2852);
#2408=AXIS2_PLACEMENT_3D('',#3527,#2854,#2855);
#2409=AXIS2_PLACEMENT_3D('',#3528,#2856,#2857);
#2410=AXIS2_PLACEMENT_3D('',#3531,#2859,#2860);
#2411=AXIS2_PLACEMENT_3D('',#3532,#2861,#2862);
#2412=AXIS2_PLACEMENT_3D('',#3536,#2864,#2865);
#2413=AXIS2_PLACEMENT_3D('',#3544,#2869,#2870);
#2414=AXIS2_PLACEMENT_3D('',#3548,#2872,#2873);
#2415=AXIS2_PLACEMENT_3D('',#3550,#2875,#2876);
#2416=AXIS2_PLACEMENT_3D('',#3553,#2879,#2880);
#2417=AXIS2_PLACEMENT_3D('',#3557,#2882,#2883);
#2418=AXIS2_PLACEMENT_3D('',#3561,#2885,#2886);
#2419=AXIS2_PLACEMENT_3D('',#3569,#2890,#2891);
#2420=AXIS2_PLACEMENT_3D('',#3572,#2893,#2894);
#2421=AXIS2_PLACEMENT_3D('',#3573,#2895,#2896);
#2422=AXIS2_PLACEMENT_3D('',#3576,#2898,#2899);
#2423=AXIS2_PLACEMENT_3D('',#3577,#2900,#2901);
#2424=AXIS2_PLACEMENT_3D('',#3581,#2903,#2904);
#2425=AXIS2_PLACEMENT_3D('',#3589,#2908,#2909);
#2426=AXIS2_PLACEMENT_3D('',#3593,#2911,#2912);
#2427=AXIS2_PLACEMENT_3D('',#3595,#2914,#2915);
#2428=AXIS2_PLACEMENT_3D('',#3597,#2917,#2918);
#2429=AXIS2_PLACEMENT_3D('',#3599,#2920,#2921);
#2430=AXIS2_PLACEMENT_3D('',#3601,#2923,#2924);
#2431=AXIS2_PLACEMENT_3D('',#3608,#2928,#2929);
#2432=AXIS2_PLACEMENT_3D('',#3609,#2930,#2931);
#2433=AXIS2_PLACEMENT_3D('',#3611,#2933,#2934);
#2434=AXIS2_PLACEMENT_3D('',#3613,#2936,#2937);
#2435=AXIS2_PLACEMENT_3D('',#3615,#2939,#2940);
#2436=AXIS2_PLACEMENT_3D('',#3617,#2942,#2943);
#2437=AXIS2_PLACEMENT_3D('',#3619,#2945,#2946);
#2438=AXIS2_PLACEMENT_3D('',#3620,#2947,#2948);
#2439=AXIS2_PLACEMENT_3D('',#3622,#2950,#2951);
#2440=AXIS2_PLACEMENT_3D('',#3624,#2953,#2954);
#2441=AXIS2_PLACEMENT_3D('',#3626,#2956,#2957);
#2442=AXIS2_PLACEMENT_3D('',#3628,#2959,#2960);
#2443=AXIS2_PLACEMENT_3D('',#3630,#2962,#2963);
#2444=AXIS2_PLACEMENT_3D('',#3632,#2965,#2966);
#2445=AXIS2_PLACEMENT_3D('',#3634,#2968,#2969);
#2446=AXIS2_PLACEMENT_3D('',#3635,#2970,#2971);
#2447=AXIS2_PLACEMENT_3D('',#3637,#2973,#2974);
#2448=AXIS2_PLACEMENT_3D('',#3639,#2976,#2977);
#2449=AXIS2_PLACEMENT_3D('',#3641,#2979,#2980);
#2450=AXIS2_PLACEMENT_3D('',#3643,#2982,#2983);
#2451=AXIS2_PLACEMENT_3D('',#3645,#2985,#2986);
#2452=AXIS2_PLACEMENT_3D('',#3647,#2988,#2989);
#2453=AXIS2_PLACEMENT_3D('',#3649,#2991,#2992);
#2454=AXIS2_PLACEMENT_3D('',#3650,#2993,#2994);
#2455=AXIS2_PLACEMENT_3D('',#3652,#2996,#2997);
#2456=AXIS2_PLACEMENT_3D('',#3654,#2999,#3000);
#2457=AXIS2_PLACEMENT_3D('',#3656,#3002,#3003);
#2458=AXIS2_PLACEMENT_3D('',#3658,#3005,#3006);
#2459=AXIS2_PLACEMENT_3D('',#3660,#3008,#3009);
#2460=AXIS2_PLACEMENT_3D('',#3662,#3011,#3012);
#2461=AXIS2_PLACEMENT_3D('',#3663,#3013,#3014);
#2462=AXIS2_PLACEMENT_3D('',#3665,#3016,#3017);
#2463=AXIS2_PLACEMENT_3D('',#3667,#3019,#3020);
#2464=AXIS2_PLACEMENT_3D('',#3669,#3022,#3023);
#2465=AXIS2_PLACEMENT_3D('',#3671,#3025,#3026);
#2466=AXIS2_PLACEMENT_3D('',#3673,#3028,#3029);
#2467=AXIS2_PLACEMENT_3D('',#3675,#3031,#3032);
#2468=AXIS2_PLACEMENT_3D('',#3676,#3033,#3034);
#2469=AXIS2_PLACEMENT_3D('',#3678,#3036,#3037);
#2470=AXIS2_PLACEMENT_3D('',#3680,#3039,#3040);
#2471=AXIS2_PLACEMENT_3D('',#3682,#3042,#3043);
#2472=AXIS2_PLACEMENT_3D('',#3684,#3045,#3046);
#2473=AXIS2_PLACEMENT_3D('',#3686,#3048,#3049);
#2474=AXIS2_PLACEMENT_3D('',#3688,#3051,#3052);
#2475=AXIS2_PLACEMENT_3D('',#3690,#3054,#3055);
#2476=AXIS2_PLACEMENT_3D('',#3691,#3056,#3057);
#2477=AXIS2_PLACEMENT_3D('',#3693,#3059,#3060);
#2478=AXIS2_PLACEMENT_3D('',#3695,#3062,#3063);
#2479=AXIS2_PLACEMENT_3D('',#3697,#3065,#3066);
#2480=AXIS2_PLACEMENT_3D('',#3699,#3068,#3069);
#2481=AXIS2_PLACEMENT_3D('',#3701,#3071,#3072);
#2482=AXIS2_PLACEMENT_3D('',#3703,#3074,#3075);
#2483=AXIS2_PLACEMENT_3D('',#3705,#3077,#3078);
#2484=AXIS2_PLACEMENT_3D('',#3706,#3079,#3080);
#2485=DIRECTION('axis',(0.,0.,1.));
#2486=DIRECTION('refdir',(1.,0.,0.));
#2487=DIRECTION('center_axis',(0.,-0.990268068741477,0.139173100960731));
#2488=DIRECTION('ref_axis',(0.,-0.139173100960731,-0.990268068741477));
#2489=DIRECTION('',(1.,1.110223024625E-16,0.));
#2490=DIRECTION('',(-0.069418680829641,0.138837361660802,0.987879159492162));
#2491=DIRECTION('',(1.,1.110223024625E-16,0.));
#2492=DIRECTION('',(0.069418680829641,0.138837361660802,0.987879159492162));
#2493=DIRECTION('center_axis',(0.,0.,1.));
#2494=DIRECTION('ref_axis',(0.43658743396403,-0.899661832304063,0.));
#2495=DIRECTION('',(0.707106781186548,-0.707106781186548,0.));
#2496=DIRECTION('',(1.110223024625E-16,-1.,0.));
#2497=DIRECTION('',(-0.707106781186548,-0.707106781186548,0.));
#2498=DIRECTION('',(-1.,-1.110223024625E-16,0.));
#2499=DIRECTION('',(-0.707106781186548,0.707106781186548,0.));
#2500=DIRECTION('',(-1.110223024625E-16,1.,0.));
#2501=DIRECTION('',(0.707106781186548,0.707106781186548,0.));
#2502=DIRECTION('center_axis',(-0.699379129651787,-0.699379129651787,0.147436989982222));
#2503=DIRECTION('ref_axis',(0.206277448964772,0.,0.978493543181858));
#2504=DIRECTION('',(0.707106781186548,-0.707106781186548,0.));
#2505=DIRECTION('',(0.138837361660803,0.0694186808296415,0.987879159492162));
#2506=DIRECTION('center_axis',(1.110223024625E-16,-1.,0.));
#2507=DIRECTION('ref_axis',(1.,1.110223024625E-16,0.));
#2508=DIRECTION('',(0.,0.,1.));
#2509=DIRECTION('',(1.,1.110223024625E-16,0.));
#2510=DIRECTION('',(0.,0.,1.));
#2511=DIRECTION('center_axis',(0.699379129651787,-0.699379129651787,0.147436989982222));
#2512=DIRECTION('ref_axis',(0.206277448964772,0.,-0.978493543181858));
#2513=DIRECTION('',(-0.138837361660803,0.0694186808296415,0.987879159492162));
#2514=DIRECTION('',(0.707106781186548,0.707106781186548,0.));
#2515=DIRECTION('center_axis',(0.990268068741477,0.,0.139173100960731));
#2516=DIRECTION('ref_axis',(0.139173100960731,0.,-0.990268068741477));
#2517=DIRECTION('',(-0.138837361660803,-0.0694186808296415,0.987879159492162));
#2518=DIRECTION('',(-1.110223024625E-16,1.,0.));
#2519=DIRECTION('',(-1.110223024625E-16,1.,0.));
#2520=DIRECTION('',(-1.110223024625E-16,1.,0.));
#2521=DIRECTION('',(-1.110223024625E-16,1.,0.));
#2522=DIRECTION('',(-1.110223024625E-16,1.,0.));
#2523=DIRECTION('',(-1.110223024625E-16,1.,0.));
#2524=DIRECTION('',(-1.110223024625E-16,1.,0.));
#2525=DIRECTION('center_axis',(-0.990268068741477,0.,0.139173100960731));
#2526=DIRECTION('ref_axis',(0.139173100960731,0.,0.990268068741477));
#2527=DIRECTION('',(1.110223024625E-16,-1.,0.));
#2528=DIRECTION('',(1.110223024625E-16,-1.,0.));
#2529=DIRECTION('',(1.110223024625E-16,-1.,0.));
#2530=DIRECTION('',(1.110223024625E-16,-1.,0.));
#2531=DIRECTION('',(1.110223024625E-16,-1.,0.));
#2532=DIRECTION('',(1.110223024625E-16,-1.,0.));
#2533=DIRECTION('',(1.110223024625E-16,-1.,0.));
#2534=DIRECTION('',(0.138837361660803,-0.0694186808296415,0.987879159492162));
#2535=DIRECTION('center_axis',(0.699379129651787,0.699379129651787,0.147436989982222));
#2536=DIRECTION('ref_axis',(0.206277448964772,0.,-0.978493543181858));
#2537=DIRECTION('',(-0.069418680829641,-0.138837361660802,0.987879159492162));
#2538=DIRECTION('',(-0.707106781186548,0.707106781186548,0.));
#2539=DIRECTION('center_axis',(-0.699379129651787,0.699379129651787,0.147436989982222));
#2540=DIRECTION('ref_axis',(0.206277448964772,0.,0.978493543181858));
#2541=DIRECTION('',(-0.707106781186548,-0.707106781186548,0.));
#2542=DIRECTION('',(0.069418680829641,-0.138837361660802,0.987879159492162));
#2543=DIRECTION('center_axis',(0.,0.990268068741477,0.139173100960731));
#2544=DIRECTION('ref_axis',(0.,-0.139173100960731,0.990268068741477));
#2545=DIRECTION('',(-1.,-1.110223024625E-16,0.));
#2546=DIRECTION('center_axis',(-0.707106781186548,-0.707106781186548,0.));
#2547=DIRECTION('ref_axis',(0.707106781186548,-0.707106781186548,0.));
#2548=DIRECTION('',(0.707106781186548,-0.707106781186548,0.));
#2549=DIRECTION('',(0.,0.,1.));
#2550=DIRECTION('center_axis',(4.595758349624E-18,6.551522493592E-27,-1.));
#2551=DIRECTION('ref_axis',(1.,1.51922136901E-16,4.595758349624E-18));
#2552=DIRECTION('',(0.707106781186548,0.707106781186548,0.));
#2553=DIRECTION('',(-1.110223024625E-16,1.,0.));
#2554=DIRECTION('',(1.,-1.144237745222E-17,0.));
#2555=DIRECTION('',(-1.110223024625E-16,1.,0.));
#2556=DIRECTION('',(0.707106781186548,0.707106781186548,0.));
#2557=DIRECTION('',(1.,1.110223024625E-16,0.));
#2558=DIRECTION('',(0.707106781186548,-0.707106781186548,0.));
#2559=DIRECTION('',(1.110223024625E-16,-1.,0.));
#2560=DIRECTION('',(-1.,-1.110223024625E-16,0.));
#2561=DIRECTION('',(1.110223024625E-16,-1.,0.));
#2562=DIRECTION('center_axis',(0.707106781186548,-0.707106781186548,0.));
#2563=DIRECTION('ref_axis',(0.707106781186548,0.707106781186548,0.));
#2564=DIRECTION('',(0.,0.,1.));
#2565=DIRECTION('center_axis',(1.,1.110223024625E-16,0.));
#2566=DIRECTION('ref_axis',(-1.110223024625E-16,1.,0.));
#2567=DIRECTION('',(0.,0.,1.));
#2568=DIRECTION('',(-1.110223024625E-16,1.,0.));
#2569=DIRECTION('',(0.,0.,1.));
#2570=DIRECTION('center_axis',(0.,0.,1.));
#2571=DIRECTION('ref_axis',(-1.,1.144237745222E-17,0.));
#2572=DIRECTION('',(-1.,1.144237745222E-17,0.));
#2573=DIRECTION('',(1.144237745222E-17,1.,0.));
#2574=DIRECTION('',(-1.,1.144237745222E-17,0.));
#2575=DIRECTION('center_axis',(1.,1.110223024625E-16,0.));
#2576=DIRECTION('ref_axis',(-1.110223024625E-16,1.,0.));
#2577=DIRECTION('',(0.,0.,1.));
#2578=DIRECTION('',(-1.110223024625E-16,1.,0.));
#2579=DIRECTION('',(0.,0.,1.));
#2580=DIRECTION('center_axis',(0.,0.,1.));
#2581=DIRECTION('ref_axis',(-1.,1.144237745222E-17,0.));
#2582=DIRECTION('',(-1.,1.144237745222E-17,0.));
#2583=DIRECTION('',(1.144237745222E-17,1.,0.));
#2584=DIRECTION('',(-1.,1.144237745222E-17,0.));
#2585=DIRECTION('center_axis',(1.,1.110223024625E-16,0.));
#2586=DIRECTION('ref_axis',(-1.110223024625E-16,1.,0.));
#2587=DIRECTION('',(0.,0.,1.));
#2588=DIRECTION('',(-1.110223024625E-16,1.,0.));
#2589=DIRECTION('',(0.,0.,1.));
#2590=DIRECTION('center_axis',(0.,0.,1.));
#2591=DIRECTION('ref_axis',(-1.,1.144237745222E-17,0.));
#2592=DIRECTION('',(-1.,1.144237745222E-17,0.));
#2593=DIRECTION('',(1.144237745222E-17,1.,0.));
#2594=DIRECTION('',(-1.,1.144237745222E-17,0.));
#2595=DIRECTION('center_axis',(1.,1.110223024625E-16,0.));
#2596=DIRECTION('ref_axis',(-1.110223024625E-16,1.,0.));
#2597=DIRECTION('',(0.,0.,1.));
#2598=DIRECTION('center_axis',(-1.,-1.110223024625E-16,0.));
#2599=DIRECTION('ref_axis',(1.110223024625E-16,-1.,0.));
#2600=DIRECTION('',(0.,0.,1.));
#2601=DIRECTION('center_axis',(0.,0.,1.));
#2602=DIRECTION('ref_axis',(1.,1.110223024625E-16,0.));
#2603=DIRECTION('',(1.,1.110223024625E-16,0.));
#2604=DIRECTION('',(1.110223024625E-16,-1.,0.));
#2605=DIRECTION('',(1.,1.110223024625E-16,0.));
#2606=DIRECTION('center_axis',(-1.,-1.110223024625E-16,0.));
#2607=DIRECTION('ref_axis',(1.110223024625E-16,-1.,0.));
#2608=DIRECTION('',(0.,0.,1.));
#2609=DIRECTION('',(1.110223024625E-16,-1.,0.));
#2610=DIRECTION('',(0.,0.,1.));
#2611=DIRECTION('center_axis',(0.,0.,1.));
#2612=DIRECTION('ref_axis',(1.,1.110223024625E-16,0.));
#2613=DIRECTION('',(1.,1.110223024625E-16,0.));
#2614=DIRECTION('',(1.110223024625E-16,-1.,0.));
#2615=DIRECTION('',(1.,1.110223024625E-16,0.));
#2616=DIRECTION('center_axis',(-1.,-1.110223024625E-16,0.));
#2617=DIRECTION('ref_axis',(1.110223024625E-16,-1.,0.));
#2618=DIRECTION('',(0.,0.,1.));
#2619=DIRECTION('',(1.110223024625E-16,-1.,0.));
#2620=DIRECTION('',(0.,0.,1.));
#2621=DIRECTION('center_axis',(0.,0.,1.));
#2622=DIRECTION('ref_axis',(1.,1.110223024625E-16,0.));
#2623=DIRECTION('',(1.,1.110223024625E-16,0.));
#2624=DIRECTION('',(1.110223024625E-16,-1.,0.));
#2625=DIRECTION('',(1.,1.110223024625E-16,0.));
#2626=DIRECTION('center_axis',(-1.,-1.110223024625E-16,0.));
#2627=DIRECTION('ref_axis',(1.110223024625E-16,-1.,0.));
#2628=DIRECTION('',(0.,0.,1.));
#2629=DIRECTION('',(1.110223024625E-16,-1.,0.));
#2630=DIRECTION('',(0.,0.,1.));
#2631=DIRECTION('center_axis',(0.707106781186548,0.707106781186548,0.));
#2632=DIRECTION('ref_axis',(-0.707106781186548,0.707106781186548,0.));
#2633=DIRECTION('',(0.,0.,1.));
#2634=DIRECTION('',(-0.707106781186548,0.707106781186548,0.));
#2635=DIRECTION('center_axis',(-0.707106781186548,0.707106781186548,0.));
#2636=DIRECTION('ref_axis',(-0.707106781186548,-0.707106781186548,0.));
#2637=DIRECTION('',(-0.707106781186548,-0.707106781186548,0.));
#2638=DIRECTION('',(0.,0.,1.));
#2639=DIRECTION('center_axis',(-1.110223024625E-16,1.,0.));
#2640=DIRECTION('ref_axis',(-1.,-1.110223024625E-16,0.));
#2641=DIRECTION('',(-1.,-1.110223024625E-16,0.));
#2642=DIRECTION('center_axis',(0.,0.,-1.));
#2643=DIRECTION('ref_axis',(1.,-1.144237745222E-17,0.));
#2644=DIRECTION('',(1.,-1.144237745222E-17,0.));
#2645=DIRECTION('',(1.,-1.144237745222E-17,0.));
#2646=DIRECTION('',(-1.110223024625E-16,1.,0.));
#2647=DIRECTION('',(1.,-1.144237745222E-17,0.));
#2648=DIRECTION('',(1.144237745222E-17,1.,0.));
#2649=DIRECTION('center_axis',(0.990268068741477,0.,-0.139173100960731));
#2650=DIRECTION('ref_axis',(-0.139173100960731,0.,-0.990268068741477));
#2651=DIRECTION('',(-1.110223024625E-16,1.,0.));
#2652=DIRECTION('',(0.138837361660803,0.0694186808296415,0.987879159492162));
#2653=DIRECTION('',(-1.110223024625E-16,1.,0.));
#2654=DIRECTION('',(0.138837361660803,-0.0694186808296415,0.987879159492162));
#2655=DIRECTION('',(-1.110223024625E-16,1.,0.));
#2656=DIRECTION('',(-1.110223024625E-16,1.,0.));
#2657=DIRECTION('',(-1.110223024625E-16,1.,0.));
#2658=DIRECTION('',(-1.110223024625E-16,1.,0.));
#2659=DIRECTION('center_axis',(0.699379129651787,-0.699379129651787,-0.147436989982222));
#2660=DIRECTION('ref_axis',(-0.206277448964772,0.,-0.978493543181858));
#2661=DIRECTION('',(0.707106781186548,0.707106781186548,0.));
#2662=DIRECTION('',(0.0694186808296415,-0.138837361660802,0.987879159492162));
#2663=DIRECTION('center_axis',(0.,-0.990268068741477,-0.139173100960731));
#2664=DIRECTION('ref_axis',(0.,0.139173100960731,-0.990268068741477));
#2665=DIRECTION('',(1.,1.110223024625E-16,0.));
#2666=DIRECTION('',(-0.0694186808296415,-0.138837361660802,0.987879159492162));
#2667=DIRECTION('center_axis',(-0.699379129651787,-0.699379129651787,-0.147436989982222));
#2668=DIRECTION('ref_axis',(-0.206277448964772,0.,0.978493543181858));
#2669=DIRECTION('',(0.707106781186548,-0.707106781186548,0.));
#2670=DIRECTION('',(-0.138837361660803,-0.0694186808296415,0.987879159492162));
#2671=DIRECTION('center_axis',(-0.990268068741477,0.,-0.139173100960731));
#2672=DIRECTION('ref_axis',(-0.139173100960731,0.,0.990268068741477));
#2673=DIRECTION('',(1.110223024625E-16,-1.,0.));
#2674=DIRECTION('',(-0.138837361660803,0.0694186808296415,0.987879159492162));
#2675=DIRECTION('',(1.110223024625E-16,-1.,0.));
#2676=DIRECTION('',(1.110223024625E-16,-1.,0.));
#2677=DIRECTION('',(1.110223024625E-16,-1.,0.));
#2678=DIRECTION('',(1.110223024625E-16,-1.,0.));
#2679=DIRECTION('',(1.110223024625E-16,-1.,0.));
#2680=DIRECTION('',(1.110223024625E-16,-1.,0.));
#2681=DIRECTION('center_axis',(0.,0.,-1.));
#2682=DIRECTION('ref_axis',(-1.,-1.110223024625E-16,0.));
#2683=DIRECTION('',(-1.,-1.110223024625E-16,0.));
#2684=DIRECTION('',(-1.,-1.110223024625E-16,0.));
#2685=DIRECTION('',(-1.,-1.110223024625E-16,0.));
#2686=DIRECTION('',(1.110223024625E-16,-1.,0.));
#2687=DIRECTION('center_axis',(4.595758349624E-18,6.551522493592E-27,-1.));
#2688=DIRECTION('ref_axis',(1.,1.51922136901E-16,4.595758349624E-18));
#2689=DIRECTION('',(-1.,-1.110223024625E-16,0.));
#2690=DIRECTION('',(-0.707106781186548,-0.707106781186548,0.));
#2691=DIRECTION('',(-1.,-1.110223024625E-16,0.));
#2692=DIRECTION('',(-0.707106781186548,0.707106781186548,0.));
#2693=DIRECTION('',(1.,-1.144237745222E-17,0.));
#2694=DIRECTION('center_axis',(1.144237745222E-17,1.,0.));
#2695=DIRECTION('ref_axis',(0.,0.,1.));
#2696=DIRECTION('',(1.,-1.144237745222E-17,0.));
#2697=DIRECTION('center_axis',(1.144237745222E-17,1.,7.703719777549E-34));
#2698=DIRECTION('ref_axis',(-0.98480775301219,1.12685420278381E-17,0.173648177667033));
#2699=DIRECTION('',(0.162423314011974,-1.85850886596371E-18,0.986721169867845));
#2700=DIRECTION('center_axis',(-1.144237745222E-17,-1.,0.));
#2701=DIRECTION('ref_axis',(-2.22044604925E-15,2.54071818078092E-32,-1.));
#2702=DIRECTION('',(1.,-1.144237745222E-17,0.));
#2703=DIRECTION('',(0.,0.,1.));
#2704=DIRECTION('',(-1.,1.144237745222E-17,0.));
#2705=DIRECTION('center_axis',(1.144237745222E-17,1.,1.155557966632E-33));
#2706=DIRECTION('ref_axis',(0.98480775301219,-1.12685420278381E-17,-0.173648177667033));
#2707=DIRECTION('',(-0.162423314011974,1.85850886596371E-18,-0.986721169867845));
#2708=DIRECTION('center_axis',(-1.144237745222E-17,-1.,0.));
#2709=DIRECTION('ref_axis',(0.,0.,1.));
#2710=DIRECTION('center_axis',(-1.144237745222E-17,-1.,0.));
#2711=DIRECTION('ref_axis',(0.,0.,1.));
#2712=DIRECTION('',(1.144237745222E-17,1.,0.));
#2713=DIRECTION('center_axis',(-1.144237745222E-17,-1.,0.));
#2714=DIRECTION('ref_axis',(0.,0.,1.));
#2715=DIRECTION('center_axis',(1.144237745222E-17,1.,0.));
#2716=DIRECTION('ref_axis',(0.,0.,1.));
#2717=DIRECTION('',(-0.162423314011974,1.85850886596371E-18,-0.986721169867845));
#2718=DIRECTION('center_axis',(1.144237745222E-17,1.,1.155557966632E-33));
#2719=DIRECTION('ref_axis',(0.98480775301219,-1.12685420278381E-17,-0.173648177667033));
#2720=DIRECTION('',(-1.,1.144237745222E-17,0.));
#2721=DIRECTION('',(0.,0.,1.));
#2722=DIRECTION('',(1.,-1.144237745222E-17,0.));
#2723=DIRECTION('center_axis',(-1.144237745222E-17,-1.,0.));
#2724=DIRECTION('ref_axis',(-2.22044604925E-15,2.54071818078092E-32,-1.));
#2725=DIRECTION('',(0.162423314011974,-1.85850886596371E-18,0.986721169867845));
#2726=DIRECTION('center_axis',(1.144237745222E-17,1.,7.703719777549E-34));
#2727=DIRECTION('ref_axis',(-0.98480775301219,1.12685420278381E-17,0.173648177667033));
#2728=DIRECTION('',(1.,-1.144237745222E-17,0.));
#2729=DIRECTION('center_axis',(4.595758349624E-18,6.551522493592E-27,-1.));
#2730=DIRECTION('ref_axis',(1.,1.51922136901E-16,4.595758349624E-18));
#2731=DIRECTION('',(1.,-1.144237745222E-17,0.));
#2732=DIRECTION('',(1.,-1.144237745222E-17,0.));
#2733=DIRECTION('center_axis',(1.144237745222E-17,1.,0.));
#2734=DIRECTION('ref_axis',(0.,0.,1.));
#2735=DIRECTION('',(1.,-1.144237745222E-17,0.));
#2736=DIRECTION('center_axis',(1.144237745222E-17,1.,7.703719777549E-34));
#2737=DIRECTION('ref_axis',(-0.98480775301219,1.12685420278381E-17,0.173648177667033));
#2738=DIRECTION('',(0.162423314011974,-1.85850886596371E-18,0.986721169867845));
#2739=DIRECTION('center_axis',(-1.144237745222E-17,-1.,0.));
#2740=DIRECTION('ref_axis',(-2.22044604925E-15,2.54071818078092E-32,-1.));
#2741=DIRECTION('',(1.,-1.144237745222E-17,0.));
#2742=DIRECTION('',(0.,0.,1.));
#2743=DIRECTION('',(-1.,1.144237745222E-17,0.));
#2744=DIRECTION('center_axis',(1.144237745222E-17,1.,1.155557966632E-33));
#2745=DIRECTION('ref_axis',(0.98480775301219,-1.12685420278381E-17,-0.173648177667033));
#2746=DIRECTION('',(-0.162423314011974,1.85850886596371E-18,-0.986721169867845));
#2747=DIRECTION('center_axis',(-1.144237745222E-17,-1.,0.));
#2748=DIRECTION('ref_axis',(0.,0.,1.));
#2749=DIRECTION('center_axis',(-1.144237745222E-17,-1.,0.));
#2750=DIRECTION('ref_axis',(0.,0.,1.));
#2751=DIRECTION('',(1.144237745222E-17,1.,0.));
#2752=DIRECTION('center_axis',(-1.144237745222E-17,-1.,0.));
#2753=DIRECTION('ref_axis',(0.,0.,1.));
#2754=DIRECTION('center_axis',(1.144237745222E-17,1.,0.));
#2755=DIRECTION('ref_axis',(0.,0.,1.));
#2756=DIRECTION('',(-0.162423314011974,1.85850886596371E-18,-0.986721169867845));
#2757=DIRECTION('center_axis',(1.144237745222E-17,1.,1.155557966632E-33));
#2758=DIRECTION('ref_axis',(0.98480775301219,-1.12685420278381E-17,-0.173648177667033));
#2759=DIRECTION('',(-1.,1.144237745222E-17,0.));
#2760=DIRECTION('',(0.,0.,1.));
#2761=DIRECTION('',(1.,-1.144237745222E-17,0.));
#2762=DIRECTION('center_axis',(-1.144237745222E-17,-1.,0.));
#2763=DIRECTION('ref_axis',(-2.22044604925E-15,2.54071818078092E-32,-1.));
#2764=DIRECTION('',(0.162423314011974,-1.85850886596371E-18,0.986721169867845));
#2765=DIRECTION('center_axis',(1.144237745222E-17,1.,7.703719777549E-34));
#2766=DIRECTION('ref_axis',(-0.98480775301219,1.12685420278381E-17,0.173648177667033));
#2767=DIRECTION('',(1.,-1.144237745222E-17,0.));
#2768=DIRECTION('center_axis',(4.595758349624E-18,6.551522493592E-27,-1.));
#2769=DIRECTION('ref_axis',(1.,1.51922136901E-16,4.595758349624E-18));
#2770=DIRECTION('',(1.,-1.144237745222E-17,0.));
#2771=DIRECTION('center_axis',(1.144237745222E-17,1.,0.));
#2772=DIRECTION('ref_axis',(0.,0.,1.));
#2773=DIRECTION('center_axis',(1.144237745222E-17,1.,7.703719777549E-34));
#2774=DIRECTION('ref_axis',(-0.98480775301219,1.12685420278381E-17,0.173648177667033));
#2775=DIRECTION('',(0.162423314011974,-1.85850886596371E-18,0.986721169867845));
#2776=DIRECTION('center_axis',(-1.144237745222E-17,-1.,0.));
#2777=DIRECTION('ref_axis',(-2.22044604925E-15,2.54071818078092E-32,-1.));
#2778=DIRECTION('',(1.,-1.144237745222E-17,0.));
#2779=DIRECTION('',(0.,0.,1.));
#2780=DIRECTION('',(-1.,1.144237745222E-17,0.));
#2781=DIRECTION('center_axis',(1.144237745222E-17,1.,1.155557966632E-33));
#2782=DIRECTION('ref_axis',(0.98480775301219,-1.12685420278381E-17,-0.173648177667033));
#2783=DIRECTION('',(-0.162423314011974,1.85850886596371E-18,-0.986721169867845));
#2784=DIRECTION('center_axis',(-1.144237745222E-17,-1.,0.));
#2785=DIRECTION('ref_axis',(0.,0.,1.));
#2786=DIRECTION('center_axis',(-1.144237745222E-17,-1.,0.));
#2787=DIRECTION('ref_axis',(0.,0.,1.));
#2788=DIRECTION('',(1.144237745222E-17,1.,0.));
#2789=DIRECTION('center_axis',(-1.144237745222E-17,-1.,0.));
#2790=DIRECTION('ref_axis',(0.,0.,1.));
#2791=DIRECTION('center_axis',(1.144237745222E-17,1.,0.));
#2792=DIRECTION('ref_axis',(0.,0.,1.));
#2793=DIRECTION('',(-0.162423314011974,1.85850886596371E-18,-0.986721169867845));
#2794=DIRECTION('center_axis',(1.144237745222E-17,1.,1.155557966632E-33));
#2795=DIRECTION('ref_axis',(0.98480775301219,-1.12685420278381E-17,-0.173648177667033));
#2796=DIRECTION('',(-1.,1.144237745222E-17,0.));
#2797=DIRECTION('',(0.,0.,1.));
#2798=DIRECTION('',(1.,-1.144237745222E-17,0.));
#2799=DIRECTION('center_axis',(-1.144237745222E-17,-1.,0.));
#2800=DIRECTION('ref_axis',(-2.22044604925E-15,2.54071818078092E-32,-1.));
#2801=DIRECTION('',(0.162423314011974,-1.85850886596371E-18,0.986721169867845));
#2802=DIRECTION('center_axis',(1.144237745222E-17,1.,7.703719777549E-34));
#2803=DIRECTION('ref_axis',(-0.98480775301219,1.12685420278381E-17,0.173648177667033));
#2804=DIRECTION('center_axis',(1.110223024625E-16,-1.,0.));
#2805=DIRECTION('ref_axis',(0.,0.,1.));
#2806=DIRECTION('center_axis',(1.110223024625E-16,-1.,0.));
#2807=DIRECTION('ref_axis',(0.98480775301219,1.09335624222334E-16,0.173648177667033));
#2808=DIRECTION('',(-0.162423314011974,-1.80326102951872E-17,0.986721169867845));
#2809=DIRECTION('center_axis',(-1.110223024625E-16,1.,0.));
#2810=DIRECTION('ref_axis',(2.22044604925E-15,2.46519032881497E-31,-1.));
#2811=DIRECTION('',(-1.,-1.110223024625E-16,0.));
#2812=DIRECTION('',(0.,0.,1.));
#2813=DIRECTION('',(1.,1.110223024625E-16,0.));
#2814=DIRECTION('center_axis',(1.110223024625E-16,-1.,0.));
#2815=DIRECTION('ref_axis',(-0.98480775301219,-1.09335624222334E-16,-0.173648177667033));
#2816=DIRECTION('',(0.162423314011974,1.80326102951872E-17,-0.986721169867845));
#2817=DIRECTION('center_axis',(-1.110223024625E-16,1.,0.));
#2818=DIRECTION('ref_axis',(0.,0.,1.));
#2819=DIRECTION('center_axis',(-1.110223024625E-16,1.,0.));
#2820=DIRECTION('ref_axis',(0.,0.,1.));
#2821=DIRECTION('',(1.110223024625E-16,-1.,0.));
#2822=DIRECTION('center_axis',(-1.110223024625E-16,1.,0.));
#2823=DIRECTION('ref_axis',(0.,0.,1.));
#2824=DIRECTION('center_axis',(1.110223024625E-16,-1.,0.));
#2825=DIRECTION('ref_axis',(0.,0.,1.));
#2826=DIRECTION('',(0.162423314011974,1.80326102951872E-17,-0.986721169867845));
#2827=DIRECTION('center_axis',(1.110223024625E-16,-1.,0.));
#2828=DIRECTION('ref_axis',(-0.98480775301219,-1.09335624222334E-16,-0.173648177667033));
#2829=DIRECTION('',(1.,1.110223024625E-16,0.));
#2830=DIRECTION('',(0.,0.,1.));
#2831=DIRECTION('',(-1.,-1.110223024625E-16,0.));
#2832=DIRECTION('center_axis',(-1.110223024625E-16,1.,0.));
#2833=DIRECTION('ref_axis',(2.22044604925E-15,2.46519032881497E-31,-1.));
#2834=DIRECTION('',(-0.162423314011974,-1.80326102951872E-17,0.986721169867845));
#2835=DIRECTION('center_axis',(1.110223024625E-16,-1.,0.));
#2836=DIRECTION('ref_axis',(0.98480775301219,1.09335624222334E-16,0.173648177667033));
#2837=DIRECTION('center_axis',(4.595758349624E-18,6.551522493592E-27,-1.));
#2838=DIRECTION('ref_axis',(1.,1.51922136901E-16,4.595758349624E-18));
#2839=DIRECTION('',(-1.,-1.110223024625E-16,0.));
#2840=DIRECTION('center_axis',(1.110223024625E-16,-1.,0.));
#2841=DIRECTION('ref_axis',(0.,0.,1.));
#2842=DIRECTION('',(-1.,-1.110223024625E-16,0.));
#2843=DIRECTION('center_axis',(1.110223024625E-16,-1.,0.));
#2844=DIRECTION('ref_axis',(0.98480775301219,1.09335624222334E-16,0.173648177667033));
#2845=DIRECTION('',(-0.162423314011974,-1.80326102951872E-17,0.986721169867845));
#2846=DIRECTION('center_axis',(-1.110223024625E-16,1.,0.));
#2847=DIRECTION('ref_axis',(2.22044604925E-15,2.46519032881497E-31,-1.));
#2848=DIRECTION('',(-1.,-1.110223024625E-16,0.));
#2849=DIRECTION('',(0.,0.,1.));
#2850=DIRECTION('',(1.,1.110223024625E-16,0.));
#2851=DIRECTION('center_axis',(1.110223024625E-16,-1.,0.));
#2852=DIRECTION('ref_axis',(-0.98480775301219,-1.09335624222334E-16,-0.173648177667033));
#2853=DIRECTION('',(0.162423314011974,1.80326102951872E-17,-0.986721169867845));
#2854=DIRECTION('center_axis',(-1.110223024625E-16,1.,0.));
#2855=DIRECTION('ref_axis',(0.,0.,1.));
#2856=DIRECTION('center_axis',(-1.110223024625E-16,1.,0.));
#2857=DIRECTION('ref_axis',(0.,0.,1.));
#2858=DIRECTION('',(1.110223024625E-16,-1.,0.));
#2859=DIRECTION('center_axis',(-1.110223024625E-16,1.,0.));
#2860=DIRECTION('ref_axis',(0.,0.,1.));
#2861=DIRECTION('center_axis',(1.110223024625E-16,-1.,0.));
#2862=DIRECTION('ref_axis',(0.,0.,1.));
#2863=DIRECTION('',(0.162423314011974,1.80326102951872E-17,-0.986721169867845));
#2864=DIRECTION('center_axis',(1.110223024625E-16,-1.,0.));
#2865=DIRECTION('ref_axis',(-0.98480775301219,-1.09335624222334E-16,-0.173648177667033));
#2866=DIRECTION('',(1.,1.110223024625E-16,0.));
#2867=DIRECTION('',(0.,0.,1.));
#2868=DIRECTION('',(-1.,-1.110223024625E-16,0.));
#2869=DIRECTION('center_axis',(-1.110223024625E-16,1.,0.));
#2870=DIRECTION('ref_axis',(2.22044604925E-15,2.46519032881497E-31,-1.));
#2871=DIRECTION('',(-0.162423314011974,-1.80326102951872E-17,0.986721169867845));
#2872=DIRECTION('center_axis',(1.110223024625E-16,-1.,0.));
#2873=DIRECTION('ref_axis',(0.98480775301219,1.09335624222334E-16,0.173648177667033));
#2874=DIRECTION('',(-1.,-1.110223024625E-16,0.));
#2875=DIRECTION('center_axis',(4.595758349624E-18,6.551522493592E-27,-1.));
#2876=DIRECTION('ref_axis',(1.,1.51922136901E-16,4.595758349624E-18));
#2877=DIRECTION('',(-1.,-1.110223024625E-16,0.));
#2878=DIRECTION('',(-1.,-1.110223024625E-16,0.));
#2879=DIRECTION('center_axis',(1.110223024625E-16,-1.,0.));
#2880=DIRECTION('ref_axis',(0.,0.,1.));
#2881=DIRECTION('',(-1.,-1.110223024625E-16,0.));
#2882=DIRECTION('center_axis',(1.110223024625E-16,-1.,0.));
#2883=DIRECTION('ref_axis',(0.98480775301219,1.09335624222334E-16,0.173648177667033));
#2884=DIRECTION('',(-0.162423314011974,-1.80326102951872E-17,0.986721169867845));
#2885=DIRECTION('center_axis',(-1.110223024625E-16,1.,0.));
#2886=DIRECTION('ref_axis',(2.22044604925E-15,2.46519032881497E-31,-1.));
#2887=DIRECTION('',(-1.,-1.110223024625E-16,0.));
#2888=DIRECTION('',(0.,0.,1.));
#2889=DIRECTION('',(1.,1.110223024625E-16,0.));
#2890=DIRECTION('center_axis',(1.110223024625E-16,-1.,0.));
#2891=DIRECTION('ref_axis',(-0.98480775301219,-1.09335624222334E-16,-0.173648177667033));
#2892=DIRECTION('',(0.162423314011974,1.80326102951872E-17,-0.986721169867845));
#2893=DIRECTION('center_axis',(-1.110223024625E-16,1.,0.));
#2894=DIRECTION('ref_axis',(0.,0.,1.));
#2895=DIRECTION('center_axis',(-1.110223024625E-16,1.,0.));
#2896=DIRECTION('ref_axis',(0.,0.,1.));
#2897=DIRECTION('',(1.110223024625E-16,-1.,0.));
#2898=DIRECTION('center_axis',(-1.110223024625E-16,1.,0.));
#2899=DIRECTION('ref_axis',(0.,0.,1.));
#2900=DIRECTION('center_axis',(1.110223024625E-16,-1.,0.));
#2901=DIRECTION('ref_axis',(0.,0.,1.));
#2902=DIRECTION('',(0.162423314011974,1.80326102951872E-17,-0.986721169867845));
#2903=DIRECTION('center_axis',(1.110223024625E-16,-1.,0.));
#2904=DIRECTION('ref_axis',(-0.98480775301219,-1.09335624222334E-16,-0.173648177667033));
#2905=DIRECTION('',(1.,1.110223024625E-16,0.));
#2906=DIRECTION('',(0.,0.,1.));
#2907=DIRECTION('',(-1.,-1.110223024625E-16,0.));
#2908=DIRECTION('center_axis',(-1.110223024625E-16,1.,0.));
#2909=DIRECTION('ref_axis',(2.22044604925E-15,2.46519032881497E-31,-1.));
#2910=DIRECTION('',(-0.162423314011974,-1.80326102951872E-17,0.986721169867845));
#2911=DIRECTION('center_axis',(1.110223024625E-16,-1.,0.));
#2912=DIRECTION('ref_axis',(0.98480775301219,1.09335624222334E-16,0.173648177667033));
#2913=DIRECTION('',(-1.,-1.110223024625E-16,0.));
#2914=DIRECTION('center_axis',(-1.144237745222E-17,-1.,0.));
#2915=DIRECTION('ref_axis',(-0.98480775301219,1.12685420278381E-17,0.173648177667033));
#2916=DIRECTION('',(1.144237745222E-17,1.,0.));
#2917=DIRECTION('center_axis',(0.,0.,-1.));
#2918=DIRECTION('ref_axis',(1.,-1.144237745222E-17,0.));
#2919=DIRECTION('',(1.144237745222E-17,1.,0.));
#2920=DIRECTION('center_axis',(0.,0.,-1.));
#2921=DIRECTION('ref_axis',(1.,-1.144237745222E-17,0.));
#2922=DIRECTION('',(1.144237745222E-17,1.,0.));
#2923=DIRECTION('center_axis',(0.,0.,1.));
#2924=DIRECTION('ref_axis',(0.436386464522171,-0.899759330922353,0.));
#2925=DIRECTION('',(-0.707106781186548,0.707106781186548,0.));
#2926=DIRECTION('',(-1.,-1.110223024625E-16,0.));
#2927=DIRECTION('',(-0.707106781186548,-0.707106781186548,0.));
#2928=DIRECTION('center_axis',(0.,0.,-1.));
#2929=DIRECTION('ref_axis',(1.110223024625E-16,-1.,0.));
#2930=DIRECTION('center_axis',(0.699379129651787,0.699379129651787,-0.147436989982222));
#2931=DIRECTION('ref_axis',(-0.206277448964772,0.,-0.978493543181858));
#2932=DIRECTION('',(0.0694186808296415,0.138837361660802,0.987879159492162));
#2933=DIRECTION('center_axis',(0.,0.,-1.));
#2934=DIRECTION('ref_axis',(-1.,-1.110223024625E-16,0.));
#2935=DIRECTION('',(1.110223024625E-16,-1.,0.));
#2936=DIRECTION('center_axis',(0.,0.,-1.));
#2937=DIRECTION('ref_axis',(-1.,-1.110223024625E-16,0.));
#2938=DIRECTION('',(1.110223024625E-16,-1.,0.));
#2939=DIRECTION('center_axis',(-0.699379129651787,0.699379129651787,-0.147436989982222));
#2940=DIRECTION('ref_axis',(-0.206277448964772,0.,0.978493543181858));
#2941=DIRECTION('',(-0.0694186808296415,0.138837361660802,0.987879159492162));
#2942=DIRECTION('center_axis',(-1.110223024625E-16,1.,0.));
#2943=DIRECTION('ref_axis',(0.98480775301219,1.09335624222334E-16,0.173648177667033));
#2944=DIRECTION('',(1.110223024625E-16,-1.,0.));
#2945=DIRECTION('center_axis',(0.,0.990268068741477,-0.139173100960731));
#2946=DIRECTION('ref_axis',(0.,0.139173100960731,0.990268068741477));
#2947=DIRECTION('center_axis',(-1.144237745222E-17,-1.,0.));
#2948=DIRECTION('ref_axis',(-0.98480775301219,1.12685420278381E-17,0.173648177667033));
#2949=DIRECTION('',(1.144237745222E-17,1.,0.));
#2950=DIRECTION('center_axis',(0.986721169867845,-1.12904360657182E-17,
-0.162423314011974));
#2951=DIRECTION('ref_axis',(0.162423314011974,-1.85850886596371E-18,0.986721169867845));
#2952=DIRECTION('',(1.144237745222E-17,1.,0.));
#2953=DIRECTION('center_axis',(-1.144237745222E-17,-1.,0.));
#2954=DIRECTION('ref_axis',(-2.22044604925E-15,2.54071818078092E-32,-1.));
#2955=DIRECTION('',(1.144237745222E-17,1.,0.));
#2956=DIRECTION('center_axis',(0.,0.,-1.));
#2957=DIRECTION('ref_axis',(1.,-1.144237745222E-17,0.));
#2958=DIRECTION('',(1.144237745222E-17,1.,0.));
#2959=DIRECTION('center_axis',(1.,-1.144237745222E-17,0.));
#2960=DIRECTION('ref_axis',(0.,0.,1.));
#2961=DIRECTION('',(1.144237745222E-17,1.,0.));
#2962=DIRECTION('center_axis',(0.,0.,1.));
#2963=DIRECTION('ref_axis',(-1.,1.144237745222E-17,0.));
#2964=DIRECTION('',(1.144237745222E-17,1.,0.));
#2965=DIRECTION('center_axis',(-1.144237745222E-17,-1.,0.));
#2966=DIRECTION('ref_axis',(0.98480775301219,-1.12685420278381E-17,-0.173648177667033));
#2967=DIRECTION('',(1.144237745222E-17,1.,0.));
#2968=DIRECTION('center_axis',(-0.986721169867845,1.12904360657182E-17,
0.162423314011974));
#2969=DIRECTION('ref_axis',(-0.162423314011974,1.85850886596371E-18,-0.986721169867845));
#2970=DIRECTION('center_axis',(-1.144237745222E-17,-1.,0.));
#2971=DIRECTION('ref_axis',(-0.98480775301219,1.12685420278381E-17,0.173648177667033));
#2972=DIRECTION('',(1.144237745222E-17,1.,0.));
#2973=DIRECTION('center_axis',(0.986721169867845,-1.12904360657182E-17,
-0.162423314011974));
#2974=DIRECTION('ref_axis',(0.162423314011974,-1.85850886596371E-18,0.986721169867845));
#2975=DIRECTION('',(1.144237745222E-17,1.,0.));
#2976=DIRECTION('center_axis',(-1.144237745222E-17,-1.,0.));
#2977=DIRECTION('ref_axis',(-2.22044604925E-15,2.54071818078092E-32,-1.));
#2978=DIRECTION('',(1.144237745222E-17,1.,0.));
#2979=DIRECTION('center_axis',(0.,0.,-1.));
#2980=DIRECTION('ref_axis',(1.,-1.144237745222E-17,0.));
#2981=DIRECTION('',(1.144237745222E-17,1.,0.));
#2982=DIRECTION('center_axis',(1.,-1.144237745222E-17,0.));
#2983=DIRECTION('ref_axis',(0.,0.,1.));
#2984=DIRECTION('',(1.144237745222E-17,1.,0.));
#2985=DIRECTION('center_axis',(0.,0.,1.));
#2986=DIRECTION('ref_axis',(-1.,1.144237745222E-17,0.));
#2987=DIRECTION('',(1.144237745222E-17,1.,0.));
#2988=DIRECTION('center_axis',(-1.144237745222E-17,-1.,0.));
#2989=DIRECTION('ref_axis',(0.98480775301219,-1.12685420278381E-17,-0.173648177667033));
#2990=DIRECTION('',(1.144237745222E-17,1.,0.));
#2991=DIRECTION('center_axis',(-0.986721169867845,1.12904360657182E-17,
0.162423314011974));
#2992=DIRECTION('ref_axis',(-0.162423314011974,1.85850886596371E-18,-0.986721169867845));
#2993=DIRECTION('center_axis',(0.986721169867845,-1.12904360657182E-17,
-0.162423314011974));
#2994=DIRECTION('ref_axis',(0.162423314011974,-1.85850886596371E-18,0.986721169867845));
#2995=DIRECTION('',(1.144237745222E-17,1.,0.));
#2996=DIRECTION('center_axis',(-1.144237745222E-17,-1.,0.));
#2997=DIRECTION('ref_axis',(-2.22044604925E-15,2.54071818078092E-32,-1.));
#2998=DIRECTION('',(1.144237745222E-17,1.,0.));
#2999=DIRECTION('center_axis',(0.,0.,-1.));
#3000=DIRECTION('ref_axis',(1.,-1.144237745222E-17,0.));
#3001=DIRECTION('',(1.144237745222E-17,1.,0.));
#3002=DIRECTION('center_axis',(1.,-1.144237745222E-17,0.));
#3003=DIRECTION('ref_axis',(0.,0.,1.));
#3004=DIRECTION('',(1.144237745222E-17,1.,0.));
#3005=DIRECTION('center_axis',(0.,0.,1.));
#3006=DIRECTION('ref_axis',(-1.,1.144237745222E-17,0.));
#3007=DIRECTION('',(1.144237745222E-17,1.,0.));
#3008=DIRECTION('center_axis',(-1.144237745222E-17,-1.,0.));
#3009=DIRECTION('ref_axis',(0.98480775301219,-1.12685420278381E-17,-0.173648177667033));
#3010=DIRECTION('',(1.144237745222E-17,1.,0.));
#3011=DIRECTION('center_axis',(-0.986721169867845,1.12904360657182E-17,
0.162423314011974));
#3012=DIRECTION('ref_axis',(-0.162423314011974,1.85850886596371E-18,-0.986721169867845));
#3013=DIRECTION('center_axis',(-0.986721169867845,-1.09548056167183E-16,
-0.162423314011974));
#3014=DIRECTION('ref_axis',(-0.162423314011974,-1.80326102951872E-17,0.986721169867845));
#3015=DIRECTION('',(1.110223024625E-16,-1.,0.));
#3016=DIRECTION('center_axis',(-1.110223024625E-16,1.,0.));
#3017=DIRECTION('ref_axis',(2.22044604925E-15,2.46519032881497E-31,-1.));
#3018=DIRECTION('',(1.110223024625E-16,-1.,0.));
#3019=DIRECTION('center_axis',(0.,0.,-1.));
#3020=DIRECTION('ref_axis',(-1.,-1.110223024625E-16,0.));
#3021=DIRECTION('',(1.110223024625E-16,-1.,0.));
#3022=DIRECTION('center_axis',(-1.,-1.110223024625E-16,0.));
#3023=DIRECTION('ref_axis',(0.,0.,1.));
#3024=DIRECTION('',(1.110223024625E-16,-1.,0.));
#3025=DIRECTION('center_axis',(0.,0.,1.));
#3026=DIRECTION('ref_axis',(1.,1.110223024625E-16,0.));
#3027=DIRECTION('',(1.110223024625E-16,-1.,0.));
#3028=DIRECTION('center_axis',(-1.110223024625E-16,1.,0.));
#3029=DIRECTION('ref_axis',(-0.98480775301219,-1.09335624222334E-16,-0.173648177667033));
#3030=DIRECTION('',(1.110223024625E-16,-1.,0.));
#3031=DIRECTION('center_axis',(0.986721169867845,1.09548056167183E-16,0.162423314011974));
#3032=DIRECTION('ref_axis',(0.162423314011974,1.80326102951872E-17,-0.986721169867845));
#3033=DIRECTION('center_axis',(-1.110223024625E-16,1.,0.));
#3034=DIRECTION('ref_axis',(0.98480775301219,1.09335624222334E-16,0.173648177667033));
#3035=DIRECTION('',(1.110223024625E-16,-1.,0.));
#3036=DIRECTION('center_axis',(-0.986721169867845,-1.09548056167183E-16,
-0.162423314011974));
#3037=DIRECTION('ref_axis',(-0.162423314011974,-1.80326102951872E-17,0.986721169867845));
#3038=DIRECTION('',(1.110223024625E-16,-1.,0.));
#3039=DIRECTION('center_axis',(-1.110223024625E-16,1.,0.));
#3040=DIRECTION('ref_axis',(2.22044604925E-15,2.46519032881497E-31,-1.));
#3041=DIRECTION('',(1.110223024625E-16,-1.,0.));
#3042=DIRECTION('center_axis',(0.,0.,-1.));
#3043=DIRECTION('ref_axis',(-1.,-1.110223024625E-16,0.));
#3044=DIRECTION('',(1.110223024625E-16,-1.,0.));
#3045=DIRECTION('center_axis',(-1.,-1.110223024625E-16,0.));
#3046=DIRECTION('ref_axis',(0.,0.,1.));
#3047=DIRECTION('',(1.110223024625E-16,-1.,0.));
#3048=DIRECTION('center_axis',(0.,0.,1.));
#3049=DIRECTION('ref_axis',(1.,1.110223024625E-16,0.));
#3050=DIRECTION('',(1.110223024625E-16,-1.,0.));
#3051=DIRECTION('center_axis',(-1.110223024625E-16,1.,0.));
#3052=DIRECTION('ref_axis',(-0.98480775301219,-1.09335624222334E-16,-0.173648177667033));
#3053=DIRECTION('',(1.110223024625E-16,-1.,0.));
#3054=DIRECTION('center_axis',(0.986721169867845,1.09548056167183E-16,0.162423314011974));
#3055=DIRECTION('ref_axis',(0.162423314011974,1.80326102951872E-17,-0.986721169867845));
#3056=DIRECTION('center_axis',(-1.110223024625E-16,1.,0.));
#3057=DIRECTION('ref_axis',(0.98480775301219,1.09335624222334E-16,0.173648177667033));
#3058=DIRECTION('',(1.110223024625E-16,-1.,0.));
#3059=DIRECTION('center_axis',(-0.986721169867845,-1.09548056167183E-16,
-0.162423314011974));
#3060=DIRECTION('ref_axis',(-0.162423314011974,-1.80326102951872E-17,0.986721169867845));
#3061=DIRECTION('',(1.110223024625E-16,-1.,0.));
#3062=DIRECTION('center_axis',(-1.110223024625E-16,1.,0.));
#3063=DIRECTION('ref_axis',(2.22044604925E-15,2.46519032881497E-31,-1.));
#3064=DIRECTION('',(1.110223024625E-16,-1.,0.));
#3065=DIRECTION('center_axis',(0.,0.,-1.));
#3066=DIRECTION('ref_axis',(-1.,-1.110223024625E-16,0.));
#3067=DIRECTION('',(1.110223024625E-16,-1.,0.));
#3068=DIRECTION('center_axis',(-1.,-1.110223024625E-16,0.));
#3069=DIRECTION('ref_axis',(0.,0.,1.));
#3070=DIRECTION('',(1.110223024625E-16,-1.,0.));
#3071=DIRECTION('center_axis',(0.,0.,1.));
#3072=DIRECTION('ref_axis',(1.,1.110223024625E-16,0.));
#3073=DIRECTION('',(1.110223024625E-16,-1.,0.));
#3074=DIRECTION('center_axis',(-1.110223024625E-16,1.,0.));
#3075=DIRECTION('ref_axis',(-0.98480775301219,-1.09335624222334E-16,-0.173648177667033));
#3076=DIRECTION('',(1.110223024625E-16,-1.,0.));
#3077=DIRECTION('center_axis',(0.986721169867845,1.09548056167183E-16,0.162423314011974));
#3078=DIRECTION('ref_axis',(0.162423314011974,1.80326102951872E-17,-0.986721169867845));
#3079=DIRECTION('center_axis',(0.,0.,-1.));
#3080=DIRECTION('ref_axis',(1.110223024625E-16,-1.,0.));
#3081=CARTESIAN_POINT('',(0.,0.,0.));
#3082=CARTESIAN_POINT('Origin',(0.,1.358648457443,0.1));
#3083=CARTESIAN_POINT('',(-0.659324228722,1.358648457443,0.1));
#3084=CARTESIAN_POINT('',(0.659324228722,1.358648457443,0.1));
#3085=CARTESIAN_POINT('',(-0.659324228722,1.358648457443,0.1));
#3086=CARTESIAN_POINT('',(-0.705,1.45,0.75));
#3087=CARTESIAN_POINT('',(-0.659324228722,1.358648457443,0.1));
#3088=CARTESIAN_POINT('',(0.705,1.45,0.75));
#3089=CARTESIAN_POINT('',(-0.705,1.45,0.75));
#3090=CARTESIAN_POINT('',(0.659324228722,1.358648457443,0.1));
#3091=CARTESIAN_POINT('Origin',(-0.659324228722,1.358648457443,0.1));
#3092=CARTESIAN_POINT('',(0.708648457443,1.309324228722,0.1));
#3093=CARTESIAN_POINT('',(0.659324228722,1.358648457443,0.1));
#3094=CARTESIAN_POINT('',(0.708648457443,-1.309324228722,0.1));
#3095=CARTESIAN_POINT('',(0.708648457443,1.309324228722,0.1));
#3096=CARTESIAN_POINT('',(0.659324228722,-1.358648457443,0.1));
#3097=CARTESIAN_POINT('',(0.708648457443,-1.309324228722,0.1));
#3098=CARTESIAN_POINT('',(-0.659324228722,-1.358648457443,0.1));
#3099=CARTESIAN_POINT('',(0.659324228722,-1.358648457443,0.1));
#3100=CARTESIAN_POINT('',(-0.708648457443,-1.309324228722,0.1));
#3101=CARTESIAN_POINT('',(-0.659324228722,-1.358648457443,0.1));
#3102=CARTESIAN_POINT('',(-0.708648457443,1.309324228722,0.1));
#3103=CARTESIAN_POINT('',(-0.708648457443,-1.309324228722,0.1));
#3104=CARTESIAN_POINT('',(-0.708648457443,1.309324228722,0.1));
#3105=CARTESIAN_POINT('Origin',(0.6839863430825,1.3339863430825,0.1));
#3106=CARTESIAN_POINT('',(0.8,1.355,0.75));
#3107=CARTESIAN_POINT('',(0.705,1.45,0.75));
#3108=CARTESIAN_POINT('',(0.708648457443,1.309324228722,0.1));
#3109=CARTESIAN_POINT('Origin',(-0.705,1.45,0.9));
#3110=CARTESIAN_POINT('',(-0.705,1.45,0.9));
#3111=CARTESIAN_POINT('',(-0.705,1.45,0.75));
#3112=CARTESIAN_POINT('',(0.705,1.45,0.9));
#3113=CARTESIAN_POINT('',(-0.705,1.45,0.9));
#3114=CARTESIAN_POINT('',(0.705,1.45,0.75));
#3115=CARTESIAN_POINT('Origin',(-0.6839863430825,1.3339863430825,0.1));
#3116=CARTESIAN_POINT('',(-0.8,1.355,0.75));
#3117=CARTESIAN_POINT('',(-0.708648457443,1.309324228722,0.1));
#3118=CARTESIAN_POINT('',(-0.8,1.355,0.75));
#3119=CARTESIAN_POINT('Origin',(-0.708648457443,0.,0.1));
#3120=CARTESIAN_POINT('',(-0.8,-1.355,0.75));
#3121=CARTESIAN_POINT('',(-0.708648457443,-1.309324228722,0.1));
#3122=CARTESIAN_POINT('',(-0.8,-1.2,0.75));
#3123=CARTESIAN_POINT('',(-0.8,-1.355,0.75));
#3124=CARTESIAN_POINT('',(-0.8,-0.7,0.75));
#3125=CARTESIAN_POINT('',(-0.8,-1.355,0.75));
#3126=CARTESIAN_POINT('',(-0.8,-0.25,0.75));
#3127=CARTESIAN_POINT('',(-0.8,-1.355,0.75));
#3128=CARTESIAN_POINT('',(-0.8,0.25,0.75));
#3129=CARTESIAN_POINT('',(-0.8,-1.355,0.75));
#3130=CARTESIAN_POINT('',(-0.8,0.7,0.75));
#3131=CARTESIAN_POINT('',(-0.8,-1.355,0.75));
#3132=CARTESIAN_POINT('',(-0.8,1.2,0.75));
#3133=CARTESIAN_POINT('',(-0.8,-1.355,0.75));
#3134=CARTESIAN_POINT('',(-0.8,-1.355,0.75));
#3135=CARTESIAN_POINT('Origin',(0.708648457443,0.,0.1));
#3136=CARTESIAN_POINT('',(0.8,1.2,0.75));
#3137=CARTESIAN_POINT('',(0.8,1.355,0.75));
#3138=CARTESIAN_POINT('',(0.8,0.7,0.75));
#3139=CARTESIAN_POINT('',(0.8,1.355,0.75));
#3140=CARTESIAN_POINT('',(0.8,0.25,0.75));
#3141=CARTESIAN_POINT('',(0.8,1.355,0.75));
#3142=CARTESIAN_POINT('',(0.8,-0.25,0.75));
#3143=CARTESIAN_POINT('',(0.8,1.355,0.75));
#3144=CARTESIAN_POINT('',(0.8,-0.7,0.75));
#3145=CARTESIAN_POINT('',(0.8,1.355,0.75));
#3146=CARTESIAN_POINT('',(0.8,-1.2,0.75));
#3147=CARTESIAN_POINT('',(0.8,1.355,0.75));
#3148=CARTESIAN_POINT('',(0.8,-1.355,0.75));
#3149=CARTESIAN_POINT('',(0.8,1.355,0.75));
#3150=CARTESIAN_POINT('',(0.708648457443,-1.309324228722,0.1));
#3151=CARTESIAN_POINT('Origin',(-0.6839863430825,-1.3339863430825,0.1));
#3152=CARTESIAN_POINT('',(-0.705,-1.45,0.75));
#3153=CARTESIAN_POINT('',(-0.659324228722,-1.358648457443,0.1));
#3154=CARTESIAN_POINT('',(-0.705,-1.45,0.75));
#3155=CARTESIAN_POINT('Origin',(0.6839863430825,-1.3339863430825,0.1));
#3156=CARTESIAN_POINT('',(0.705,-1.45,0.75));
#3157=CARTESIAN_POINT('',(0.8,-1.355,0.75));
#3158=CARTESIAN_POINT('',(0.659324228722,-1.358648457443,0.1));
#3159=CARTESIAN_POINT('Origin',(0.,-1.358648457443,0.1));
#3160=CARTESIAN_POINT('',(0.705,-1.45,0.75));
#3161=CARTESIAN_POINT('Origin',(0.705,1.45,0.9));
#3162=CARTESIAN_POINT('',(0.8,1.355,0.9));
#3163=CARTESIAN_POINT('',(0.705,1.45,0.9));
#3164=CARTESIAN_POINT('',(0.8,1.355,0.75));
#3165=CARTESIAN_POINT('Origin',(-2.091417030376E-16,1.4375,0.9));
#3166=CARTESIAN_POINT('',(-0.8,1.355,0.9));
#3167=CARTESIAN_POINT('',(-0.8,1.355,0.9));
#3168=CARTESIAN_POINT('',(-0.8,1.2,0.9));
#3169=CARTESIAN_POINT('',(-0.8,-1.355,0.9));
#3170=CARTESIAN_POINT('',(-0.775,1.2,0.9));
#3171=CARTESIAN_POINT('',(-0.85,1.2,0.9));
#3172=CARTESIAN_POINT('',(-0.775,1.3425,0.9));
#3173=CARTESIAN_POINT('',(-0.775,-1.3425,0.9));
#3174=CARTESIAN_POINT('',(-0.6925,1.425,0.9));
#3175=CARTESIAN_POINT('',(-0.775,1.3425,0.9));
#3176=CARTESIAN_POINT('',(0.6925,1.425,0.9));
#3177=CARTESIAN_POINT('',(-0.6925,1.425,0.9));
#3178=CARTESIAN_POINT('',(0.775,1.3425,0.9));
#3179=CARTESIAN_POINT('',(0.6925,1.425,0.9));
#3180=CARTESIAN_POINT('',(0.775,1.2,0.9));
#3181=CARTESIAN_POINT('',(0.775,1.3425,0.9));
#3182=CARTESIAN_POINT('',(0.8,1.2,0.9));
#3183=CARTESIAN_POINT('',(0.85,1.2,0.9));
#3184=CARTESIAN_POINT('',(0.8,1.355,0.9));
#3185=CARTESIAN_POINT('Origin',(-0.8,1.355,0.9));
#3186=CARTESIAN_POINT('',(-0.8,1.355,0.75));
#3187=CARTESIAN_POINT('Origin',(-0.8,-1.355,0.9));
#3188=CARTESIAN_POINT('',(-0.8,-1.355,0.9));
#3189=CARTESIAN_POINT('',(-0.8,-1.355,0.75));
#3190=CARTESIAN_POINT('',(-0.8,-1.2,0.9));
#3191=CARTESIAN_POINT('',(-0.8,-1.355,0.9));
#3192=CARTESIAN_POINT('',(-0.8,-1.2,0.670847817658));
#3193=CARTESIAN_POINT('Origin',(-0.75,-1.2,0.75));
#3194=CARTESIAN_POINT('',(-0.85,-1.2,0.75));
#3195=CARTESIAN_POINT('',(-0.75,-1.2,0.75));
#3196=CARTESIAN_POINT('',(-0.85,-0.7,0.75));
#3197=CARTESIAN_POINT('',(-0.85,-1.2,0.75));
#3198=CARTESIAN_POINT('',(-0.75,-0.7,0.75));
#3199=CARTESIAN_POINT('Origin',(-0.8,-1.355,0.9));
#3200=CARTESIAN_POINT('',(-0.8,-0.7,0.9));
#3201=CARTESIAN_POINT('',(-0.8,-0.7,0.670847817658));
#3202=CARTESIAN_POINT('',(-0.8,-0.25,0.9));
#3203=CARTESIAN_POINT('',(-0.8,-1.355,0.9));
#3204=CARTESIAN_POINT('',(-0.8,-0.25,0.670847817658));
#3205=CARTESIAN_POINT('Origin',(-0.75,-0.25,0.75));
#3206=CARTESIAN_POINT('',(-0.85,-0.25,0.75));
#3207=CARTESIAN_POINT('',(-0.75,-0.25,0.75));
#3208=CARTESIAN_POINT('',(-0.85,0.25,0.75));
#3209=CARTESIAN_POINT('',(-0.85,-0.25,0.75));
#3210=CARTESIAN_POINT('',(-0.75,0.25,0.75));
#3211=CARTESIAN_POINT('Origin',(-0.8,-1.355,0.9));
#3212=CARTESIAN_POINT('',(-0.8,0.25,0.9));
#3213=CARTESIAN_POINT('',(-0.8,0.25,0.670847817658));
#3214=CARTESIAN_POINT('',(-0.8,0.7,0.9));
#3215=CARTESIAN_POINT('',(-0.8,-1.355,0.9));
#3216=CARTESIAN_POINT('',(-0.8,0.7,0.670847817658));
#3217=CARTESIAN_POINT('Origin',(-0.75,0.7,0.75));
#3218=CARTESIAN_POINT('',(-0.85,0.7,0.75));
#3219=CARTESIAN_POINT('',(-0.75,0.7,0.75));
#3220=CARTESIAN_POINT('',(-0.85,1.2,0.75));
#3221=CARTESIAN_POINT('',(-0.85,0.7,0.75));
#3222=CARTESIAN_POINT('',(-0.75,1.2,0.75));
#3223=CARTESIAN_POINT('Origin',(-0.8,-1.355,0.9));
#3224=CARTESIAN_POINT('',(-0.8,1.2,0.670847817658));
#3225=CARTESIAN_POINT('Origin',(0.8,1.355,0.9));
#3226=CARTESIAN_POINT('',(0.8,1.2,0.670847817658));
#3227=CARTESIAN_POINT('Origin',(0.75,1.2,0.75));
#3228=CARTESIAN_POINT('',(0.85,1.2,0.75));
#3229=CARTESIAN_POINT('',(0.75,1.2,0.75));
#3230=CARTESIAN_POINT('',(0.85,0.7,0.75));
#3231=CARTESIAN_POINT('',(0.85,1.2,0.75));
#3232=CARTESIAN_POINT('',(0.75,0.7,0.75));
#3233=CARTESIAN_POINT('Origin',(0.8,1.355,0.9));
#3234=CARTESIAN_POINT('',(0.8,0.7,0.9));
#3235=CARTESIAN_POINT('',(0.8,0.7,0.670847817658));
#3236=CARTESIAN_POINT('',(0.8,0.25,0.9));
#3237=CARTESIAN_POINT('',(0.8,1.355,0.9));
#3238=CARTESIAN_POINT('',(0.8,0.25,0.670847817658));
#3239=CARTESIAN_POINT('Origin',(0.75,0.25,0.75));
#3240=CARTESIAN_POINT('',(0.85,0.25,0.75));
#3241=CARTESIAN_POINT('',(0.75,0.25,0.75));
#3242=CARTESIAN_POINT('',(0.85,-0.25,0.75));
#3243=CARTESIAN_POINT('',(0.85,0.25,0.75));
#3244=CARTESIAN_POINT('',(0.75,-0.25,0.75));
#3245=CARTESIAN_POINT('Origin',(0.8,1.355,0.9));
#3246=CARTESIAN_POINT('',(0.8,-0.25,0.9));
#3247=CARTESIAN_POINT('',(0.8,-0.25,0.670847817658));
#3248=CARTESIAN_POINT('',(0.8,-0.7,0.9));
#3249=CARTESIAN_POINT('',(0.8,1.355,0.9));
#3250=CARTESIAN_POINT('',(0.8,-0.7,0.670847817658));
#3251=CARTESIAN_POINT('Origin',(0.75,-0.7,0.75));
#3252=CARTESIAN_POINT('',(0.85,-0.7,0.75));
#3253=CARTESIAN_POINT('',(0.75,-0.7,0.75));
#3254=CARTESIAN_POINT('',(0.85,-1.2,0.75));
#3255=CARTESIAN_POINT('',(0.85,-0.7,0.75));
#3256=CARTESIAN_POINT('',(0.75,-1.2,0.75));
#3257=CARTESIAN_POINT('Origin',(0.8,1.355,0.9));
#3258=CARTESIAN_POINT('',(0.8,-1.2,0.9));
#3259=CARTESIAN_POINT('',(0.8,-1.2,0.670847817658));
#3260=CARTESIAN_POINT('',(0.8,-1.355,0.9));
#3261=CARTESIAN_POINT('',(0.8,1.355,0.9));
#3262=CARTESIAN_POINT('',(0.8,-1.355,0.75));
#3263=CARTESIAN_POINT('Origin',(-0.705,-1.45,0.9));
#3264=CARTESIAN_POINT('',(-0.705,-1.45,0.9));
#3265=CARTESIAN_POINT('',(-0.705,-1.45,0.75));
#3266=CARTESIAN_POINT('',(-0.705,-1.45,0.9));
#3267=CARTESIAN_POINT('Origin',(0.8,-1.355,0.9));
#3268=CARTESIAN_POINT('',(0.705,-1.45,0.9));
#3269=CARTESIAN_POINT('',(0.8,-1.355,0.9));
#3270=CARTESIAN_POINT('',(0.705,-1.45,0.75));
#3271=CARTESIAN_POINT('Origin',(0.705,-1.45,0.9));
#3272=CARTESIAN_POINT('',(0.705,-1.45,0.9));
#3273=CARTESIAN_POINT('Origin',(-0.85,0.7,0.9));
#3274=CARTESIAN_POINT('',(-0.85,0.7,0.9));
#3275=CARTESIAN_POINT('',(-0.85,0.7,0.9));
#3276=CARTESIAN_POINT('',(-0.775,0.7,0.9));
#3277=CARTESIAN_POINT('',(-0.85,0.7,0.9));
#3278=CARTESIAN_POINT('',(-0.775,-1.3425,0.9));
#3279=CARTESIAN_POINT('',(-0.85,1.2,0.9));
#3280=CARTESIAN_POINT('',(-0.85,1.2,0.9));
#3281=CARTESIAN_POINT('',(-0.85,0.7,0.9));
#3282=CARTESIAN_POINT('Origin',(-0.775,0.,0.9));
#3283=CARTESIAN_POINT('',(-0.775,-1.3425,0.9));
#3284=CARTESIAN_POINT('',(-0.775,-1.2,0.9));
#3285=CARTESIAN_POINT('',(-0.775,-1.3425,0.9));
#3286=CARTESIAN_POINT('',(-0.683648457443,-1.296824228722,1.55));
#3287=CARTESIAN_POINT('',(-0.775,-1.3425,0.9));
#3288=CARTESIAN_POINT('',(-0.683648457443,1.296824228722,1.55));
#3289=CARTESIAN_POINT('',(-0.683648457443,-1.296824228722,1.55));
#3290=CARTESIAN_POINT('',(-0.775,1.3425,0.9));
#3291=CARTESIAN_POINT('',(-0.775,0.25,0.9));
#3292=CARTESIAN_POINT('',(-0.775,-1.3425,0.9));
#3293=CARTESIAN_POINT('',(-0.775,-0.25,0.9));
#3294=CARTESIAN_POINT('',(-0.775,-1.3425,0.9));
#3295=CARTESIAN_POINT('',(-0.775,-0.7,0.9));
#3296=CARTESIAN_POINT('',(-0.775,-1.3425,0.9));
#3297=CARTESIAN_POINT('',(-0.775,-1.3425,0.9));
#3298=CARTESIAN_POINT('Origin',(-0.73375,1.38375,0.9));
#3299=CARTESIAN_POINT('',(-0.646824228722,1.333648457443,1.55));
#3300=CARTESIAN_POINT('',(-0.683648457443,1.296824228722,1.55));
#3301=CARTESIAN_POINT('',(-0.6925,1.425,0.9));
#3302=CARTESIAN_POINT('Origin',(1.38777878078145E-16,1.425,0.9));
#3303=CARTESIAN_POINT('',(0.646824228722,1.333648457443,1.55));
#3304=CARTESIAN_POINT('',(-0.646824228722,1.333648457443,1.55));
#3305=CARTESIAN_POINT('',(0.6925,1.425,0.9));
#3306=CARTESIAN_POINT('Origin',(0.73375,1.38375,0.9));
#3307=CARTESIAN_POINT('',(0.683648457443,1.296824228722,1.55));
#3308=CARTESIAN_POINT('',(0.646824228722,1.333648457443,1.55));
#3309=CARTESIAN_POINT('',(0.775,1.3425,0.9));
#3310=CARTESIAN_POINT('Origin',(0.775,0.,0.9));
#3311=CARTESIAN_POINT('',(0.683648457443,-1.296824228722,1.55));
#3312=CARTESIAN_POINT('',(0.683648457443,1.296824228722,1.55));
#3313=CARTESIAN_POINT('',(0.775,-1.3425,0.9));
#3314=CARTESIAN_POINT('',(0.775,-1.3425,0.9));
#3315=CARTESIAN_POINT('',(0.775,-1.2,0.9));
#3316=CARTESIAN_POINT('',(0.775,1.3425,0.9));
#3317=CARTESIAN_POINT('',(0.775,-0.7,0.9));
#3318=CARTESIAN_POINT('',(0.775,1.3425,0.9));
#3319=CARTESIAN_POINT('',(0.775,-0.25,0.9));
#3320=CARTESIAN_POINT('',(0.775,1.3425,0.9));
#3321=CARTESIAN_POINT('',(0.775,0.25,0.9));
#3322=CARTESIAN_POINT('',(0.775,1.3425,0.9));
#3323=CARTESIAN_POINT('',(0.775,0.7,0.9));
#3324=CARTESIAN_POINT('',(0.775,1.3425,0.9));
#3325=CARTESIAN_POINT('',(0.775,1.3425,0.9));
#3326=CARTESIAN_POINT('Origin',(0.85,1.2,0.9));
#3327=CARTESIAN_POINT('',(0.85,1.2,0.9));
#3328=CARTESIAN_POINT('',(0.85,1.2,0.9));
#3329=CARTESIAN_POINT('',(0.85,0.7,0.9));
#3330=CARTESIAN_POINT('',(0.85,0.7,0.9));
#3331=CARTESIAN_POINT('',(0.85,0.7,0.9));
#3332=CARTESIAN_POINT('',(0.85,1.2,0.9));
#3333=CARTESIAN_POINT('Origin',(-2.091417030376E-16,1.4375,0.9));
#3334=CARTESIAN_POINT('',(0.85,-1.2,0.9));
#3335=CARTESIAN_POINT('',(0.6925,-1.425,0.9));
#3336=CARTESIAN_POINT('',(0.775,-1.3425,0.9));
#3337=CARTESIAN_POINT('',(-0.6925,-1.425,0.9));
#3338=CARTESIAN_POINT('',(0.6925,-1.425,0.9));
#3339=CARTESIAN_POINT('',(-0.6925,-1.425,0.9));
#3340=CARTESIAN_POINT('',(-0.85,-1.2,0.9));
#3341=CARTESIAN_POINT('Origin',(-1.069123385139,-1.2,0.441695635315));
#3342=CARTESIAN_POINT('',(-0.85,-1.2,0.9));
#3343=CARTESIAN_POINT('',(-0.85,-1.2,0.9));
#3344=CARTESIAN_POINT('',(-1.096201938253,-1.2,0.693412044417));
#3345=CARTESIAN_POINT('Origin',(-0.85,-1.2,0.65));
#3346=CARTESIAN_POINT('',(-1.172050016982,-1.2,0.232635182233));
#3347=CARTESIAN_POINT('',(-1.172050016982,-1.2,0.232635182233));
#3348=CARTESIAN_POINT('',(-1.270530792283,-1.2,0.15));
#3349=CARTESIAN_POINT('Origin',(-1.270530792283,-1.2,0.25));
#3350=CARTESIAN_POINT('',(-1.4,-1.2,0.15));
#3351=CARTESIAN_POINT('',(-1.4,-1.2,0.15));
#3352=CARTESIAN_POINT('',(-1.4,-1.2,0.));
#3353=CARTESIAN_POINT('',(-1.4,-1.2,0.));
#3354=CARTESIAN_POINT('',(-1.270530792283,-1.2,0.));
#3355=CARTESIAN_POINT('',(-1.270530792283,-1.2,0.));
#3356=CARTESIAN_POINT('',(-1.02432885403,-1.2,0.206587955583));
#3357=CARTESIAN_POINT('Origin',(-1.270530792283,-1.2,0.25));
#3358=CARTESIAN_POINT('',(-0.948480775301,-1.2,0.667364817767));
#3359=CARTESIAN_POINT('',(-0.948480775301,-1.2,0.667364817767));
#3360=CARTESIAN_POINT('Origin',(-0.85,-1.2,0.65));
#3361=CARTESIAN_POINT('Origin',(-0.85,-1.2,0.65));
#3362=CARTESIAN_POINT('',(-0.948480775301,-0.7,0.667364817767));
#3363=CARTESIAN_POINT('',(-0.948480775301,-1.2,0.667364817767));
#3364=CARTESIAN_POINT('Origin',(-0.85,-0.7,0.65));
#3365=CARTESIAN_POINT('Origin',(-1.069123385139,-0.7,0.441695635315));
#3366=CARTESIAN_POINT('',(-1.02432885403,-0.7,0.206587955583));
#3367=CARTESIAN_POINT('',(-0.948480775301,-0.7,0.667364817767));
#3368=CARTESIAN_POINT('',(-1.270530792283,-0.7,0.));
#3369=CARTESIAN_POINT('Origin',(-1.270530792283,-0.7,0.25));
#3370=CARTESIAN_POINT('',(-1.4,-0.7,0.));
#3371=CARTESIAN_POINT('',(-1.270530792283,-0.7,0.));
#3372=CARTESIAN_POINT('',(-1.4,-0.7,0.15));
#3373=CARTESIAN_POINT('',(-1.4,-0.7,0.));
#3374=CARTESIAN_POINT('',(-1.270530792283,-0.7,0.15));
#3375=CARTESIAN_POINT('',(-1.4,-0.7,0.15));
#3376=CARTESIAN_POINT('',(-1.172050016982,-0.7,0.232635182233));
#3377=CARTESIAN_POINT('Origin',(-1.270530792283,-0.7,0.25));
#3378=CARTESIAN_POINT('',(-1.096201938253,-0.7,0.693412044417));
#3379=CARTESIAN_POINT('',(-1.172050016982,-0.7,0.232635182233));
#3380=CARTESIAN_POINT('',(-0.85,-0.7,0.9));
#3381=CARTESIAN_POINT('Origin',(-0.85,-0.7,0.65));
#3382=CARTESIAN_POINT('',(-0.85,-0.7,0.9));
#3383=CARTESIAN_POINT('Origin',(-2.091417030376E-16,1.4375,0.9));
#3384=CARTESIAN_POINT('',(-0.85,-0.7,0.9));
#3385=CARTESIAN_POINT('',(-0.85,-0.25,0.9));
#3386=CARTESIAN_POINT('Origin',(-1.069123385139,-0.25,0.441695635315));
#3387=CARTESIAN_POINT('',(-0.85,-0.25,0.9));
#3388=CARTESIAN_POINT('',(-0.85,-0.25,0.9));
#3389=CARTESIAN_POINT('',(-1.096201938253,-0.25,0.693412044417));
#3390=CARTESIAN_POINT('Origin',(-0.85,-0.25,0.65));
#3391=CARTESIAN_POINT('',(-1.172050016982,-0.25,0.232635182233));
#3392=CARTESIAN_POINT('',(-1.172050016982,-0.25,0.232635182233));
#3393=CARTESIAN_POINT('',(-1.270530792283,-0.25,0.15));
#3394=CARTESIAN_POINT('Origin',(-1.270530792283,-0.25,0.25));
#3395=CARTESIAN_POINT('',(-1.4,-0.25,0.15));
#3396=CARTESIAN_POINT('',(-1.4,-0.25,0.15));
#3397=CARTESIAN_POINT('',(-1.4,-0.25,0.));
#3398=CARTESIAN_POINT('',(-1.4,-0.25,0.));
#3399=CARTESIAN_POINT('',(-1.270530792283,-0.25,0.));
#3400=CARTESIAN_POINT('',(-1.270530792283,-0.25,0.));
#3401=CARTESIAN_POINT('',(-1.02432885403,-0.25,0.206587955583));
#3402=CARTESIAN_POINT('Origin',(-1.270530792283,-0.25,0.25));
#3403=CARTESIAN_POINT('',(-0.948480775301,-0.25,0.667364817767));
#3404=CARTESIAN_POINT('',(-0.948480775301,-0.25,0.667364817767));
#3405=CARTESIAN_POINT('Origin',(-0.85,-0.25,0.65));
#3406=CARTESIAN_POINT('Origin',(-0.85,-0.25,0.65));
#3407=CARTESIAN_POINT('',(-0.948480775301,0.25,0.667364817767));
#3408=CARTESIAN_POINT('',(-0.948480775301,-0.25,0.667364817767));
#3409=CARTESIAN_POINT('Origin',(-0.85,0.25,0.65));
#3410=CARTESIAN_POINT('Origin',(-1.069123385139,0.25,0.441695635315));
#3411=CARTESIAN_POINT('',(-1.02432885403,0.25,0.206587955583));
#3412=CARTESIAN_POINT('',(-0.948480775301,0.25,0.667364817767));
#3413=CARTESIAN_POINT('',(-1.270530792283,0.25,0.));
#3414=CARTESIAN_POINT('Origin',(-1.270530792283,0.25,0.25));
#3415=CARTESIAN_POINT('',(-1.4,0.25,0.));
#3416=CARTESIAN_POINT('',(-1.270530792283,0.25,0.));
#3417=CARTESIAN_POINT('',(-1.4,0.25,0.15));
#3418=CARTESIAN_POINT('',(-1.4,0.25,0.));
#3419=CARTESIAN_POINT('',(-1.270530792283,0.25,0.15));
#3420=CARTESIAN_POINT('',(-1.4,0.25,0.15));
#3421=CARTESIAN_POINT('',(-1.172050016982,0.25,0.232635182233));
#3422=CARTESIAN_POINT('Origin',(-1.270530792283,0.25,0.25));
#3423=CARTESIAN_POINT('',(-1.096201938253,0.25,0.693412044417));
#3424=CARTESIAN_POINT('',(-1.172050016982,0.25,0.232635182233));
#3425=CARTESIAN_POINT('',(-0.85,0.25,0.9));
#3426=CARTESIAN_POINT('Origin',(-0.85,0.25,0.65));
#3427=CARTESIAN_POINT('',(-0.85,0.25,0.9));
#3428=CARTESIAN_POINT('Origin',(-2.091417030376E-16,1.4375,0.9));
#3429=CARTESIAN_POINT('',(-0.85,0.25,0.9));
#3430=CARTESIAN_POINT('Origin',(-1.069123385139,0.7,0.441695635315));
#3431=CARTESIAN_POINT('',(-1.096201938253,0.7,0.693412044417));
#3432=CARTESIAN_POINT('Origin',(-0.85,0.7,0.65));
#3433=CARTESIAN_POINT('',(-1.172050016982,0.7,0.232635182233));
#3434=CARTESIAN_POINT('',(-1.172050016982,0.7,0.232635182233));
#3435=CARTESIAN_POINT('',(-1.270530792283,0.7,0.15));
#3436=CARTESIAN_POINT('Origin',(-1.270530792283,0.7,0.25));
#3437=CARTESIAN_POINT('',(-1.4,0.7,0.15));
#3438=CARTESIAN_POINT('',(-1.4,0.7,0.15));
#3439=CARTESIAN_POINT('',(-1.4,0.7,0.));
#3440=CARTESIAN_POINT('',(-1.4,0.7,0.));
#3441=CARTESIAN_POINT('',(-1.270530792283,0.7,0.));
#3442=CARTESIAN_POINT('',(-1.270530792283,0.7,0.));
#3443=CARTESIAN_POINT('',(-1.02432885403,0.7,0.206587955583));
#3444=CARTESIAN_POINT('Origin',(-1.270530792283,0.7,0.25));
#3445=CARTESIAN_POINT('',(-0.948480775301,0.7,0.667364817767));
#3446=CARTESIAN_POINT('',(-0.948480775301,0.7,0.667364817767));
#3447=CARTESIAN_POINT('Origin',(-0.85,0.7,0.65));
#3448=CARTESIAN_POINT('Origin',(-0.85,0.7,0.65));
#3449=CARTESIAN_POINT('',(-0.948480775301,1.2,0.667364817767));
#3450=CARTESIAN_POINT('',(-0.948480775301,0.7,0.667364817767));
#3451=CARTESIAN_POINT('Origin',(-0.85,1.2,0.65));
#3452=CARTESIAN_POINT('Origin',(-1.069123385139,1.2,0.441695635315));
#3453=CARTESIAN_POINT('',(-1.02432885403,1.2,0.206587955583));
#3454=CARTESIAN_POINT('',(-0.948480775301,1.2,0.667364817767));
#3455=CARTESIAN_POINT('',(-1.270530792283,1.2,0.));
#3456=CARTESIAN_POINT('Origin',(-1.270530792283,1.2,0.25));
#3457=CARTESIAN_POINT('',(-1.4,1.2,0.));
#3458=CARTESIAN_POINT('',(-1.270530792283,1.2,0.));
#3459=CARTESIAN_POINT('',(-1.4,1.2,0.15));
#3460=CARTESIAN_POINT('',(-1.4,1.2,0.));
#3461=CARTESIAN_POINT('',(-1.270530792283,1.2,0.15));
#3462=CARTESIAN_POINT('',(-1.4,1.2,0.15));
#3463=CARTESIAN_POINT('',(-1.172050016982,1.2,0.232635182233));
#3464=CARTESIAN_POINT('Origin',(-1.270530792283,1.2,0.25));
#3465=CARTESIAN_POINT('',(-1.096201938253,1.2,0.693412044417));
#3466=CARTESIAN_POINT('',(-1.172050016982,1.2,0.232635182233));
#3467=CARTESIAN_POINT('Origin',(-0.85,1.2,0.65));
#3468=CARTESIAN_POINT('Origin',(1.069123385139,1.2,0.441695635315));
#3469=CARTESIAN_POINT('',(1.096201938253,1.2,0.693412044417));
#3470=CARTESIAN_POINT('Origin',(0.85,1.2,0.65));
#3471=CARTESIAN_POINT('',(1.172050016982,1.2,0.232635182233));
#3472=CARTESIAN_POINT('',(1.172050016982,1.2,0.232635182233));
#3473=CARTESIAN_POINT('',(1.270530792283,1.2,0.15));
#3474=CARTESIAN_POINT('Origin',(1.270530792283,1.2,0.25));
#3475=CARTESIAN_POINT('',(1.4,1.2,0.15));
#3476=CARTESIAN_POINT('',(1.4,1.2,0.15));
#3477=CARTESIAN_POINT('',(1.4,1.2,0.));
#3478=CARTESIAN_POINT('',(1.4,1.2,0.));
#3479=CARTESIAN_POINT('',(1.270530792283,1.2,0.));
#3480=CARTESIAN_POINT('',(1.270530792283,1.2,0.));
#3481=CARTESIAN_POINT('',(1.02432885403,1.2,0.206587955583));
#3482=CARTESIAN_POINT('Origin',(1.270530792283,1.2,0.25));
#3483=CARTESIAN_POINT('',(0.948480775301,1.2,0.667364817767));
#3484=CARTESIAN_POINT('',(0.948480775301,1.2,0.667364817767));
#3485=CARTESIAN_POINT('Origin',(0.85,1.2,0.65));
#3486=CARTESIAN_POINT('Origin',(0.85,1.2,0.65));
#3487=CARTESIAN_POINT('',(0.948480775301,0.7,0.667364817767));
#3488=CARTESIAN_POINT('',(0.948480775301,1.2,0.667364817767));
#3489=CARTESIAN_POINT('Origin',(0.85,0.7,0.65));
#3490=CARTESIAN_POINT('Origin',(1.069123385139,0.7,0.441695635315));
#3491=CARTESIAN_POINT('',(1.02432885403,0.7,0.206587955583));
#3492=CARTESIAN_POINT('',(0.948480775301,0.7,0.667364817767));
#3493=CARTESIAN_POINT('',(1.270530792283,0.7,0.));
#3494=CARTESIAN_POINT('Origin',(1.270530792283,0.7,0.25));
#3495=CARTESIAN_POINT('',(1.4,0.7,0.));
#3496=CARTESIAN_POINT('',(1.270530792283,0.7,0.));
#3497=CARTESIAN_POINT('',(1.4,0.7,0.15));
#3498=CARTESIAN_POINT('',(1.4,0.7,0.));
#3499=CARTESIAN_POINT('',(1.270530792283,0.7,0.15));
#3500=CARTESIAN_POINT('',(1.4,0.7,0.15));
#3501=CARTESIAN_POINT('',(1.172050016982,0.7,0.232635182233));
#3502=CARTESIAN_POINT('Origin',(1.270530792283,0.7,0.25));
#3503=CARTESIAN_POINT('',(1.096201938253,0.7,0.693412044417));
#3504=CARTESIAN_POINT('',(1.172050016982,0.7,0.232635182233));
#3505=CARTESIAN_POINT('Origin',(0.85,0.7,0.65));
#3506=CARTESIAN_POINT('Origin',(-2.091417030376E-16,1.4375,0.9));
#3507=CARTESIAN_POINT('',(0.85,0.25,0.9));
#3508=CARTESIAN_POINT('Origin',(1.069123385139,0.25,0.441695635315));
#3509=CARTESIAN_POINT('',(0.85,0.25,0.9));
#3510=CARTESIAN_POINT('',(0.85,0.25,0.9));
#3511=CARTESIAN_POINT('',(1.096201938253,0.25,0.693412044417));
#3512=CARTESIAN_POINT('Origin',(0.85,0.25,0.65));
#3513=CARTESIAN_POINT('',(1.172050016982,0.25,0.232635182233));
#3514=CARTESIAN_POINT('',(1.172050016982,0.25,0.232635182233));
#3515=CARTESIAN_POINT('',(1.270530792283,0.25,0.15));
#3516=CARTESIAN_POINT('Origin',(1.270530792283,0.25,0.25));
#3517=CARTESIAN_POINT('',(1.4,0.25,0.15));
#3518=CARTESIAN_POINT('',(1.4,0.25,0.15));
#3519=CARTESIAN_POINT('',(1.4,0.25,0.));
#3520=CARTESIAN_POINT('',(1.4,0.25,0.));
#3521=CARTESIAN_POINT('',(1.270530792283,0.25,0.));
#3522=CARTESIAN_POINT('',(1.270530792283,0.25,0.));
#3523=CARTESIAN_POINT('',(1.02432885403,0.25,0.206587955583));
#3524=CARTESIAN_POINT('Origin',(1.270530792283,0.25,0.25));
#3525=CARTESIAN_POINT('',(0.948480775301,0.25,0.667364817767));
#3526=CARTESIAN_POINT('',(0.948480775301,0.25,0.667364817767));
#3527=CARTESIAN_POINT('Origin',(0.85,0.25,0.65));
#3528=CARTESIAN_POINT('Origin',(0.85,0.25,0.65));
#3529=CARTESIAN_POINT('',(0.948480775301,-0.25,0.667364817767));
#3530=CARTESIAN_POINT('',(0.948480775301,0.25,0.667364817767));
#3531=CARTESIAN_POINT('Origin',(0.85,-0.25,0.65));
#3532=CARTESIAN_POINT('Origin',(1.069123385139,-0.25,0.441695635315));
#3533=CARTESIAN_POINT('',(1.02432885403,-0.25,0.206587955583));
#3534=CARTESIAN_POINT('',(0.948480775301,-0.25,0.667364817767));
#3535=CARTESIAN_POINT('',(1.270530792283,-0.25,0.));
#3536=CARTESIAN_POINT('Origin',(1.270530792283,-0.25,0.25));
#3537=CARTESIAN_POINT('',(1.4,-0.25,0.));
#3538=CARTESIAN_POINT('',(1.270530792283,-0.25,0.));
#3539=CARTESIAN_POINT('',(1.4,-0.25,0.15));
#3540=CARTESIAN_POINT('',(1.4,-0.25,0.));
#3541=CARTESIAN_POINT('',(1.270530792283,-0.25,0.15));
#3542=CARTESIAN_POINT('',(1.4,-0.25,0.15));
#3543=CARTESIAN_POINT('',(1.172050016982,-0.25,0.232635182233));
#3544=CARTESIAN_POINT('Origin',(1.270530792283,-0.25,0.25));
#3545=CARTESIAN_POINT('',(1.096201938253,-0.25,0.693412044417));
#3546=CARTESIAN_POINT('',(1.172050016982,-0.25,0.232635182233));
#3547=CARTESIAN_POINT('',(0.85,-0.25,0.9));
#3548=CARTESIAN_POINT('Origin',(0.85,-0.25,0.65));
#3549=CARTESIAN_POINT('',(0.85,-0.25,0.9));
#3550=CARTESIAN_POINT('Origin',(-2.091417030376E-16,1.4375,0.9));
#3551=CARTESIAN_POINT('',(0.85,-0.25,0.9));
#3552=CARTESIAN_POINT('',(0.85,-0.7,0.9));
#3553=CARTESIAN_POINT('Origin',(1.069123385139,-0.7,0.441695635315));
#3554=CARTESIAN_POINT('',(0.85,-0.7,0.9));
#3555=CARTESIAN_POINT('',(0.85,-0.7,0.9));
#3556=CARTESIAN_POINT('',(1.096201938253,-0.7,0.693412044417));
#3557=CARTESIAN_POINT('Origin',(0.85,-0.7,0.65));
#3558=CARTESIAN_POINT('',(1.172050016982,-0.7,0.232635182233));
#3559=CARTESIAN_POINT('',(1.172050016982,-0.7,0.232635182233));
#3560=CARTESIAN_POINT('',(1.270530792283,-0.7,0.15));
#3561=CARTESIAN_POINT('Origin',(1.270530792283,-0.7,0.25));
#3562=CARTESIAN_POINT('',(1.4,-0.7,0.15));
#3563=CARTESIAN_POINT('',(1.4,-0.7,0.15));
#3564=CARTESIAN_POINT('',(1.4,-0.7,0.));
#3565=CARTESIAN_POINT('',(1.4,-0.7,0.));
#3566=CARTESIAN_POINT('',(1.270530792283,-0.7,0.));
#3567=CARTESIAN_POINT('',(1.270530792283,-0.7,0.));
#3568=CARTESIAN_POINT('',(1.02432885403,-0.7,0.206587955583));
#3569=CARTESIAN_POINT('Origin',(1.270530792283,-0.7,0.25));
#3570=CARTESIAN_POINT('',(0.948480775301,-0.7,0.667364817767));
#3571=CARTESIAN_POINT('',(0.948480775301,-0.7,0.667364817767));
#3572=CARTESIAN_POINT('Origin',(0.85,-0.7,0.65));
#3573=CARTESIAN_POINT('Origin',(0.85,-0.7,0.65));
#3574=CARTESIAN_POINT('',(0.948480775301,-1.2,0.667364817767));
#3575=CARTESIAN_POINT('',(0.948480775301,-0.7,0.667364817767));
#3576=CARTESIAN_POINT('Origin',(0.85,-1.2,0.65));
#3577=CARTESIAN_POINT('Origin',(1.069123385139,-1.2,0.441695635315));
#3578=CARTESIAN_POINT('',(1.02432885403,-1.2,0.206587955583));
#3579=CARTESIAN_POINT('',(0.948480775301,-1.2,0.667364817767));
#3580=CARTESIAN_POINT('',(1.270530792283,-1.2,0.));
#3581=CARTESIAN_POINT('Origin',(1.270530792283,-1.2,0.25));
#3582=CARTESIAN_POINT('',(1.4,-1.2,0.));
#3583=CARTESIAN_POINT('',(1.270530792283,-1.2,0.));
#3584=CARTESIAN_POINT('',(1.4,-1.2,0.15));
#3585=CARTESIAN_POINT('',(1.4,-1.2,0.));
#3586=CARTESIAN_POINT('',(1.270530792283,-1.2,0.15));
#3587=CARTESIAN_POINT('',(1.4,-1.2,0.15));
#3588=CARTESIAN_POINT('',(1.172050016982,-1.2,0.232635182233));
#3589=CARTESIAN_POINT('Origin',(1.270530792283,-1.2,0.25));
#3590=CARTESIAN_POINT('',(1.096201938253,-1.2,0.693412044417));
#3591=CARTESIAN_POINT('',(1.172050016982,-1.2,0.232635182233));
#3592=CARTESIAN_POINT('',(0.85,-1.2,0.9));
#3593=CARTESIAN_POINT('Origin',(0.85,-1.2,0.65));
#3594=CARTESIAN_POINT('',(0.85,-1.2,0.9));
#3595=CARTESIAN_POINT('Origin',(-0.85,0.7,0.65));
#3596=CARTESIAN_POINT('',(-1.096201938253,0.7,0.693412044417));
#3597=CARTESIAN_POINT('Origin',(-0.85,-1.2,0.9));
#3598=CARTESIAN_POINT('',(-0.85,-1.2,0.9));
#3599=CARTESIAN_POINT('Origin',(-0.85,-0.25,0.9));
#3600=CARTESIAN_POINT('',(-0.85,-0.25,0.9));
#3601=CARTESIAN_POINT('Origin',(-0.646824228722,1.333648457443,1.55));
#3602=CARTESIAN_POINT('',(-0.646824228722,-1.333648457443,1.55));
#3603=CARTESIAN_POINT('',(-0.646824228722,-1.333648457443,1.55));
#3604=CARTESIAN_POINT('',(0.646824228722,-1.333648457443,1.55));
#3605=CARTESIAN_POINT('',(0.646824228722,-1.333648457443,1.55));
#3606=CARTESIAN_POINT('',(0.683648457443,-1.296824228722,1.55));
#3607=CARTESIAN_POINT('',(-0.333648457443,0.858648457443,1.55));
#3608=CARTESIAN_POINT('Origin',(-0.333648457443,0.983648457443,1.55));
#3609=CARTESIAN_POINT('Origin',(-0.73375,-1.38375,0.9));
#3610=CARTESIAN_POINT('',(-0.6925,-1.425,0.9));
#3611=CARTESIAN_POINT('Origin',(0.85,0.25,0.9));
#3612=CARTESIAN_POINT('',(0.85,0.25,0.9));
#3613=CARTESIAN_POINT('Origin',(0.85,-0.7,0.9));
#3614=CARTESIAN_POINT('',(0.85,-0.7,0.9));
#3615=CARTESIAN_POINT('Origin',(0.73375,-1.38375,0.9));
#3616=CARTESIAN_POINT('',(0.6925,-1.425,0.9));
#3617=CARTESIAN_POINT('Origin',(0.85,1.2,0.65));
#3618=CARTESIAN_POINT('',(1.096201938253,1.2,0.693412044417));
#3619=CARTESIAN_POINT('Origin',(-1.38777878078145E-16,-1.425,0.9));
#3620=CARTESIAN_POINT('Origin',(-0.85,-1.2,0.65));
#3621=CARTESIAN_POINT('',(-1.096201938253,-1.2,0.693412044417));
#3622=CARTESIAN_POINT('Origin',(-1.172050016982,-1.2,0.232635182233));
#3623=CARTESIAN_POINT('',(-1.172050016982,-1.2,0.232635182233));
#3624=CARTESIAN_POINT('Origin',(-1.270530792283,-1.2,0.25));
#3625=CARTESIAN_POINT('',(-1.270530792283,-1.2,0.15));
#3626=CARTESIAN_POINT('Origin',(-1.4,-1.2,0.15));
#3627=CARTESIAN_POINT('',(-1.4,-1.2,0.15));
#3628=CARTESIAN_POINT('Origin',(-1.4,-1.2,0.));
#3629=CARTESIAN_POINT('',(-1.4,-1.2,0.));
#3630=CARTESIAN_POINT('Origin',(-1.270530792283,-1.2,0.));
#3631=CARTESIAN_POINT('',(-1.270530792283,-1.2,0.));
#3632=CARTESIAN_POINT('Origin',(-1.270530792283,-1.2,0.25));
#3633=CARTESIAN_POINT('',(-1.02432885403,-1.2,0.206587955583));
#3634=CARTESIAN_POINT('Origin',(-0.948480775301,-1.2,0.667364817767));
#3635=CARTESIAN_POINT('Origin',(-0.85,-0.25,0.65));
#3636=CARTESIAN_POINT('',(-1.096201938253,-0.25,0.693412044417));
#3637=CARTESIAN_POINT('Origin',(-1.172050016982,-0.25,0.232635182233));
#3638=CARTESIAN_POINT('',(-1.172050016982,-0.25,0.232635182233));
#3639=CARTESIAN_POINT('Origin',(-1.270530792283,-0.25,0.25));
#3640=CARTESIAN_POINT('',(-1.270530792283,-0.25,0.15));
#3641=CARTESIAN_POINT('Origin',(-1.4,-0.25,0.15));
#3642=CARTESIAN_POINT('',(-1.4,-0.25,0.15));
#3643=CARTESIAN_POINT('Origin',(-1.4,-0.25,0.));
#3644=CARTESIAN_POINT('',(-1.4,-0.25,0.));
#3645=CARTESIAN_POINT('Origin',(-1.270530792283,-0.25,0.));
#3646=CARTESIAN_POINT('',(-1.270530792283,-0.25,0.));
#3647=CARTESIAN_POINT('Origin',(-1.270530792283,-0.25,0.25));
#3648=CARTESIAN_POINT('',(-1.02432885403,-0.25,0.206587955583));
#3649=CARTESIAN_POINT('Origin',(-0.948480775301,-0.25,0.667364817767));
#3650=CARTESIAN_POINT('Origin',(-1.172050016982,0.7,0.232635182233));
#3651=CARTESIAN_POINT('',(-1.172050016982,0.7,0.232635182233));
#3652=CARTESIAN_POINT('Origin',(-1.270530792283,0.7,0.25));
#3653=CARTESIAN_POINT('',(-1.270530792283,0.7,0.15));
#3654=CARTESIAN_POINT('Origin',(-1.4,0.7,0.15));
#3655=CARTESIAN_POINT('',(-1.4,0.7,0.15));
#3656=CARTESIAN_POINT('Origin',(-1.4,0.7,0.));
#3657=CARTESIAN_POINT('',(-1.4,0.7,0.));
#3658=CARTESIAN_POINT('Origin',(-1.270530792283,0.7,0.));
#3659=CARTESIAN_POINT('',(-1.270530792283,0.7,0.));
#3660=CARTESIAN_POINT('Origin',(-1.270530792283,0.7,0.25));
#3661=CARTESIAN_POINT('',(-1.02432885403,0.7,0.206587955583));
#3662=CARTESIAN_POINT('Origin',(-0.948480775301,0.7,0.667364817767));
#3663=CARTESIAN_POINT('Origin',(1.172050016982,1.2,0.232635182233));
#3664=CARTESIAN_POINT('',(1.172050016982,1.2,0.232635182233));
#3665=CARTESIAN_POINT('Origin',(1.270530792283,1.2,0.25));
#3666=CARTESIAN_POINT('',(1.270530792283,1.2,0.15));
#3667=CARTESIAN_POINT('Origin',(1.4,1.2,0.15));
#3668=CARTESIAN_POINT('',(1.4,1.2,0.15));
#3669=CARTESIAN_POINT('Origin',(1.4,1.2,0.));
#3670=CARTESIAN_POINT('',(1.4,1.2,0.));
#3671=CARTESIAN_POINT('Origin',(1.270530792283,1.2,0.));
#3672=CARTESIAN_POINT('',(1.270530792283,1.2,0.));
#3673=CARTESIAN_POINT('Origin',(1.270530792283,1.2,0.25));
#3674=CARTESIAN_POINT('',(1.02432885403,1.2,0.206587955583));
#3675=CARTESIAN_POINT('Origin',(0.948480775301,1.2,0.667364817767));
#3676=CARTESIAN_POINT('Origin',(0.85,0.25,0.65));
#3677=CARTESIAN_POINT('',(1.096201938253,0.25,0.693412044417));
#3678=CARTESIAN_POINT('Origin',(1.172050016982,0.25,0.232635182233));
#3679=CARTESIAN_POINT('',(1.172050016982,0.25,0.232635182233));
#3680=CARTESIAN_POINT('Origin',(1.270530792283,0.25,0.25));
#3681=CARTESIAN_POINT('',(1.270530792283,0.25,0.15));
#3682=CARTESIAN_POINT('Origin',(1.4,0.25,0.15));
#3683=CARTESIAN_POINT('',(1.4,0.25,0.15));
#3684=CARTESIAN_POINT('Origin',(1.4,0.25,0.));
#3685=CARTESIAN_POINT('',(1.4,0.25,0.));
#3686=CARTESIAN_POINT('Origin',(1.270530792283,0.25,0.));
#3687=CARTESIAN_POINT('',(1.270530792283,0.25,0.));
#3688=CARTESIAN_POINT('Origin',(1.270530792283,0.25,0.25));
#3689=CARTESIAN_POINT('',(1.02432885403,0.25,0.206587955583));
#3690=CARTESIAN_POINT('Origin',(0.948480775301,0.25,0.667364817767));
#3691=CARTESIAN_POINT('Origin',(0.85,-0.7,0.65));
#3692=CARTESIAN_POINT('',(1.096201938253,-0.7,0.693412044417));
#3693=CARTESIAN_POINT('Origin',(1.172050016982,-0.7,0.232635182233));
#3694=CARTESIAN_POINT('',(1.172050016982,-0.7,0.232635182233));
#3695=CARTESIAN_POINT('Origin',(1.270530792283,-0.7,0.25));
#3696=CARTESIAN_POINT('',(1.270530792283,-0.7,0.15));
#3697=CARTESIAN_POINT('Origin',(1.4,-0.7,0.15));
#3698=CARTESIAN_POINT('',(1.4,-0.7,0.15));
#3699=CARTESIAN_POINT('Origin',(1.4,-0.7,0.));
#3700=CARTESIAN_POINT('',(1.4,-0.7,0.));
#3701=CARTESIAN_POINT('Origin',(1.270530792283,-0.7,0.));
#3702=CARTESIAN_POINT('',(1.270530792283,-0.7,0.));
#3703=CARTESIAN_POINT('Origin',(1.270530792283,-0.7,0.25));
#3704=CARTESIAN_POINT('',(1.02432885403,-0.7,0.206587955583));
#3705=CARTESIAN_POINT('Origin',(0.948480775301,-0.7,0.667364817767));
#3706=CARTESIAN_POINT('Origin',(-0.333648457443,0.983648457443,1.55));
#3707=UNCERTAINTY_MEASURE_WITH_UNIT(LENGTH_MEASURE(0.01),#3711,
'DISTANCE_ACCURACY_VALUE',
'Maximum model space distance between geometric entities at asserted c
onnectivities');
#3708=UNCERTAINTY_MEASURE_WITH_UNIT(LENGTH_MEASURE(0.01),#3711,
'DISTANCE_ACCURACY_VALUE',
'Maximum model space distance between geometric entities at asserted c
onnectivities');
#3709=(
GEOMETRIC_REPRESENTATION_CONTEXT(3)
GLOBAL_UNCERTAINTY_ASSIGNED_CONTEXT((#3707))
GLOBAL_UNIT_ASSIGNED_CONTEXT((#3711,#3713,#3714))
REPRESENTATION_CONTEXT('','3D')
);
#3710=(
GEOMETRIC_REPRESENTATION_CONTEXT(3)
GLOBAL_UNCERTAINTY_ASSIGNED_CONTEXT((#3708))
GLOBAL_UNIT_ASSIGNED_CONTEXT((#3711,#3713,#3714))
REPRESENTATION_CONTEXT('','3D')
);
#3711=(
LENGTH_UNIT()
NAMED_UNIT(*)
SI_UNIT(.MILLI.,.METRE.)
);
#3712=(
LENGTH_UNIT()
NAMED_UNIT(*)
SI_UNIT($,.METRE.)
);
#3713=(
NAMED_UNIT(*)
PLANE_ANGLE_UNIT()
SI_UNIT($,.RADIAN.)
);
#3714=(
NAMED_UNIT(*)
SI_UNIT($,.STERADIAN.)
SOLID_ANGLE_UNIT()
);
#3715=SHAPE_DEFINITION_REPRESENTATION(#3716,#3717);
#3716=PRODUCT_DEFINITION_SHAPE('',$,#3719);
#3717=SHAPE_REPRESENTATION('',(#2318),#3709);
#3718=PRODUCT_DEFINITION_CONTEXT('part definition',#3723,'design');
#3719=PRODUCT_DEFINITION('2026-05-13-01-39-43-397','SOT-23-6',#3720,#3718);
#3720=PRODUCT_DEFINITION_FORMATION('',$,#3725);
#3721=PRODUCT_RELATED_PRODUCT_CATEGORY('SOT-23-6','SOT-23-6',(#3725));
#3722=APPLICATION_PROTOCOL_DEFINITION('international standard',
'automotive_design',2009,#3723);
#3723=APPLICATION_CONTEXT(
'Core Data for Automotive Mechanical Design Process');
#3724=PRODUCT_CONTEXT('part definition',#3723,'mechanical');
#3725=PRODUCT('2026-05-13-01-39-43-397','SOT-23-6',$,(#3724));
#3726=PRESENTATION_STYLE_ASSIGNMENT((#3731));
#3727=PRESENTATION_STYLE_ASSIGNMENT((#3732));
#3728=PRESENTATION_STYLE_ASSIGNMENT((#3733));
#3729=PRESENTATION_STYLE_ASSIGNMENT((#3734));
#3730=PRESENTATION_STYLE_ASSIGNMENT((#3735));
#3731=SURFACE_STYLE_USAGE(.BOTH.,#3736);
#3732=SURFACE_STYLE_USAGE(.BOTH.,#3737);
#3733=SURFACE_STYLE_USAGE(.BOTH.,#3738);
#3734=SURFACE_STYLE_USAGE(.BOTH.,#3739);
#3735=SURFACE_STYLE_USAGE(.BOTH.,#3740);
#3736=SURFACE_SIDE_STYLE('',(#3741));
#3737=SURFACE_SIDE_STYLE('',(#3742));
#3738=SURFACE_SIDE_STYLE('',(#3743));
#3739=SURFACE_SIDE_STYLE('',(#3744));
#3740=SURFACE_SIDE_STYLE('',(#3745));
#3741=SURFACE_STYLE_FILL_AREA(#3746);
#3742=SURFACE_STYLE_FILL_AREA(#3747);
#3743=SURFACE_STYLE_FILL_AREA(#3748);
#3744=SURFACE_STYLE_FILL_AREA(#3749);
#3745=SURFACE_STYLE_FILL_AREA(#3750);
#3746=FILL_AREA_STYLE('Steel - Satin',(#3751));
#3747=FILL_AREA_STYLE('Opaque(21,22,24)',(#3752));
#3748=FILL_AREA_STYLE('Opaque(38,37,37)',(#3753));
#3749=FILL_AREA_STYLE('Opaque(210,209,199)',(#3754));
#3750=FILL_AREA_STYLE('Opaque(176,169,152)',(#3755));
#3751=FILL_AREA_STYLE_COLOUR('Steel - Satin',#3756);
#3752=FILL_AREA_STYLE_COLOUR('Opaque(21,22,24)',#3757);
#3753=FILL_AREA_STYLE_COLOUR('Opaque(38,37,37)',#3758);
#3754=FILL_AREA_STYLE_COLOUR('Opaque(210,209,199)',#3759);
#3755=FILL_AREA_STYLE_COLOUR('Opaque(176,169,152)',#3760);
#3756=COLOUR_RGB('Steel - Satin',0.627450980392157,0.627450980392157,0.627450980392157);
#3757=COLOUR_RGB('Opaque(21,22,24)',0.0823529411764706,0.0862745098039216,
0.0941176470588235);
#3758=COLOUR_RGB('Opaque(38,37,37)',0.149019607843137,0.145098039215686,
0.145098039215686);
#3759=COLOUR_RGB('Opaque(210,209,199)',0.823529411764706,0.819607843137255,
0.780392156862745);
#3760=COLOUR_RGB('Opaque(176,169,152)',0.690196078431373,0.662745098039216,
0.596078431372549);
ENDSEC;
END-ISO-10303-21;
