ISO-10303-21;
HEADER;
/* Generated by software containing ST-Developer
 * from STEP Tools, Inc. (www.steptools.com) 
 */

FILE_DESCRIPTION(
/* description */ (''),
/* implementation_level */ '2;1');

FILE_NAME(
/* name */ 'SW_PUSH_6mm.step',
/* time_stamp */ '2026-05-13T01:39:16+05:30',
/* author */ (''),
/* organization */ (''),
/* preprocessor_version */ 'ST-DEVELOPER v20.1',
/* originating_system */ 'Autodesk Translation Framework v15.8.0.0',
/* authorisation */ '');

FILE_SCHEMA (('AUTOMOTIVE_DESIGN { 1 0 10303 214 3 1 1 }'));
ENDSEC;

DATA;
#10=MECHANICAL_DESIGN_GEOMETRIC_PRESENTATION_REPRESENTATION('',(#83,#84,
#85,#86,#87,#88,#89,#90,#91,#92,#93,#94,#95,#96,#97,#98,#99,#100,#101,#102,
#103,#104,#105,#106,#107,#108,#109,#110,#111,#112,#113,#114,#115,#116,#117,
#118,#119,#120,#121,#122,#123,#124,#125,#126,#127,#128,#129,#130,#131,#132,
#133,#134,#135,#136,#137,#138,#139,#140,#141,#142,#143,#144,#145,#146,#147,
#148,#149,#150,#151,#152,#153,#154,#155,#156,#157,#158,#159,#160,#161,#162,
#163,#164,#165,#166,#167,#168,#169,#170,#171,#172,#173,#174,#175,#176,#177,
#178,#179,#180,#181,#182,#183,#184,#185,#186,#187,#188),#3392);
#11=SHAPE_REPRESENTATION_RELATIONSHIP('SRR','None',#3399,#12);
#12=ADVANCED_BREP_SHAPE_REPRESENTATION('',(#13),#3391);
#13=MANIFOLD_SOLID_BREP('Body1',#2048);
#14=TOROIDAL_SURFACE('',#2112,1.65,0.1);
#15=FACE_BOUND('',#300,.T.);
#16=FACE_BOUND('',#301,.T.);
#17=FACE_BOUND('',#302,.T.);
#18=FACE_BOUND('',#303,.T.);
#19=FACE_BOUND('',#304,.T.);
#20=PLANE('',#2065);
#21=PLANE('',#2066);
#22=PLANE('',#2070);
#23=PLANE('',#2079);
#24=PLANE('',#2084);
#25=PLANE('',#2085);
#26=PLANE('',#2090);
#27=PLANE('',#2099);
#28=PLANE('',#2104);
#29=PLANE('',#2105);
#30=PLANE('',#2110);
#31=PLANE('',#2111);
#32=PLANE('',#2114);
#33=PLANE('',#2115);
#34=PLANE('',#2116);
#35=PLANE('',#2117);
#36=PLANE('',#2125);
#37=PLANE('',#2126);
#38=PLANE('',#2134);
#39=PLANE('',#2142);
#40=PLANE('',#2150);
#41=PLANE('',#2151);
#42=PLANE('',#2159);
#43=PLANE('',#2160);
#44=PLANE('',#2168);
#45=PLANE('',#2176);
#46=PLANE('',#2184);
#47=PLANE('',#2185);
#48=PLANE('',#2186);
#49=PLANE('',#2187);
#50=PLANE('',#2188);
#51=PLANE('',#2189);
#52=PLANE('',#2192);
#53=PLANE('',#2193);
#54=PLANE('',#2196);
#55=PLANE('',#2197);
#56=PLANE('',#2198);
#57=PLANE('',#2201);
#58=PLANE('',#2202);
#59=PLANE('',#2204);
#60=PLANE('',#2207);
#61=PLANE('',#2208);
#62=PLANE('',#2211);
#63=PLANE('',#2212);
#64=PLANE('',#2213);
#65=PLANE('',#2216);
#66=PLANE('',#2217);
#67=PLANE('',#2219);
#68=PLANE('',#2222);
#69=PLANE('',#2223);
#70=PLANE('',#2226);
#71=PLANE('',#2227);
#72=PLANE('',#2228);
#73=PLANE('',#2231);
#74=PLANE('',#2232);
#75=PLANE('',#2234);
#76=PLANE('',#2237);
#77=PLANE('',#2238);
#78=PLANE('',#2241);
#79=PLANE('',#2242);
#80=PLANE('',#2243);
#81=PLANE('',#2246);
#82=PLANE('',#2247);
#83=STYLED_ITEM('',(#3410),#1943);
#84=STYLED_ITEM('',(#3410),#1944);
#85=STYLED_ITEM('',(#3410),#1945);
#86=STYLED_ITEM('',(#3411),#1946);
#87=STYLED_ITEM('',(#3411),#1947);
#88=STYLED_ITEM('',(#3411),#1948);
#89=STYLED_ITEM('',(#3411),#1949);
#90=STYLED_ITEM('',(#3411),#1950);
#91=STYLED_ITEM('',(#3411),#1951);
#92=STYLED_ITEM('',(#3411),#1952);
#93=STYLED_ITEM('',(#3411),#1953);
#94=STYLED_ITEM('',(#3411),#1954);
#95=STYLED_ITEM('',(#3410),#1955);
#96=STYLED_ITEM('',(#3410),#1956);
#97=STYLED_ITEM('',(#3410),#1957);
#98=STYLED_ITEM('',(#3410),#1958);
#99=STYLED_ITEM('',(#3410),#1959);
#100=STYLED_ITEM('',(#3410),#1960);
#101=STYLED_ITEM('',(#3410),#1961);
#102=STYLED_ITEM('',(#3410),#1962);
#103=STYLED_ITEM('',(#3410),#1963);
#104=STYLED_ITEM('',(#3410),#1964);
#105=STYLED_ITEM('',(#3410),#1965);
#106=STYLED_ITEM('',(#3410),#1966);
#107=STYLED_ITEM('',(#3410),#1967);
#108=STYLED_ITEM('',(#3410),#1968);
#109=STYLED_ITEM('',(#3410),#1969);
#110=STYLED_ITEM('',(#3410),#1970);
#111=STYLED_ITEM('',(#3410),#1971);
#112=STYLED_ITEM('',(#3411),#1972);
#113=STYLED_ITEM('',(#3411),#1973);
#114=STYLED_ITEM('',(#3411),#1974);
#115=STYLED_ITEM('',(#3411),#1975);
#116=STYLED_ITEM('',(#3411),#1976);
#117=STYLED_ITEM('',(#3411),#1977);
#118=STYLED_ITEM('',(#3411),#1978);
#119=STYLED_ITEM('',(#3411),#1979);
#120=STYLED_ITEM('',(#3411),#1980);
#121=STYLED_ITEM('',(#3411),#1981);
#122=STYLED_ITEM('',(#3411),#1982);
#123=STYLED_ITEM('',(#3411),#1983);
#124=STYLED_ITEM('',(#3411),#1984);
#125=STYLED_ITEM('',(#3411),#1985);
#126=STYLED_ITEM('',(#3411),#1986);
#127=STYLED_ITEM('',(#3411),#1987);
#128=STYLED_ITEM('',(#3411),#1988);
#129=STYLED_ITEM('',(#3411),#1989);
#130=STYLED_ITEM('',(#3411),#1990);
#131=STYLED_ITEM('',(#3411),#1991);
#132=STYLED_ITEM('',(#3411),#1992);
#133=STYLED_ITEM('',(#3411),#1993);
#134=STYLED_ITEM('',(#3411),#1994);
#135=STYLED_ITEM('',(#3411),#1995);
#136=STYLED_ITEM('',(#3411),#1996);
#137=STYLED_ITEM('',(#3411),#1997);
#138=STYLED_ITEM('',(#3411),#1998);
#139=STYLED_ITEM('',(#3411),#1999);
#140=STYLED_ITEM('',(#3411),#2000);
#141=STYLED_ITEM('',(#3411),#2001);
#142=STYLED_ITEM('',(#3411),#2002);
#143=STYLED_ITEM('',(#3411),#2003);
#144=STYLED_ITEM('',(#3411),#2004);
#145=STYLED_ITEM('',(#3411),#2005);
#146=STYLED_ITEM('',(#3411),#2006);
#147=STYLED_ITEM('',(#3411),#2007);
#148=STYLED_ITEM('',(#3411),#2008);
#149=STYLED_ITEM('',(#3411),#2009);
#150=STYLED_ITEM('',(#3411),#2010);
#151=STYLED_ITEM('',(#3411),#2011);
#152=STYLED_ITEM('',(#3411),#2012);
#153=STYLED_ITEM('',(#3411),#2013);
#154=STYLED_ITEM('',(#3411),#2014);
#155=STYLED_ITEM('',(#3411),#2015);
#156=STYLED_ITEM('',(#3411),#2016);
#157=STYLED_ITEM('',(#3411),#2017);
#158=STYLED_ITEM('',(#3411),#2018);
#159=STYLED_ITEM('',(#3411),#2019);
#160=STYLED_ITEM('',(#3411),#2020);
#161=STYLED_ITEM('',(#3411),#2021);
#162=STYLED_ITEM('',(#3411),#2022);
#163=STYLED_ITEM('',(#3411),#2023);
#164=STYLED_ITEM('',(#3411),#2024);
#165=STYLED_ITEM('',(#3411),#2025);
#166=STYLED_ITEM('',(#3411),#2026);
#167=STYLED_ITEM('',(#3411),#2027);
#168=STYLED_ITEM('',(#3411),#2028);
#169=STYLED_ITEM('',(#3411),#2029);
#170=STYLED_ITEM('',(#3411),#2030);
#171=STYLED_ITEM('',(#3411),#2031);
#172=STYLED_ITEM('',(#3411),#2032);
#173=STYLED_ITEM('',(#3411),#2033);
#174=STYLED_ITEM('',(#3411),#2034);
#175=STYLED_ITEM('',(#3411),#2035);
#176=STYLED_ITEM('',(#3411),#2036);
#177=STYLED_ITEM('',(#3411),#2037);
#178=STYLED_ITEM('',(#3411),#2038);
#179=STYLED_ITEM('',(#3411),#2039);
#180=STYLED_ITEM('',(#3411),#2040);
#181=STYLED_ITEM('',(#3411),#2041);
#182=STYLED_ITEM('',(#3411),#2042);
#183=STYLED_ITEM('',(#3411),#2043);
#184=STYLED_ITEM('',(#3411),#2044);
#185=STYLED_ITEM('',(#3411),#2045);
#186=STYLED_ITEM('',(#3411),#2046);
#187=STYLED_ITEM('',(#3411),#2047);
#188=STYLED_ITEM('',(#3409),#13);
#189=FACE_OUTER_BOUND('',#295,.T.);
#190=FACE_OUTER_BOUND('',#296,.T.);
#191=FACE_OUTER_BOUND('',#297,.T.);
#192=FACE_OUTER_BOUND('',#298,.T.);
#193=FACE_OUTER_BOUND('',#299,.T.);
#194=FACE_OUTER_BOUND('',#305,.T.);
#195=FACE_OUTER_BOUND('',#306,.T.);
#196=FACE_OUTER_BOUND('',#307,.T.);
#197=FACE_OUTER_BOUND('',#308,.T.);
#198=FACE_OUTER_BOUND('',#309,.T.);
#199=FACE_OUTER_BOUND('',#310,.T.);
#200=FACE_OUTER_BOUND('',#311,.T.);
#201=FACE_OUTER_BOUND('',#312,.T.);
#202=FACE_OUTER_BOUND('',#313,.T.);
#203=FACE_OUTER_BOUND('',#314,.T.);
#204=FACE_OUTER_BOUND('',#315,.T.);
#205=FACE_OUTER_BOUND('',#316,.T.);
#206=FACE_OUTER_BOUND('',#317,.T.);
#207=FACE_OUTER_BOUND('',#318,.T.);
#208=FACE_OUTER_BOUND('',#319,.T.);
#209=FACE_OUTER_BOUND('',#320,.T.);
#210=FACE_OUTER_BOUND('',#321,.T.);
#211=FACE_OUTER_BOUND('',#322,.T.);
#212=FACE_OUTER_BOUND('',#323,.T.);
#213=FACE_OUTER_BOUND('',#324,.T.);
#214=FACE_OUTER_BOUND('',#325,.T.);
#215=FACE_OUTER_BOUND('',#326,.T.);
#216=FACE_OUTER_BOUND('',#327,.T.);
#217=FACE_OUTER_BOUND('',#328,.T.);
#218=FACE_OUTER_BOUND('',#329,.T.);
#219=FACE_OUTER_BOUND('',#330,.T.);
#220=FACE_OUTER_BOUND('',#331,.T.);
#221=FACE_OUTER_BOUND('',#332,.T.);
#222=FACE_OUTER_BOUND('',#333,.T.);
#223=FACE_OUTER_BOUND('',#334,.T.);
#224=FACE_OUTER_BOUND('',#335,.T.);
#225=FACE_OUTER_BOUND('',#336,.T.);
#226=FACE_OUTER_BOUND('',#337,.T.);
#227=FACE_OUTER_BOUND('',#338,.T.);
#228=FACE_OUTER_BOUND('',#339,.T.);
#229=FACE_OUTER_BOUND('',#340,.T.);
#230=FACE_OUTER_BOUND('',#341,.T.);
#231=FACE_OUTER_BOUND('',#342,.T.);
#232=FACE_OUTER_BOUND('',#343,.T.);
#233=FACE_OUTER_BOUND('',#344,.T.);
#234=FACE_OUTER_BOUND('',#345,.T.);
#235=FACE_OUTER_BOUND('',#346,.T.);
#236=FACE_OUTER_BOUND('',#347,.T.);
#237=FACE_OUTER_BOUND('',#348,.T.);
#238=FACE_OUTER_BOUND('',#349,.T.);
#239=FACE_OUTER_BOUND('',#350,.T.);
#240=FACE_OUTER_BOUND('',#351,.T.);
#241=FACE_OUTER_BOUND('',#352,.T.);
#242=FACE_OUTER_BOUND('',#353,.T.);
#243=FACE_OUTER_BOUND('',#354,.T.);
#244=FACE_OUTER_BOUND('',#355,.T.);
#245=FACE_OUTER_BOUND('',#356,.T.);
#246=FACE_OUTER_BOUND('',#357,.T.);
#247=FACE_OUTER_BOUND('',#358,.T.);
#248=FACE_OUTER_BOUND('',#359,.T.);
#249=FACE_OUTER_BOUND('',#360,.T.);
#250=FACE_OUTER_BOUND('',#361,.T.);
#251=FACE_OUTER_BOUND('',#362,.T.);
#252=FACE_OUTER_BOUND('',#363,.T.);
#253=FACE_OUTER_BOUND('',#364,.T.);
#254=FACE_OUTER_BOUND('',#365,.T.);
#255=FACE_OUTER_BOUND('',#366,.T.);
#256=FACE_OUTER_BOUND('',#367,.T.);
#257=FACE_OUTER_BOUND('',#368,.T.);
#258=FACE_OUTER_BOUND('',#369,.T.);
#259=FACE_OUTER_BOUND('',#370,.T.);
#260=FACE_OUTER_BOUND('',#371,.T.);
#261=FACE_OUTER_BOUND('',#372,.T.);
#262=FACE_OUTER_BOUND('',#373,.T.);
#263=FACE_OUTER_BOUND('',#374,.T.);
#264=FACE_OUTER_BOUND('',#375,.T.);
#265=FACE_OUTER_BOUND('',#376,.T.);
#266=FACE_OUTER_BOUND('',#377,.T.);
#267=FACE_OUTER_BOUND('',#378,.T.);
#268=FACE_OUTER_BOUND('',#379,.T.);
#269=FACE_OUTER_BOUND('',#380,.T.);
#270=FACE_OUTER_BOUND('',#381,.T.);
#271=FACE_OUTER_BOUND('',#382,.T.);
#272=FACE_OUTER_BOUND('',#383,.T.);
#273=FACE_OUTER_BOUND('',#384,.T.);
#274=FACE_OUTER_BOUND('',#385,.T.);
#275=FACE_OUTER_BOUND('',#386,.T.);
#276=FACE_OUTER_BOUND('',#387,.T.);
#277=FACE_OUTER_BOUND('',#388,.T.);
#278=FACE_OUTER_BOUND('',#389,.T.);
#279=FACE_OUTER_BOUND('',#390,.T.);
#280=FACE_OUTER_BOUND('',#391,.T.);
#281=FACE_OUTER_BOUND('',#392,.T.);
#282=FACE_OUTER_BOUND('',#393,.T.);
#283=FACE_OUTER_BOUND('',#394,.T.);
#284=FACE_OUTER_BOUND('',#395,.T.);
#285=FACE_OUTER_BOUND('',#396,.T.);
#286=FACE_OUTER_BOUND('',#397,.T.);
#287=FACE_OUTER_BOUND('',#398,.T.);
#288=FACE_OUTER_BOUND('',#399,.T.);
#289=FACE_OUTER_BOUND('',#400,.T.);
#290=FACE_OUTER_BOUND('',#401,.T.);
#291=FACE_OUTER_BOUND('',#402,.T.);
#292=FACE_OUTER_BOUND('',#403,.T.);
#293=FACE_OUTER_BOUND('',#404,.T.);
#294=FACE_OUTER_BOUND('',#405,.T.);
#295=EDGE_LOOP('',(#1342,#1343,#1344,#1345));
#296=EDGE_LOOP('',(#1346));
#297=EDGE_LOOP('',(#1347));
#298=EDGE_LOOP('',(#1348,#1349,#1350,#1351));
#299=EDGE_LOOP('',(#1352,#1353,#1354,#1355,#1356,#1357,#1358,#1359));
#300=EDGE_LOOP('',(#1360));
#301=EDGE_LOOP('',(#1361));
#302=EDGE_LOOP('',(#1362));
#303=EDGE_LOOP('',(#1363));
#304=EDGE_LOOP('',(#1364));
#305=EDGE_LOOP('',(#1365,#1366,#1367,#1368));
#306=EDGE_LOOP('',(#1369,#1370,#1371,#1372));
#307=EDGE_LOOP('',(#1373,#1374,#1375,#1376));
#308=EDGE_LOOP('',(#1377,#1378,#1379,#1380));
#309=EDGE_LOOP('',(#1381,#1382,#1383,#1384));
#310=EDGE_LOOP('',(#1385,#1386,#1387,#1388));
#311=EDGE_LOOP('',(#1389,#1390,#1391,#1392));
#312=EDGE_LOOP('',(#1393,#1394,#1395,#1396));
#313=EDGE_LOOP('',(#1397,#1398,#1399,#1400));
#314=EDGE_LOOP('',(#1401,#1402,#1403,#1404));
#315=EDGE_LOOP('',(#1405,#1406,#1407,#1408));
#316=EDGE_LOOP('',(#1409,#1410,#1411,#1412));
#317=EDGE_LOOP('',(#1413,#1414,#1415,#1416));
#318=EDGE_LOOP('',(#1417,#1418,#1419,#1420));
#319=EDGE_LOOP('',(#1421,#1422,#1423,#1424));
#320=EDGE_LOOP('',(#1425,#1426,#1427,#1428,#1429,#1430,#1431,#1432,#1433,
#1434,#1435,#1436));
#321=EDGE_LOOP('',(#1437,#1438,#1439,#1440,#1441,#1442,#1443,#1444,#1445,
#1446,#1447,#1448));
#322=EDGE_LOOP('',(#1449,#1450,#1451,#1452));
#323=EDGE_LOOP('',(#1453,#1454,#1455,#1456));
#324=EDGE_LOOP('',(#1457,#1458,#1459,#1460));
#325=EDGE_LOOP('',(#1461));
#326=EDGE_LOOP('',(#1462,#1463,#1464,#1465));
#327=EDGE_LOOP('',(#1466));
#328=EDGE_LOOP('',(#1467));
#329=EDGE_LOOP('',(#1468,#1469,#1470,#1471,#1472,#1473,#1474,#1475,#1476,
#1477,#1478,#1479,#1480,#1481,#1482,#1483));
#330=EDGE_LOOP('',(#1484,#1485,#1486,#1487,#1488,#1489,#1490,#1491,#1492,
#1493,#1494,#1495,#1496,#1497,#1498,#1499,#1500,#1501));
#331=EDGE_LOOP('',(#1502,#1503,#1504,#1505));
#332=EDGE_LOOP('',(#1506,#1507,#1508,#1509,#1510,#1511,#1512,#1513,#1514,
#1515,#1516,#1517,#1518,#1519,#1520,#1521,#1522,#1523));
#333=EDGE_LOOP('',(#1524,#1525,#1526,#1527,#1528,#1529,#1530,#1531,#1532,
#1533,#1534,#1535,#1536,#1537,#1538,#1539,#1540,#1541));
#334=EDGE_LOOP('',(#1542,#1543,#1544,#1545,#1546,#1547,#1548,#1549,#1550,
#1551,#1552,#1553,#1554,#1555,#1556,#1557,#1558,#1559));
#335=EDGE_LOOP('',(#1560,#1561,#1562,#1563));
#336=EDGE_LOOP('',(#1564,#1565,#1566,#1567,#1568,#1569,#1570,#1571,#1572,
#1573,#1574,#1575,#1576,#1577,#1578,#1579,#1580,#1581));
#337=EDGE_LOOP('',(#1582,#1583,#1584,#1585));
#338=EDGE_LOOP('',(#1586,#1587,#1588,#1589,#1590,#1591,#1592,#1593,#1594,
#1595,#1596,#1597,#1598,#1599,#1600,#1601,#1602,#1603));
#339=EDGE_LOOP('',(#1604,#1605,#1606,#1607,#1608,#1609,#1610,#1611,#1612,
#1613,#1614,#1615,#1616,#1617,#1618,#1619,#1620,#1621));
#340=EDGE_LOOP('',(#1622,#1623,#1624,#1625,#1626,#1627,#1628,#1629,#1630,
#1631,#1632,#1633,#1634,#1635,#1636,#1637,#1638,#1639));
#341=EDGE_LOOP('',(#1640,#1641,#1642,#1643));
#342=EDGE_LOOP('',(#1644,#1645,#1646,#1647));
#343=EDGE_LOOP('',(#1648,#1649,#1650,#1651));
#344=EDGE_LOOP('',(#1652,#1653,#1654,#1655));
#345=EDGE_LOOP('',(#1656,#1657,#1658,#1659));
#346=EDGE_LOOP('',(#1660,#1661,#1662,#1663));
#347=EDGE_LOOP('',(#1664,#1665,#1666,#1667));
#348=EDGE_LOOP('',(#1668,#1669,#1670,#1671));
#349=EDGE_LOOP('',(#1672,#1673,#1674,#1675));
#350=EDGE_LOOP('',(#1676,#1677,#1678,#1679));
#351=EDGE_LOOP('',(#1680,#1681,#1682,#1683));
#352=EDGE_LOOP('',(#1684,#1685,#1686,#1687));
#353=EDGE_LOOP('',(#1688,#1689,#1690,#1691));
#354=EDGE_LOOP('',(#1692,#1693,#1694,#1695));
#355=EDGE_LOOP('',(#1696,#1697,#1698,#1699));
#356=EDGE_LOOP('',(#1700,#1701,#1702,#1703));
#357=EDGE_LOOP('',(#1704,#1705,#1706,#1707));
#358=EDGE_LOOP('',(#1708,#1709,#1710,#1711));
#359=EDGE_LOOP('',(#1712,#1713,#1714,#1715));
#360=EDGE_LOOP('',(#1716,#1717,#1718,#1719));
#361=EDGE_LOOP('',(#1720,#1721,#1722,#1723));
#362=EDGE_LOOP('',(#1724,#1725,#1726,#1727));
#363=EDGE_LOOP('',(#1728,#1729,#1730,#1731));
#364=EDGE_LOOP('',(#1732,#1733,#1734,#1735));
#365=EDGE_LOOP('',(#1736,#1737,#1738,#1739));
#366=EDGE_LOOP('',(#1740,#1741,#1742,#1743));
#367=EDGE_LOOP('',(#1744,#1745,#1746,#1747));
#368=EDGE_LOOP('',(#1748,#1749,#1750,#1751));
#369=EDGE_LOOP('',(#1752,#1753,#1754,#1755));
#370=EDGE_LOOP('',(#1756,#1757,#1758,#1759));
#371=EDGE_LOOP('',(#1760,#1761,#1762,#1763));
#372=EDGE_LOOP('',(#1764,#1765,#1766,#1767));
#373=EDGE_LOOP('',(#1768,#1769,#1770,#1771));
#374=EDGE_LOOP('',(#1772,#1773,#1774,#1775));
#375=EDGE_LOOP('',(#1776,#1777,#1778,#1779));
#376=EDGE_LOOP('',(#1780,#1781,#1782,#1783));
#377=EDGE_LOOP('',(#1784,#1785,#1786,#1787));
#378=EDGE_LOOP('',(#1788,#1789,#1790,#1791));
#379=EDGE_LOOP('',(#1792,#1793,#1794,#1795));
#380=EDGE_LOOP('',(#1796,#1797,#1798,#1799));
#381=EDGE_LOOP('',(#1800,#1801,#1802,#1803));
#382=EDGE_LOOP('',(#1804,#1805,#1806,#1807));
#383=EDGE_LOOP('',(#1808,#1809,#1810,#1811));
#384=EDGE_LOOP('',(#1812,#1813,#1814,#1815));
#385=EDGE_LOOP('',(#1816,#1817,#1818,#1819));
#386=EDGE_LOOP('',(#1820,#1821,#1822,#1823));
#387=EDGE_LOOP('',(#1824,#1825,#1826,#1827));
#388=EDGE_LOOP('',(#1828,#1829,#1830,#1831));
#389=EDGE_LOOP('',(#1832,#1833,#1834,#1835));
#390=EDGE_LOOP('',(#1836,#1837,#1838,#1839));
#391=EDGE_LOOP('',(#1840,#1841,#1842,#1843));
#392=EDGE_LOOP('',(#1844,#1845,#1846,#1847));
#393=EDGE_LOOP('',(#1848,#1849,#1850,#1851));
#394=EDGE_LOOP('',(#1852,#1853,#1854,#1855));
#395=EDGE_LOOP('',(#1856,#1857,#1858,#1859));
#396=EDGE_LOOP('',(#1860,#1861,#1862,#1863));
#397=EDGE_LOOP('',(#1864,#1865,#1866,#1867));
#398=EDGE_LOOP('',(#1868,#1869,#1870,#1871));
#399=EDGE_LOOP('',(#1872,#1873,#1874,#1875));
#400=EDGE_LOOP('',(#1876,#1877,#1878,#1879));
#401=EDGE_LOOP('',(#1880,#1881,#1882,#1883));
#402=EDGE_LOOP('',(#1884,#1885,#1886,#1887));
#403=EDGE_LOOP('',(#1888,#1889,#1890,#1891));
#404=EDGE_LOOP('',(#1892,#1893,#1894,#1895));
#405=EDGE_LOOP('',(#1896,#1897,#1898,#1899));
#406=LINE('',#2828,#604);
#407=LINE('',#2837,#605);
#408=LINE('',#2841,#606);
#409=LINE('',#2845,#607);
#410=LINE('',#2849,#608);
#411=LINE('',#2853,#609);
#412=LINE('',#2866,#610);
#413=LINE('',#2867,#611);
#414=LINE('',#2868,#612);
#415=LINE('',#2871,#613);
#416=LINE('',#2876,#614);
#417=LINE('',#2879,#615);
#418=LINE('',#2880,#616);
#419=LINE('',#2883,#617);
#420=LINE('',#2884,#618);
#421=LINE('',#2888,#619);
#422=LINE('',#2892,#620);
#423=LINE('',#2894,#621);
#424=LINE('',#2897,#622);
#425=LINE('',#2901,#623);
#426=LINE('',#2905,#624);
#427=LINE('',#2909,#625);
#428=LINE('',#2914,#626);
#429=LINE('',#2915,#627);
#430=LINE('',#2916,#628);
#431=LINE('',#2919,#629);
#432=LINE('',#2924,#630);
#433=LINE('',#2928,#631);
#434=LINE('',#2930,#632);
#435=LINE('',#2932,#633);
#436=LINE('',#2934,#634);
#437=LINE('',#2936,#635);
#438=LINE('',#2938,#636);
#439=LINE('',#2940,#637);
#440=LINE('',#2942,#638);
#441=LINE('',#2943,#639);
#442=LINE('',#2944,#640);
#443=LINE('',#2947,#641);
#444=LINE('',#2949,#642);
#445=LINE('',#2951,#643);
#446=LINE('',#2953,#644);
#447=LINE('',#2955,#645);
#448=LINE('',#2957,#646);
#449=LINE('',#2959,#647);
#450=LINE('',#2961,#648);
#451=LINE('',#2963,#649);
#452=LINE('',#2964,#650);
#453=LINE('',#2968,#651);
#454=LINE('',#2972,#652);
#455=LINE('',#2974,#653);
#456=LINE('',#2981,#654);
#457=LINE('',#2982,#655);
#458=LINE('',#2983,#656);
#459=LINE('',#2984,#657);
#460=LINE('',#2988,#658);
#461=LINE('',#2992,#659);
#462=LINE('',#2995,#660);
#463=LINE('',#2997,#661);
#464=LINE('',#3001,#662);
#465=LINE('',#3005,#663);
#466=LINE('',#3009,#664);
#467=LINE('',#3011,#665);
#468=LINE('',#3013,#666);
#469=LINE('',#3017,#667);
#470=LINE('',#3021,#668);
#471=LINE('',#3022,#669);
#472=LINE('',#3026,#670);
#473=LINE('',#3030,#671);
#474=LINE('',#3034,#672);
#475=LINE('',#3036,#673);
#476=LINE('',#3038,#674);
#477=LINE('',#3042,#675);
#478=LINE('',#3046,#676);
#479=LINE('',#3049,#677);
#480=LINE('',#3053,#678);
#481=LINE('',#3058,#679);
#482=LINE('',#3062,#680);
#483=LINE('',#3066,#681);
#484=LINE('',#3068,#682);
#485=LINE('',#3070,#683);
#486=LINE('',#3074,#684);
#487=LINE('',#3078,#685);
#488=LINE('',#3081,#686);
#489=LINE('',#3083,#687);
#490=LINE('',#3087,#688);
#491=LINE('',#3092,#689);
#492=LINE('',#3096,#690);
#493=LINE('',#3099,#691);
#494=LINE('',#3101,#692);
#495=LINE('',#3105,#693);
#496=LINE('',#3109,#694);
#497=LINE('',#3113,#695);
#498=LINE('',#3115,#696);
#499=LINE('',#3117,#697);
#500=LINE('',#3121,#698);
#501=LINE('',#3124,#699);
#502=LINE('',#3128,#700);
#503=LINE('',#3132,#701);
#504=LINE('',#3135,#702);
#505=LINE('',#3137,#703);
#506=LINE('',#3141,#704);
#507=LINE('',#3145,#705);
#508=LINE('',#3149,#706);
#509=LINE('',#3151,#707);
#510=LINE('',#3153,#708);
#511=LINE('',#3157,#709);
#512=LINE('',#3161,#710);
#513=LINE('',#3162,#711);
#514=LINE('',#3166,#712);
#515=LINE('',#3170,#713);
#516=LINE('',#3174,#714);
#517=LINE('',#3176,#715);
#518=LINE('',#3178,#716);
#519=LINE('',#3182,#717);
#520=LINE('',#3186,#718);
#521=LINE('',#3189,#719);
#522=LINE('',#3193,#720);
#523=LINE('',#3198,#721);
#524=LINE('',#3202,#722);
#525=LINE('',#3206,#723);
#526=LINE('',#3208,#724);
#527=LINE('',#3210,#725);
#528=LINE('',#3214,#726);
#529=LINE('',#3218,#727);
#530=LINE('',#3221,#728);
#531=LINE('',#3223,#729);
#532=LINE('',#3227,#730);
#533=LINE('',#3232,#731);
#534=LINE('',#3236,#732);
#535=LINE('',#3239,#733);
#536=LINE('',#3241,#734);
#537=LINE('',#3245,#735);
#538=LINE('',#3249,#736);
#539=LINE('',#3253,#737);
#540=LINE('',#3255,#738);
#541=LINE('',#3257,#739);
#542=LINE('',#3261,#740);
#543=LINE('',#3264,#741);
#544=LINE('',#3266,#742);
#545=LINE('',#3268,#743);
#546=LINE('',#3270,#744);
#547=LINE('',#3272,#745);
#548=LINE('',#3274,#746);
#549=LINE('',#3275,#747);
#550=LINE('',#3277,#748);
#551=LINE('',#3279,#749);
#552=LINE('',#3281,#750);
#553=LINE('',#3283,#751);
#554=LINE('',#3286,#752);
#555=LINE('',#3288,#753);
#556=LINE('',#3290,#754);
#557=LINE('',#3292,#755);
#558=LINE('',#3294,#756);
#559=LINE('',#3296,#757);
#560=LINE('',#3298,#758);
#561=LINE('',#3300,#759);
#562=LINE('',#3303,#760);
#563=LINE('',#3304,#761);
#564=LINE('',#3306,#762);
#565=LINE('',#3308,#763);
#566=LINE('',#3310,#764);
#567=LINE('',#3312,#765);
#568=LINE('',#3315,#766);
#569=LINE('',#3317,#767);
#570=LINE('',#3319,#768);
#571=LINE('',#3321,#769);
#572=LINE('',#3323,#770);
#573=LINE('',#3325,#771);
#574=LINE('',#3327,#772);
#575=LINE('',#3329,#773);
#576=LINE('',#3332,#774);
#577=LINE('',#3333,#775);
#578=LINE('',#3335,#776);
#579=LINE('',#3337,#777);
#580=LINE('',#3339,#778);
#581=LINE('',#3341,#779);
#582=LINE('',#3344,#780);
#583=LINE('',#3346,#781);
#584=LINE('',#3348,#782);
#585=LINE('',#3350,#783);
#586=LINE('',#3352,#784);
#587=LINE('',#3354,#785);
#588=LINE('',#3356,#786);
#589=LINE('',#3358,#787);
#590=LINE('',#3361,#788);
#591=LINE('',#3362,#789);
#592=LINE('',#3364,#790);
#593=LINE('',#3366,#791);
#594=LINE('',#3368,#792);
#595=LINE('',#3370,#793);
#596=LINE('',#3373,#794);
#597=LINE('',#3375,#795);
#598=LINE('',#3377,#796);
#599=LINE('',#3379,#797);
#600=LINE('',#3381,#798);
#601=LINE('',#3383,#799);
#602=LINE('',#3385,#800);
#603=LINE('',#3387,#801);
#604=VECTOR('',#2255,1.65);
#605=VECTOR('',#2268,0.5);
#606=VECTOR('',#2271,1.);
#607=VECTOR('',#2274,1.);
#608=VECTOR('',#2277,1.);
#609=VECTOR('',#2280,1.);
#610=VECTOR('',#2293,1.);
#611=VECTOR('',#2294,1.);
#612=VECTOR('',#2295,1.);
#613=VECTOR('',#2298,1.);
#614=VECTOR('',#2305,1.);
#615=VECTOR('',#2308,1.);
#616=VECTOR('',#2309,1.);
#617=VECTOR('',#2312,1.);
#618=VECTOR('',#2313,1.);
#619=VECTOR('',#2318,1.);
#620=VECTOR('',#2323,1.);
#621=VECTOR('',#2326,1.);
#622=VECTOR('',#2329,0.5);
#623=VECTOR('',#2334,1.75);
#624=VECTOR('',#2339,0.5);
#625=VECTOR('',#2344,0.5);
#626=VECTOR('',#2349,1.);
#627=VECTOR('',#2350,1.);
#628=VECTOR('',#2351,1.);
#629=VECTOR('',#2354,1.);
#630=VECTOR('',#2361,1.);
#631=VECTOR('',#2364,1.);
#632=VECTOR('',#2365,1.);
#633=VECTOR('',#2366,1.);
#634=VECTOR('',#2367,1.);
#635=VECTOR('',#2368,1.);
#636=VECTOR('',#2369,1.);
#637=VECTOR('',#2370,1.);
#638=VECTOR('',#2371,1.);
#639=VECTOR('',#2372,1.);
#640=VECTOR('',#2373,1.);
#641=VECTOR('',#2376,1.);
#642=VECTOR('',#2377,1.);
#643=VECTOR('',#2378,1.);
#644=VECTOR('',#2379,1.);
#645=VECTOR('',#2380,1.);
#646=VECTOR('',#2381,1.);
#647=VECTOR('',#2382,1.);
#648=VECTOR('',#2383,1.);
#649=VECTOR('',#2384,1.);
#650=VECTOR('',#2385,1.);
#651=VECTOR('',#2390,1.);
#652=VECTOR('',#2395,1.);
#653=VECTOR('',#2398,1.);
#654=VECTOR('',#2411,1.);
#655=VECTOR('',#2412,1.);
#656=VECTOR('',#2413,1.);
#657=VECTOR('',#2414,1.);
#658=VECTOR('',#2417,0.999999999999756);
#659=VECTOR('',#2420,1.);
#660=VECTOR('',#2423,1.);
#661=VECTOR('',#2424,1.);
#662=VECTOR('',#2427,0.999999999999756);
#663=VECTOR('',#2430,0.999999999999756);
#664=VECTOR('',#2433,1.);
#665=VECTOR('',#2434,1.);
#666=VECTOR('',#2435,1.);
#667=VECTOR('',#2438,0.999999999999756);
#668=VECTOR('',#2443,1.);
#669=VECTOR('',#2444,1.);
#670=VECTOR('',#2447,0.999999999999756);
#671=VECTOR('',#2450,0.999999999999756);
#672=VECTOR('',#2453,1.);
#673=VECTOR('',#2454,1.);
#674=VECTOR('',#2455,1.);
#675=VECTOR('',#2458,0.999999999999756);
#676=VECTOR('',#2461,0.999999999999756);
#677=VECTOR('',#2464,1.);
#678=VECTOR('',#2467,1.);
#679=VECTOR('',#2472,0.999999999999756);
#680=VECTOR('',#2475,0.999999999999756);
#681=VECTOR('',#2478,1.);
#682=VECTOR('',#2479,1.);
#683=VECTOR('',#2480,1.);
#684=VECTOR('',#2483,0.999999999999756);
#685=VECTOR('',#2486,0.999999999999756);
#686=VECTOR('',#2489,1.);
#687=VECTOR('',#2490,1.);
#688=VECTOR('',#2493,1.);
#689=VECTOR('',#2498,0.999999999999756);
#690=VECTOR('',#2501,1.);
#691=VECTOR('',#2504,1.);
#692=VECTOR('',#2505,1.);
#693=VECTOR('',#2508,0.999999999999756);
#694=VECTOR('',#2511,0.999999999999756);
#695=VECTOR('',#2514,1.);
#696=VECTOR('',#2515,1.);
#697=VECTOR('',#2516,1.);
#698=VECTOR('',#2519,0.999999999999756);
#699=VECTOR('',#2524,1.);
#700=VECTOR('',#2527,0.999999999999756);
#701=VECTOR('',#2530,1.);
#702=VECTOR('',#2533,1.);
#703=VECTOR('',#2534,1.);
#704=VECTOR('',#2537,0.999999999999756);
#705=VECTOR('',#2540,0.999999999999756);
#706=VECTOR('',#2543,1.);
#707=VECTOR('',#2544,1.);
#708=VECTOR('',#2545,1.);
#709=VECTOR('',#2548,0.999999999999756);
#710=VECTOR('',#2553,1.);
#711=VECTOR('',#2554,1.);
#712=VECTOR('',#2557,0.999999999999756);
#713=VECTOR('',#2560,0.999999999999756);
#714=VECTOR('',#2563,1.);
#715=VECTOR('',#2564,1.);
#716=VECTOR('',#2565,1.);
#717=VECTOR('',#2568,0.999999999999756);
#718=VECTOR('',#2571,0.999999999999756);
#719=VECTOR('',#2574,1.);
#720=VECTOR('',#2577,1.);
#721=VECTOR('',#2582,0.999999999999756);
#722=VECTOR('',#2585,0.999999999999756);
#723=VECTOR('',#2588,1.);
#724=VECTOR('',#2589,1.);
#725=VECTOR('',#2590,1.);
#726=VECTOR('',#2593,0.999999999999756);
#727=VECTOR('',#2596,0.999999999999756);
#728=VECTOR('',#2599,1.);
#729=VECTOR('',#2600,1.);
#730=VECTOR('',#2603,1.);
#731=VECTOR('',#2608,0.999999999999756);
#732=VECTOR('',#2611,1.);
#733=VECTOR('',#2614,1.);
#734=VECTOR('',#2615,1.);
#735=VECTOR('',#2618,0.999999999999756);
#736=VECTOR('',#2621,0.999999999999756);
#737=VECTOR('',#2624,1.);
#738=VECTOR('',#2625,1.);
#739=VECTOR('',#2626,1.);
#740=VECTOR('',#2629,0.999999999999756);
#741=VECTOR('',#2634,1.);
#742=VECTOR('',#2637,1.);
#743=VECTOR('',#2640,1.);
#744=VECTOR('',#2643,1.);
#745=VECTOR('',#2646,1.);
#746=VECTOR('',#2649,1.);
#747=VECTOR('',#2650,1.);
#748=VECTOR('',#2653,1.);
#749=VECTOR('',#2656,1.);
#750=VECTOR('',#2659,1.);
#751=VECTOR('',#2662,1.);
#752=VECTOR('',#2667,1.);
#753=VECTOR('',#2670,1.);
#754=VECTOR('',#2673,1.);
#755=VECTOR('',#2676,1.);
#756=VECTOR('',#2679,1.);
#757=VECTOR('',#2682,1.);
#758=VECTOR('',#2685,1.);
#759=VECTOR('',#2688,1.);
#760=VECTOR('',#2693,1.);
#761=VECTOR('',#2694,1.);
#762=VECTOR('',#2697,1.);
#763=VECTOR('',#2700,1.);
#764=VECTOR('',#2703,1.);
#765=VECTOR('',#2706,1.);
#766=VECTOR('',#2711,1.);
#767=VECTOR('',#2714,1.);
#768=VECTOR('',#2717,1.);
#769=VECTOR('',#2720,1.);
#770=VECTOR('',#2723,1.);
#771=VECTOR('',#2726,1.);
#772=VECTOR('',#2729,1.);
#773=VECTOR('',#2732,1.);
#774=VECTOR('',#2737,1.);
#775=VECTOR('',#2738,1.);
#776=VECTOR('',#2741,1.);
#777=VECTOR('',#2744,1.);
#778=VECTOR('',#2747,1.);
#779=VECTOR('',#2750,1.);
#780=VECTOR('',#2755,1.);
#781=VECTOR('',#2758,1.);
#782=VECTOR('',#2761,1.);
#783=VECTOR('',#2764,1.);
#784=VECTOR('',#2767,1.);
#785=VECTOR('',#2770,1.);
#786=VECTOR('',#2773,1.);
#787=VECTOR('',#2776,1.);
#788=VECTOR('',#2781,1.);
#789=VECTOR('',#2782,1.);
#790=VECTOR('',#2785,1.);
#791=VECTOR('',#2788,1.);
#792=VECTOR('',#2791,1.);
#793=VECTOR('',#2794,1.);
#794=VECTOR('',#2799,1.);
#795=VECTOR('',#2802,1.);
#796=VECTOR('',#2805,1.);
#797=VECTOR('',#2808,1.);
#798=VECTOR('',#2811,1.);
#799=VECTOR('',#2814,1.);
#800=VECTOR('',#2817,1.);
#801=VECTOR('',#2820,1.);
#802=CIRCLE('',#2063,1.65);
#803=CIRCLE('',#2064,1.65);
#804=CIRCLE('',#2067,0.5);
#805=CIRCLE('',#2069,0.5);
#806=CIRCLE('',#2071,0.3);
#807=CIRCLE('',#2072,0.3);
#808=CIRCLE('',#2073,0.3);
#809=CIRCLE('',#2074,0.3);
#810=CIRCLE('',#2075,0.5);
#811=CIRCLE('',#2076,1.75);
#812=CIRCLE('',#2077,0.5);
#813=CIRCLE('',#2078,0.5);
#814=CIRCLE('',#2081,0.3);
#815=CIRCLE('',#2083,0.3);
#816=CIRCLE('',#2087,0.3);
#817=CIRCLE('',#2089,0.3);
#818=CIRCLE('',#2092,0.5);
#819=CIRCLE('',#2094,1.75);
#820=CIRCLE('',#2096,0.5);
#821=CIRCLE('',#2098,0.5);
#822=CIRCLE('',#2101,0.3);
#823=CIRCLE('',#2103,0.3);
#824=CIRCLE('',#2107,0.3);
#825=CIRCLE('',#2109,0.3);
#826=CIRCLE('',#2113,0.1);
#827=CIRCLE('',#2118,0.29);
#828=CIRCLE('',#2119,0.29);
#829=CIRCLE('',#2120,0.29);
#830=CIRCLE('',#2121,0.29);
#831=CIRCLE('',#2122,0.29);
#832=CIRCLE('',#2123,0.29);
#833=CIRCLE('',#2124,0.29);
#834=CIRCLE('',#2127,0.29);
#835=CIRCLE('',#2128,0.29);
#836=CIRCLE('',#2129,0.29);
#837=CIRCLE('',#2130,0.29);
#838=CIRCLE('',#2131,0.29);
#839=CIRCLE('',#2132,0.29);
#840=CIRCLE('',#2133,0.29);
#841=CIRCLE('',#2135,0.29);
#842=CIRCLE('',#2136,0.29);
#843=CIRCLE('',#2137,0.29);
#844=CIRCLE('',#2138,0.29);
#845=CIRCLE('',#2139,0.29);
#846=CIRCLE('',#2140,0.29);
#847=CIRCLE('',#2141,0.29);
#848=CIRCLE('',#2143,0.29);
#849=CIRCLE('',#2144,0.29);
#850=CIRCLE('',#2145,0.29);
#851=CIRCLE('',#2146,0.29);
#852=CIRCLE('',#2147,0.29);
#853=CIRCLE('',#2148,0.29);
#854=CIRCLE('',#2149,0.29);
#855=CIRCLE('',#2152,0.29);
#856=CIRCLE('',#2153,0.29);
#857=CIRCLE('',#2154,0.29);
#858=CIRCLE('',#2155,0.29);
#859=CIRCLE('',#2156,0.29);
#860=CIRCLE('',#2157,0.29);
#861=CIRCLE('',#2158,0.29);
#862=CIRCLE('',#2161,0.29);
#863=CIRCLE('',#2162,0.29);
#864=CIRCLE('',#2163,0.29);
#865=CIRCLE('',#2164,0.29);
#866=CIRCLE('',#2165,0.29);
#867=CIRCLE('',#2166,0.29);
#868=CIRCLE('',#2167,0.29);
#869=CIRCLE('',#2169,0.29);
#870=CIRCLE('',#2170,0.29);
#871=CIRCLE('',#2171,0.29);
#872=CIRCLE('',#2172,0.29);
#873=CIRCLE('',#2173,0.29);
#874=CIRCLE('',#2174,0.29);
#875=CIRCLE('',#2175,0.29);
#876=CIRCLE('',#2177,0.29);
#877=CIRCLE('',#2178,0.29);
#878=CIRCLE('',#2179,0.29);
#879=CIRCLE('',#2180,0.29);
#880=CIRCLE('',#2181,0.29);
#881=CIRCLE('',#2182,0.29);
#882=CIRCLE('',#2183,0.29);
#883=VERTEX_POINT('',#2825);
#884=VERTEX_POINT('',#2827);
#885=VERTEX_POINT('',#2832);
#886=VERTEX_POINT('',#2835);
#887=VERTEX_POINT('',#2839);
#888=VERTEX_POINT('',#2840);
#889=VERTEX_POINT('',#2842);
#890=VERTEX_POINT('',#2844);
#891=VERTEX_POINT('',#2846);
#892=VERTEX_POINT('',#2848);
#893=VERTEX_POINT('',#2850);
#894=VERTEX_POINT('',#2852);
#895=VERTEX_POINT('',#2855);
#896=VERTEX_POINT('',#2857);
#897=VERTEX_POINT('',#2859);
#898=VERTEX_POINT('',#2861);
#899=VERTEX_POINT('',#2864);
#900=VERTEX_POINT('',#2865);
#901=VERTEX_POINT('',#2870);
#902=VERTEX_POINT('',#2874);
#903=VERTEX_POINT('',#2878);
#904=VERTEX_POINT('',#2882);
#905=VERTEX_POINT('',#2886);
#906=VERTEX_POINT('',#2890);
#907=VERTEX_POINT('',#2896);
#908=VERTEX_POINT('',#2900);
#909=VERTEX_POINT('',#2904);
#910=VERTEX_POINT('',#2908);
#911=VERTEX_POINT('',#2912);
#912=VERTEX_POINT('',#2913);
#913=VERTEX_POINT('',#2918);
#914=VERTEX_POINT('',#2922);
#915=VERTEX_POINT('',#2926);
#916=VERTEX_POINT('',#2927);
#917=VERTEX_POINT('',#2929);
#918=VERTEX_POINT('',#2931);
#919=VERTEX_POINT('',#2933);
#920=VERTEX_POINT('',#2935);
#921=VERTEX_POINT('',#2937);
#922=VERTEX_POINT('',#2939);
#923=VERTEX_POINT('',#2941);
#924=VERTEX_POINT('',#2946);
#925=VERTEX_POINT('',#2948);
#926=VERTEX_POINT('',#2950);
#927=VERTEX_POINT('',#2952);
#928=VERTEX_POINT('',#2954);
#929=VERTEX_POINT('',#2956);
#930=VERTEX_POINT('',#2958);
#931=VERTEX_POINT('',#2960);
#932=VERTEX_POINT('',#2962);
#933=VERTEX_POINT('',#2966);
#934=VERTEX_POINT('',#2970);
#935=VERTEX_POINT('',#2986);
#936=VERTEX_POINT('',#2987);
#937=VERTEX_POINT('',#2989);
#938=VERTEX_POINT('',#2991);
#939=VERTEX_POINT('',#2993);
#940=VERTEX_POINT('',#2996);
#941=VERTEX_POINT('',#2998);
#942=VERTEX_POINT('',#3000);
#943=VERTEX_POINT('',#3002);
#944=VERTEX_POINT('',#3004);
#945=VERTEX_POINT('',#3006);
#946=VERTEX_POINT('',#3008);
#947=VERTEX_POINT('',#3010);
#948=VERTEX_POINT('',#3012);
#949=VERTEX_POINT('',#3014);
#950=VERTEX_POINT('',#3016);
#951=VERTEX_POINT('',#3020);
#952=VERTEX_POINT('',#3024);
#953=VERTEX_POINT('',#3025);
#954=VERTEX_POINT('',#3027);
#955=VERTEX_POINT('',#3029);
#956=VERTEX_POINT('',#3031);
#957=VERTEX_POINT('',#3033);
#958=VERTEX_POINT('',#3035);
#959=VERTEX_POINT('',#3037);
#960=VERTEX_POINT('',#3039);
#961=VERTEX_POINT('',#3041);
#962=VERTEX_POINT('',#3043);
#963=VERTEX_POINT('',#3045);
#964=VERTEX_POINT('',#3047);
#965=VERTEX_POINT('',#3050);
#966=VERTEX_POINT('',#3052);
#967=VERTEX_POINT('',#3056);
#968=VERTEX_POINT('',#3057);
#969=VERTEX_POINT('',#3059);
#970=VERTEX_POINT('',#3061);
#971=VERTEX_POINT('',#3063);
#972=VERTEX_POINT('',#3065);
#973=VERTEX_POINT('',#3067);
#974=VERTEX_POINT('',#3069);
#975=VERTEX_POINT('',#3071);
#976=VERTEX_POINT('',#3073);
#977=VERTEX_POINT('',#3075);
#978=VERTEX_POINT('',#3077);
#979=VERTEX_POINT('',#3079);
#980=VERTEX_POINT('',#3082);
#981=VERTEX_POINT('',#3084);
#982=VERTEX_POINT('',#3086);
#983=VERTEX_POINT('',#3090);
#984=VERTEX_POINT('',#3091);
#985=VERTEX_POINT('',#3093);
#986=VERTEX_POINT('',#3095);
#987=VERTEX_POINT('',#3097);
#988=VERTEX_POINT('',#3100);
#989=VERTEX_POINT('',#3102);
#990=VERTEX_POINT('',#3104);
#991=VERTEX_POINT('',#3106);
#992=VERTEX_POINT('',#3108);
#993=VERTEX_POINT('',#3110);
#994=VERTEX_POINT('',#3112);
#995=VERTEX_POINT('',#3114);
#996=VERTEX_POINT('',#3116);
#997=VERTEX_POINT('',#3118);
#998=VERTEX_POINT('',#3120);
#999=VERTEX_POINT('',#3126);
#1000=VERTEX_POINT('',#3127);
#1001=VERTEX_POINT('',#3129);
#1002=VERTEX_POINT('',#3131);
#1003=VERTEX_POINT('',#3133);
#1004=VERTEX_POINT('',#3136);
#1005=VERTEX_POINT('',#3138);
#1006=VERTEX_POINT('',#3140);
#1007=VERTEX_POINT('',#3142);
#1008=VERTEX_POINT('',#3144);
#1009=VERTEX_POINT('',#3146);
#1010=VERTEX_POINT('',#3148);
#1011=VERTEX_POINT('',#3150);
#1012=VERTEX_POINT('',#3152);
#1013=VERTEX_POINT('',#3154);
#1014=VERTEX_POINT('',#3156);
#1015=VERTEX_POINT('',#3160);
#1016=VERTEX_POINT('',#3164);
#1017=VERTEX_POINT('',#3165);
#1018=VERTEX_POINT('',#3167);
#1019=VERTEX_POINT('',#3169);
#1020=VERTEX_POINT('',#3171);
#1021=VERTEX_POINT('',#3173);
#1022=VERTEX_POINT('',#3175);
#1023=VERTEX_POINT('',#3177);
#1024=VERTEX_POINT('',#3179);
#1025=VERTEX_POINT('',#3181);
#1026=VERTEX_POINT('',#3183);
#1027=VERTEX_POINT('',#3185);
#1028=VERTEX_POINT('',#3187);
#1029=VERTEX_POINT('',#3190);
#1030=VERTEX_POINT('',#3192);
#1031=VERTEX_POINT('',#3196);
#1032=VERTEX_POINT('',#3197);
#1033=VERTEX_POINT('',#3199);
#1034=VERTEX_POINT('',#3201);
#1035=VERTEX_POINT('',#3203);
#1036=VERTEX_POINT('',#3205);
#1037=VERTEX_POINT('',#3207);
#1038=VERTEX_POINT('',#3209);
#1039=VERTEX_POINT('',#3211);
#1040=VERTEX_POINT('',#3213);
#1041=VERTEX_POINT('',#3215);
#1042=VERTEX_POINT('',#3217);
#1043=VERTEX_POINT('',#3219);
#1044=VERTEX_POINT('',#3222);
#1045=VERTEX_POINT('',#3224);
#1046=VERTEX_POINT('',#3226);
#1047=VERTEX_POINT('',#3230);
#1048=VERTEX_POINT('',#3231);
#1049=VERTEX_POINT('',#3233);
#1050=VERTEX_POINT('',#3235);
#1051=VERTEX_POINT('',#3237);
#1052=VERTEX_POINT('',#3240);
#1053=VERTEX_POINT('',#3242);
#1054=VERTEX_POINT('',#3244);
#1055=VERTEX_POINT('',#3246);
#1056=VERTEX_POINT('',#3248);
#1057=VERTEX_POINT('',#3250);
#1058=VERTEX_POINT('',#3252);
#1059=VERTEX_POINT('',#3254);
#1060=VERTEX_POINT('',#3256);
#1061=VERTEX_POINT('',#3258);
#1062=VERTEX_POINT('',#3260);
#1063=EDGE_CURVE('',#883,#883,#802,.T.);
#1064=EDGE_CURVE('',#883,#884,#406,.T.);
#1065=EDGE_CURVE('',#884,#884,#803,.T.);
#1066=EDGE_CURVE('',#885,#885,#804,.T.);
#1067=EDGE_CURVE('',#886,#886,#805,.T.);
#1068=EDGE_CURVE('',#886,#885,#407,.T.);
#1069=EDGE_CURVE('',#887,#888,#408,.T.);
#1070=EDGE_CURVE('',#888,#889,#806,.T.);
#1071=EDGE_CURVE('',#889,#890,#409,.T.);
#1072=EDGE_CURVE('',#890,#891,#807,.T.);
#1073=EDGE_CURVE('',#891,#892,#410,.T.);
#1074=EDGE_CURVE('',#892,#893,#808,.T.);
#1075=EDGE_CURVE('',#893,#894,#411,.T.);
#1076=EDGE_CURVE('',#887,#894,#809,.T.);
#1077=EDGE_CURVE('',#895,#895,#810,.T.);
#1078=EDGE_CURVE('',#896,#896,#811,.T.);
#1079=EDGE_CURVE('',#897,#897,#812,.T.);
#1080=EDGE_CURVE('',#898,#898,#813,.T.);
#1081=EDGE_CURVE('',#899,#900,#412,.T.);
#1082=EDGE_CURVE('',#900,#888,#413,.T.);
#1083=EDGE_CURVE('',#899,#887,#414,.T.);
#1084=EDGE_CURVE('',#901,#894,#415,.T.);
#1085=EDGE_CURVE('',#899,#901,#814,.T.);
#1086=EDGE_CURVE('',#900,#902,#815,.T.);
#1087=EDGE_CURVE('',#902,#889,#416,.T.);
#1088=EDGE_CURVE('',#903,#901,#417,.T.);
#1089=EDGE_CURVE('',#903,#893,#418,.T.);
#1090=EDGE_CURVE('',#902,#904,#419,.T.);
#1091=EDGE_CURVE('',#904,#890,#420,.T.);
#1092=EDGE_CURVE('',#905,#903,#816,.T.);
#1093=EDGE_CURVE('',#905,#892,#421,.T.);
#1094=EDGE_CURVE('',#904,#906,#817,.T.);
#1095=EDGE_CURVE('',#906,#891,#422,.T.);
#1096=EDGE_CURVE('',#906,#905,#423,.T.);
#1097=EDGE_CURVE('',#895,#907,#424,.T.);
#1098=EDGE_CURVE('',#907,#907,#818,.T.);
#1099=EDGE_CURVE('',#896,#908,#425,.T.);
#1100=EDGE_CURVE('',#908,#908,#819,.T.);
#1101=EDGE_CURVE('',#897,#909,#426,.T.);
#1102=EDGE_CURVE('',#909,#909,#820,.T.);
#1103=EDGE_CURVE('',#898,#910,#427,.T.);
#1104=EDGE_CURVE('',#910,#910,#821,.T.);
#1105=EDGE_CURVE('',#911,#912,#428,.T.);
#1106=EDGE_CURVE('',#912,#900,#429,.T.);
#1107=EDGE_CURVE('',#911,#899,#430,.T.);
#1108=EDGE_CURVE('',#913,#901,#431,.T.);
#1109=EDGE_CURVE('',#911,#913,#822,.T.);
#1110=EDGE_CURVE('',#912,#914,#823,.T.);
#1111=EDGE_CURVE('',#914,#902,#432,.T.);
#1112=EDGE_CURVE('',#915,#916,#433,.T.);
#1113=EDGE_CURVE('',#917,#916,#434,.T.);
#1114=EDGE_CURVE('',#918,#917,#435,.T.);
#1115=EDGE_CURVE('',#918,#919,#436,.T.);
#1116=EDGE_CURVE('',#919,#920,#437,.T.);
#1117=EDGE_CURVE('',#921,#920,#438,.T.);
#1118=EDGE_CURVE('',#922,#921,#439,.T.);
#1119=EDGE_CURVE('',#922,#923,#440,.T.);
#1120=EDGE_CURVE('',#923,#913,#441,.T.);
#1121=EDGE_CURVE('',#915,#903,#442,.T.);
#1122=EDGE_CURVE('',#914,#924,#443,.T.);
#1123=EDGE_CURVE('',#925,#924,#444,.T.);
#1124=EDGE_CURVE('',#925,#926,#445,.T.);
#1125=EDGE_CURVE('',#926,#927,#446,.T.);
#1126=EDGE_CURVE('',#927,#928,#447,.T.);
#1127=EDGE_CURVE('',#929,#928,#448,.T.);
#1128=EDGE_CURVE('',#929,#930,#449,.T.);
#1129=EDGE_CURVE('',#930,#931,#450,.T.);
#1130=EDGE_CURVE('',#931,#932,#451,.T.);
#1131=EDGE_CURVE('',#932,#904,#452,.T.);
#1132=EDGE_CURVE('',#933,#915,#824,.T.);
#1133=EDGE_CURVE('',#933,#905,#453,.T.);
#1134=EDGE_CURVE('',#932,#934,#825,.T.);
#1135=EDGE_CURVE('',#934,#906,#454,.T.);
#1136=EDGE_CURVE('',#934,#933,#455,.T.);
#1137=EDGE_CURVE('',#908,#884,#826,.T.);
#1138=EDGE_CURVE('',#920,#923,#456,.T.);
#1139=EDGE_CURVE('',#916,#919,#457,.T.);
#1140=EDGE_CURVE('',#928,#931,#458,.T.);
#1141=EDGE_CURVE('',#924,#927,#459,.T.);
#1142=EDGE_CURVE('',#935,#936,#460,.T.);
#1143=EDGE_CURVE('',#935,#937,#827,.T.);
#1144=EDGE_CURVE('',#937,#938,#461,.T.);
#1145=EDGE_CURVE('',#938,#939,#828,.T.);
#1146=EDGE_CURVE('',#939,#917,#462,.T.);
#1147=EDGE_CURVE('',#916,#940,#463,.T.);
#1148=EDGE_CURVE('',#940,#941,#829,.T.);
#1149=EDGE_CURVE('',#942,#941,#464,.T.);
#1150=EDGE_CURVE('',#942,#943,#830,.T.);
#1151=EDGE_CURVE('',#944,#943,#465,.T.);
#1152=EDGE_CURVE('',#944,#945,#831,.T.);
#1153=EDGE_CURVE('',#945,#946,#466,.T.);
#1154=EDGE_CURVE('',#946,#947,#467,.T.);
#1155=EDGE_CURVE('',#947,#948,#468,.T.);
#1156=EDGE_CURVE('',#948,#949,#832,.T.);
#1157=EDGE_CURVE('',#950,#949,#469,.T.);
#1158=EDGE_CURVE('',#936,#950,#833,.T.);
#1159=EDGE_CURVE('',#951,#918,#470,.T.);
#1160=EDGE_CURVE('',#951,#939,#471,.T.);
#1161=EDGE_CURVE('',#952,#953,#472,.T.);
#1162=EDGE_CURVE('',#953,#954,#834,.T.);
#1163=EDGE_CURVE('',#954,#955,#473,.T.);
#1164=EDGE_CURVE('',#956,#955,#835,.T.);
#1165=EDGE_CURVE('',#957,#956,#474,.T.);
#1166=EDGE_CURVE('',#958,#957,#475,.T.);
#1167=EDGE_CURVE('',#959,#958,#476,.T.);
#1168=EDGE_CURVE('',#960,#959,#836,.T.);
#1169=EDGE_CURVE('',#960,#961,#477,.T.);
#1170=EDGE_CURVE('',#962,#961,#837,.T.);
#1171=EDGE_CURVE('',#962,#963,#478,.T.);
#1172=EDGE_CURVE('',#964,#963,#838,.T.);
#1173=EDGE_CURVE('',#919,#964,#479,.T.);
#1174=EDGE_CURVE('',#965,#951,#839,.T.);
#1175=EDGE_CURVE('',#966,#965,#480,.T.);
#1176=EDGE_CURVE('',#952,#966,#840,.T.);
#1177=EDGE_CURVE('',#967,#968,#481,.T.);
#1178=EDGE_CURVE('',#968,#969,#841,.T.);
#1179=EDGE_CURVE('',#969,#970,#482,.T.);
#1180=EDGE_CURVE('',#971,#970,#842,.T.);
#1181=EDGE_CURVE('',#972,#971,#483,.T.);
#1182=EDGE_CURVE('',#973,#972,#484,.T.);
#1183=EDGE_CURVE('',#974,#973,#485,.T.);
#1184=EDGE_CURVE('',#975,#974,#843,.T.);
#1185=EDGE_CURVE('',#975,#976,#486,.T.);
#1186=EDGE_CURVE('',#977,#976,#844,.T.);
#1187=EDGE_CURVE('',#977,#978,#487,.T.);
#1188=EDGE_CURVE('',#979,#978,#845,.T.);
#1189=EDGE_CURVE('',#923,#979,#488,.T.);
#1190=EDGE_CURVE('',#980,#922,#489,.T.);
#1191=EDGE_CURVE('',#981,#980,#846,.T.);
#1192=EDGE_CURVE('',#982,#981,#490,.T.);
#1193=EDGE_CURVE('',#967,#982,#847,.T.);
#1194=EDGE_CURVE('',#983,#984,#491,.T.);
#1195=EDGE_CURVE('',#983,#985,#848,.T.);
#1196=EDGE_CURVE('',#985,#986,#492,.T.);
#1197=EDGE_CURVE('',#986,#987,#849,.T.);
#1198=EDGE_CURVE('',#987,#921,#493,.T.);
#1199=EDGE_CURVE('',#920,#988,#494,.T.);
#1200=EDGE_CURVE('',#988,#989,#850,.T.);
#1201=EDGE_CURVE('',#990,#989,#495,.T.);
#1202=EDGE_CURVE('',#990,#991,#851,.T.);
#1203=EDGE_CURVE('',#992,#991,#496,.T.);
#1204=EDGE_CURVE('',#992,#993,#852,.T.);
#1205=EDGE_CURVE('',#993,#994,#497,.T.);
#1206=EDGE_CURVE('',#994,#995,#498,.T.);
#1207=EDGE_CURVE('',#995,#996,#499,.T.);
#1208=EDGE_CURVE('',#996,#997,#853,.T.);
#1209=EDGE_CURVE('',#998,#997,#500,.T.);
#1210=EDGE_CURVE('',#984,#998,#854,.T.);
#1211=EDGE_CURVE('',#980,#987,#501,.T.);
#1212=EDGE_CURVE('',#999,#1000,#502,.T.);
#1213=EDGE_CURVE('',#999,#1001,#855,.T.);
#1214=EDGE_CURVE('',#1001,#1002,#503,.T.);
#1215=EDGE_CURVE('',#1002,#1003,#856,.T.);
#1216=EDGE_CURVE('',#1003,#925,#504,.T.);
#1217=EDGE_CURVE('',#924,#1004,#505,.T.);
#1218=EDGE_CURVE('',#1004,#1005,#857,.T.);
#1219=EDGE_CURVE('',#1006,#1005,#506,.T.);
#1220=EDGE_CURVE('',#1006,#1007,#858,.T.);
#1221=EDGE_CURVE('',#1008,#1007,#507,.T.);
#1222=EDGE_CURVE('',#1008,#1009,#859,.T.);
#1223=EDGE_CURVE('',#1009,#1010,#508,.T.);
#1224=EDGE_CURVE('',#1010,#1011,#509,.T.);
#1225=EDGE_CURVE('',#1011,#1012,#510,.T.);
#1226=EDGE_CURVE('',#1012,#1013,#860,.T.);
#1227=EDGE_CURVE('',#1014,#1013,#511,.T.);
#1228=EDGE_CURVE('',#1000,#1014,#861,.T.);
#1229=EDGE_CURVE('',#1003,#1015,#512,.T.);
#1230=EDGE_CURVE('',#1015,#926,#513,.T.);
#1231=EDGE_CURVE('',#1016,#1017,#514,.T.);
#1232=EDGE_CURVE('',#1017,#1018,#862,.T.);
#1233=EDGE_CURVE('',#1018,#1019,#515,.T.);
#1234=EDGE_CURVE('',#1020,#1019,#863,.T.);
#1235=EDGE_CURVE('',#1021,#1020,#516,.T.);
#1236=EDGE_CURVE('',#1022,#1021,#517,.T.);
#1237=EDGE_CURVE('',#1023,#1022,#518,.T.);
#1238=EDGE_CURVE('',#1024,#1023,#864,.T.);
#1239=EDGE_CURVE('',#1024,#1025,#519,.T.);
#1240=EDGE_CURVE('',#1026,#1025,#865,.T.);
#1241=EDGE_CURVE('',#1026,#1027,#520,.T.);
#1242=EDGE_CURVE('',#1028,#1027,#866,.T.);
#1243=EDGE_CURVE('',#927,#1028,#521,.T.);
#1244=EDGE_CURVE('',#1029,#1015,#867,.T.);
#1245=EDGE_CURVE('',#1030,#1029,#522,.T.);
#1246=EDGE_CURVE('',#1016,#1030,#868,.T.);
#1247=EDGE_CURVE('',#1031,#1032,#523,.T.);
#1248=EDGE_CURVE('',#1032,#1033,#869,.T.);
#1249=EDGE_CURVE('',#1033,#1034,#524,.T.);
#1250=EDGE_CURVE('',#1035,#1034,#870,.T.);
#1251=EDGE_CURVE('',#1036,#1035,#525,.T.);
#1252=EDGE_CURVE('',#1037,#1036,#526,.T.);
#1253=EDGE_CURVE('',#1038,#1037,#527,.T.);
#1254=EDGE_CURVE('',#1039,#1038,#871,.T.);
#1255=EDGE_CURVE('',#1039,#1040,#528,.T.);
#1256=EDGE_CURVE('',#1041,#1040,#872,.T.);
#1257=EDGE_CURVE('',#1041,#1042,#529,.T.);
#1258=EDGE_CURVE('',#1043,#1042,#873,.T.);
#1259=EDGE_CURVE('',#931,#1043,#530,.T.);
#1260=EDGE_CURVE('',#1044,#930,#531,.T.);
#1261=EDGE_CURVE('',#1045,#1044,#874,.T.);
#1262=EDGE_CURVE('',#1046,#1045,#532,.T.);
#1263=EDGE_CURVE('',#1031,#1046,#875,.T.);
#1264=EDGE_CURVE('',#1047,#1048,#533,.T.);
#1265=EDGE_CURVE('',#1047,#1049,#876,.T.);
#1266=EDGE_CURVE('',#1049,#1050,#534,.T.);
#1267=EDGE_CURVE('',#1050,#1051,#877,.T.);
#1268=EDGE_CURVE('',#1051,#929,#535,.T.);
#1269=EDGE_CURVE('',#928,#1052,#536,.T.);
#1270=EDGE_CURVE('',#1052,#1053,#878,.T.);
#1271=EDGE_CURVE('',#1054,#1053,#537,.T.);
#1272=EDGE_CURVE('',#1054,#1055,#879,.T.);
#1273=EDGE_CURVE('',#1056,#1055,#538,.T.);
#1274=EDGE_CURVE('',#1056,#1057,#880,.T.);
#1275=EDGE_CURVE('',#1057,#1058,#539,.T.);
#1276=EDGE_CURVE('',#1058,#1059,#540,.T.);
#1277=EDGE_CURVE('',#1059,#1060,#541,.T.);
#1278=EDGE_CURVE('',#1060,#1061,#881,.T.);
#1279=EDGE_CURVE('',#1062,#1061,#542,.T.);
#1280=EDGE_CURVE('',#1048,#1062,#882,.T.);
#1281=EDGE_CURVE('',#1051,#1044,#543,.T.);
#1282=EDGE_CURVE('',#979,#988,#544,.T.);
#1283=EDGE_CURVE('',#1004,#1028,#545,.T.);
#1284=EDGE_CURVE('',#964,#940,#546,.T.);
#1285=EDGE_CURVE('',#1052,#1043,#547,.T.);
#1286=EDGE_CURVE('',#952,#935,#548,.T.);
#1287=EDGE_CURVE('',#953,#936,#549,.T.);
#1288=EDGE_CURVE('',#966,#937,#550,.T.);
#1289=EDGE_CURVE('',#954,#950,#551,.T.);
#1290=EDGE_CURVE('',#965,#938,#552,.T.);
#1291=EDGE_CURVE('',#955,#949,#553,.T.);
#1292=EDGE_CURVE('',#956,#948,#554,.T.);
#1293=EDGE_CURVE('',#957,#947,#555,.T.);
#1294=EDGE_CURVE('',#958,#946,#556,.T.);
#1295=EDGE_CURVE('',#959,#945,#557,.T.);
#1296=EDGE_CURVE('',#963,#941,#558,.T.);
#1297=EDGE_CURVE('',#960,#944,#559,.T.);
#1298=EDGE_CURVE('',#962,#942,#560,.T.);
#1299=EDGE_CURVE('',#961,#943,#561,.T.);
#1300=EDGE_CURVE('',#967,#983,#562,.T.);
#1301=EDGE_CURVE('',#968,#984,#563,.T.);
#1302=EDGE_CURVE('',#982,#985,#564,.T.);
#1303=EDGE_CURVE('',#969,#998,#565,.T.);
#1304=EDGE_CURVE('',#981,#986,#566,.T.);
#1305=EDGE_CURVE('',#970,#997,#567,.T.);
#1306=EDGE_CURVE('',#971,#996,#568,.T.);
#1307=EDGE_CURVE('',#972,#995,#569,.T.);
#1308=EDGE_CURVE('',#973,#994,#570,.T.);
#1309=EDGE_CURVE('',#974,#993,#571,.T.);
#1310=EDGE_CURVE('',#978,#989,#572,.T.);
#1311=EDGE_CURVE('',#975,#992,#573,.T.);
#1312=EDGE_CURVE('',#977,#990,#574,.T.);
#1313=EDGE_CURVE('',#976,#991,#575,.T.);
#1314=EDGE_CURVE('',#1000,#1017,#576,.T.);
#1315=EDGE_CURVE('',#999,#1016,#577,.T.);
#1316=EDGE_CURVE('',#1001,#1030,#578,.T.);
#1317=EDGE_CURVE('',#1014,#1018,#579,.T.);
#1318=EDGE_CURVE('',#1002,#1029,#580,.T.);
#1319=EDGE_CURVE('',#1013,#1019,#581,.T.);
#1320=EDGE_CURVE('',#1012,#1020,#582,.T.);
#1321=EDGE_CURVE('',#1011,#1021,#583,.T.);
#1322=EDGE_CURVE('',#1010,#1022,#584,.T.);
#1323=EDGE_CURVE('',#1009,#1023,#585,.T.);
#1324=EDGE_CURVE('',#1005,#1027,#586,.T.);
#1325=EDGE_CURVE('',#1008,#1024,#587,.T.);
#1326=EDGE_CURVE('',#1006,#1026,#588,.T.);
#1327=EDGE_CURVE('',#1007,#1025,#589,.T.);
#1328=EDGE_CURVE('',#1048,#1032,#590,.T.);
#1329=EDGE_CURVE('',#1047,#1031,#591,.T.);
#1330=EDGE_CURVE('',#1049,#1046,#592,.T.);
#1331=EDGE_CURVE('',#1062,#1033,#593,.T.);
#1332=EDGE_CURVE('',#1050,#1045,#594,.T.);
#1333=EDGE_CURVE('',#1061,#1034,#595,.T.);
#1334=EDGE_CURVE('',#1060,#1035,#596,.T.);
#1335=EDGE_CURVE('',#1059,#1036,#597,.T.);
#1336=EDGE_CURVE('',#1058,#1037,#598,.T.);
#1337=EDGE_CURVE('',#1057,#1038,#599,.T.);
#1338=EDGE_CURVE('',#1053,#1042,#600,.T.);
#1339=EDGE_CURVE('',#1056,#1039,#601,.T.);
#1340=EDGE_CURVE('',#1054,#1041,#602,.T.);
#1341=EDGE_CURVE('',#1055,#1040,#603,.T.);
#1342=ORIENTED_EDGE('',*,*,#1063,.F.);
#1343=ORIENTED_EDGE('',*,*,#1064,.T.);
#1344=ORIENTED_EDGE('',*,*,#1065,.T.);
#1345=ORIENTED_EDGE('',*,*,#1064,.F.);
#1346=ORIENTED_EDGE('',*,*,#1063,.T.);
#1347=ORIENTED_EDGE('',*,*,#1066,.T.);
#1348=ORIENTED_EDGE('',*,*,#1067,.F.);
#1349=ORIENTED_EDGE('',*,*,#1068,.T.);
#1350=ORIENTED_EDGE('',*,*,#1066,.F.);
#1351=ORIENTED_EDGE('',*,*,#1068,.F.);
#1352=ORIENTED_EDGE('',*,*,#1069,.T.);
#1353=ORIENTED_EDGE('',*,*,#1070,.T.);
#1354=ORIENTED_EDGE('',*,*,#1071,.T.);
#1355=ORIENTED_EDGE('',*,*,#1072,.T.);
#1356=ORIENTED_EDGE('',*,*,#1073,.T.);
#1357=ORIENTED_EDGE('',*,*,#1074,.T.);
#1358=ORIENTED_EDGE('',*,*,#1075,.T.);
#1359=ORIENTED_EDGE('',*,*,#1076,.F.);
#1360=ORIENTED_EDGE('',*,*,#1077,.T.);
#1361=ORIENTED_EDGE('',*,*,#1078,.T.);
#1362=ORIENTED_EDGE('',*,*,#1079,.T.);
#1363=ORIENTED_EDGE('',*,*,#1080,.T.);
#1364=ORIENTED_EDGE('',*,*,#1067,.T.);
#1365=ORIENTED_EDGE('',*,*,#1081,.T.);
#1366=ORIENTED_EDGE('',*,*,#1082,.T.);
#1367=ORIENTED_EDGE('',*,*,#1069,.F.);
#1368=ORIENTED_EDGE('',*,*,#1083,.F.);
#1369=ORIENTED_EDGE('',*,*,#1083,.T.);
#1370=ORIENTED_EDGE('',*,*,#1076,.T.);
#1371=ORIENTED_EDGE('',*,*,#1084,.F.);
#1372=ORIENTED_EDGE('',*,*,#1085,.F.);
#1373=ORIENTED_EDGE('',*,*,#1086,.T.);
#1374=ORIENTED_EDGE('',*,*,#1087,.T.);
#1375=ORIENTED_EDGE('',*,*,#1070,.F.);
#1376=ORIENTED_EDGE('',*,*,#1082,.F.);
#1377=ORIENTED_EDGE('',*,*,#1088,.T.);
#1378=ORIENTED_EDGE('',*,*,#1084,.T.);
#1379=ORIENTED_EDGE('',*,*,#1075,.F.);
#1380=ORIENTED_EDGE('',*,*,#1089,.F.);
#1381=ORIENTED_EDGE('',*,*,#1090,.T.);
#1382=ORIENTED_EDGE('',*,*,#1091,.T.);
#1383=ORIENTED_EDGE('',*,*,#1071,.F.);
#1384=ORIENTED_EDGE('',*,*,#1087,.F.);
#1385=ORIENTED_EDGE('',*,*,#1092,.T.);
#1386=ORIENTED_EDGE('',*,*,#1089,.T.);
#1387=ORIENTED_EDGE('',*,*,#1074,.F.);
#1388=ORIENTED_EDGE('',*,*,#1093,.F.);
#1389=ORIENTED_EDGE('',*,*,#1094,.T.);
#1390=ORIENTED_EDGE('',*,*,#1095,.T.);
#1391=ORIENTED_EDGE('',*,*,#1072,.F.);
#1392=ORIENTED_EDGE('',*,*,#1091,.F.);
#1393=ORIENTED_EDGE('',*,*,#1096,.T.);
#1394=ORIENTED_EDGE('',*,*,#1093,.T.);
#1395=ORIENTED_EDGE('',*,*,#1073,.F.);
#1396=ORIENTED_EDGE('',*,*,#1095,.F.);
#1397=ORIENTED_EDGE('',*,*,#1077,.F.);
#1398=ORIENTED_EDGE('',*,*,#1097,.T.);
#1399=ORIENTED_EDGE('',*,*,#1098,.F.);
#1400=ORIENTED_EDGE('',*,*,#1097,.F.);
#1401=ORIENTED_EDGE('',*,*,#1078,.F.);
#1402=ORIENTED_EDGE('',*,*,#1099,.T.);
#1403=ORIENTED_EDGE('',*,*,#1100,.F.);
#1404=ORIENTED_EDGE('',*,*,#1099,.F.);
#1405=ORIENTED_EDGE('',*,*,#1079,.F.);
#1406=ORIENTED_EDGE('',*,*,#1101,.T.);
#1407=ORIENTED_EDGE('',*,*,#1102,.F.);
#1408=ORIENTED_EDGE('',*,*,#1101,.F.);
#1409=ORIENTED_EDGE('',*,*,#1080,.F.);
#1410=ORIENTED_EDGE('',*,*,#1103,.T.);
#1411=ORIENTED_EDGE('',*,*,#1104,.F.);
#1412=ORIENTED_EDGE('',*,*,#1103,.F.);
#1413=ORIENTED_EDGE('',*,*,#1105,.T.);
#1414=ORIENTED_EDGE('',*,*,#1106,.T.);
#1415=ORIENTED_EDGE('',*,*,#1081,.F.);
#1416=ORIENTED_EDGE('',*,*,#1107,.F.);
#1417=ORIENTED_EDGE('',*,*,#1107,.T.);
#1418=ORIENTED_EDGE('',*,*,#1085,.T.);
#1419=ORIENTED_EDGE('',*,*,#1108,.F.);
#1420=ORIENTED_EDGE('',*,*,#1109,.F.);
#1421=ORIENTED_EDGE('',*,*,#1110,.T.);
#1422=ORIENTED_EDGE('',*,*,#1111,.T.);
#1423=ORIENTED_EDGE('',*,*,#1086,.F.);
#1424=ORIENTED_EDGE('',*,*,#1106,.F.);
#1425=ORIENTED_EDGE('',*,*,#1112,.T.);
#1426=ORIENTED_EDGE('',*,*,#1113,.F.);
#1427=ORIENTED_EDGE('',*,*,#1114,.F.);
#1428=ORIENTED_EDGE('',*,*,#1115,.T.);
#1429=ORIENTED_EDGE('',*,*,#1116,.T.);
#1430=ORIENTED_EDGE('',*,*,#1117,.F.);
#1431=ORIENTED_EDGE('',*,*,#1118,.F.);
#1432=ORIENTED_EDGE('',*,*,#1119,.T.);
#1433=ORIENTED_EDGE('',*,*,#1120,.T.);
#1434=ORIENTED_EDGE('',*,*,#1108,.T.);
#1435=ORIENTED_EDGE('',*,*,#1088,.F.);
#1436=ORIENTED_EDGE('',*,*,#1121,.F.);
#1437=ORIENTED_EDGE('',*,*,#1122,.T.);
#1438=ORIENTED_EDGE('',*,*,#1123,.F.);
#1439=ORIENTED_EDGE('',*,*,#1124,.T.);
#1440=ORIENTED_EDGE('',*,*,#1125,.T.);
#1441=ORIENTED_EDGE('',*,*,#1126,.T.);
#1442=ORIENTED_EDGE('',*,*,#1127,.F.);
#1443=ORIENTED_EDGE('',*,*,#1128,.T.);
#1444=ORIENTED_EDGE('',*,*,#1129,.T.);
#1445=ORIENTED_EDGE('',*,*,#1130,.T.);
#1446=ORIENTED_EDGE('',*,*,#1131,.T.);
#1447=ORIENTED_EDGE('',*,*,#1090,.F.);
#1448=ORIENTED_EDGE('',*,*,#1111,.F.);
#1449=ORIENTED_EDGE('',*,*,#1132,.T.);
#1450=ORIENTED_EDGE('',*,*,#1121,.T.);
#1451=ORIENTED_EDGE('',*,*,#1092,.F.);
#1452=ORIENTED_EDGE('',*,*,#1133,.F.);
#1453=ORIENTED_EDGE('',*,*,#1134,.T.);
#1454=ORIENTED_EDGE('',*,*,#1135,.T.);
#1455=ORIENTED_EDGE('',*,*,#1094,.F.);
#1456=ORIENTED_EDGE('',*,*,#1131,.F.);
#1457=ORIENTED_EDGE('',*,*,#1136,.T.);
#1458=ORIENTED_EDGE('',*,*,#1133,.T.);
#1459=ORIENTED_EDGE('',*,*,#1096,.F.);
#1460=ORIENTED_EDGE('',*,*,#1135,.F.);
#1461=ORIENTED_EDGE('',*,*,#1098,.T.);
#1462=ORIENTED_EDGE('',*,*,#1100,.T.);
#1463=ORIENTED_EDGE('',*,*,#1137,.T.);
#1464=ORIENTED_EDGE('',*,*,#1065,.F.);
#1465=ORIENTED_EDGE('',*,*,#1137,.F.);
#1466=ORIENTED_EDGE('',*,*,#1102,.T.);
#1467=ORIENTED_EDGE('',*,*,#1104,.T.);
#1468=ORIENTED_EDGE('',*,*,#1105,.F.);
#1469=ORIENTED_EDGE('',*,*,#1109,.T.);
#1470=ORIENTED_EDGE('',*,*,#1120,.F.);
#1471=ORIENTED_EDGE('',*,*,#1138,.F.);
#1472=ORIENTED_EDGE('',*,*,#1116,.F.);
#1473=ORIENTED_EDGE('',*,*,#1139,.F.);
#1474=ORIENTED_EDGE('',*,*,#1112,.F.);
#1475=ORIENTED_EDGE('',*,*,#1132,.F.);
#1476=ORIENTED_EDGE('',*,*,#1136,.F.);
#1477=ORIENTED_EDGE('',*,*,#1134,.F.);
#1478=ORIENTED_EDGE('',*,*,#1130,.F.);
#1479=ORIENTED_EDGE('',*,*,#1140,.F.);
#1480=ORIENTED_EDGE('',*,*,#1126,.F.);
#1481=ORIENTED_EDGE('',*,*,#1141,.F.);
#1482=ORIENTED_EDGE('',*,*,#1122,.F.);
#1483=ORIENTED_EDGE('',*,*,#1110,.F.);
#1484=ORIENTED_EDGE('',*,*,#1142,.F.);
#1485=ORIENTED_EDGE('',*,*,#1143,.T.);
#1486=ORIENTED_EDGE('',*,*,#1144,.T.);
#1487=ORIENTED_EDGE('',*,*,#1145,.T.);
#1488=ORIENTED_EDGE('',*,*,#1146,.T.);
#1489=ORIENTED_EDGE('',*,*,#1113,.T.);
#1490=ORIENTED_EDGE('',*,*,#1147,.T.);
#1491=ORIENTED_EDGE('',*,*,#1148,.T.);
#1492=ORIENTED_EDGE('',*,*,#1149,.F.);
#1493=ORIENTED_EDGE('',*,*,#1150,.T.);
#1494=ORIENTED_EDGE('',*,*,#1151,.F.);
#1495=ORIENTED_EDGE('',*,*,#1152,.T.);
#1496=ORIENTED_EDGE('',*,*,#1153,.T.);
#1497=ORIENTED_EDGE('',*,*,#1154,.T.);
#1498=ORIENTED_EDGE('',*,*,#1155,.T.);
#1499=ORIENTED_EDGE('',*,*,#1156,.T.);
#1500=ORIENTED_EDGE('',*,*,#1157,.F.);
#1501=ORIENTED_EDGE('',*,*,#1158,.F.);
#1502=ORIENTED_EDGE('',*,*,#1159,.T.);
#1503=ORIENTED_EDGE('',*,*,#1114,.T.);
#1504=ORIENTED_EDGE('',*,*,#1146,.F.);
#1505=ORIENTED_EDGE('',*,*,#1160,.F.);
#1506=ORIENTED_EDGE('',*,*,#1161,.T.);
#1507=ORIENTED_EDGE('',*,*,#1162,.T.);
#1508=ORIENTED_EDGE('',*,*,#1163,.T.);
#1509=ORIENTED_EDGE('',*,*,#1164,.F.);
#1510=ORIENTED_EDGE('',*,*,#1165,.F.);
#1511=ORIENTED_EDGE('',*,*,#1166,.F.);
#1512=ORIENTED_EDGE('',*,*,#1167,.F.);
#1513=ORIENTED_EDGE('',*,*,#1168,.F.);
#1514=ORIENTED_EDGE('',*,*,#1169,.T.);
#1515=ORIENTED_EDGE('',*,*,#1170,.F.);
#1516=ORIENTED_EDGE('',*,*,#1171,.T.);
#1517=ORIENTED_EDGE('',*,*,#1172,.F.);
#1518=ORIENTED_EDGE('',*,*,#1173,.F.);
#1519=ORIENTED_EDGE('',*,*,#1115,.F.);
#1520=ORIENTED_EDGE('',*,*,#1159,.F.);
#1521=ORIENTED_EDGE('',*,*,#1174,.F.);
#1522=ORIENTED_EDGE('',*,*,#1175,.F.);
#1523=ORIENTED_EDGE('',*,*,#1176,.F.);
#1524=ORIENTED_EDGE('',*,*,#1177,.T.);
#1525=ORIENTED_EDGE('',*,*,#1178,.T.);
#1526=ORIENTED_EDGE('',*,*,#1179,.T.);
#1527=ORIENTED_EDGE('',*,*,#1180,.F.);
#1528=ORIENTED_EDGE('',*,*,#1181,.F.);
#1529=ORIENTED_EDGE('',*,*,#1182,.F.);
#1530=ORIENTED_EDGE('',*,*,#1183,.F.);
#1531=ORIENTED_EDGE('',*,*,#1184,.F.);
#1532=ORIENTED_EDGE('',*,*,#1185,.T.);
#1533=ORIENTED_EDGE('',*,*,#1186,.F.);
#1534=ORIENTED_EDGE('',*,*,#1187,.T.);
#1535=ORIENTED_EDGE('',*,*,#1188,.F.);
#1536=ORIENTED_EDGE('',*,*,#1189,.F.);
#1537=ORIENTED_EDGE('',*,*,#1119,.F.);
#1538=ORIENTED_EDGE('',*,*,#1190,.F.);
#1539=ORIENTED_EDGE('',*,*,#1191,.F.);
#1540=ORIENTED_EDGE('',*,*,#1192,.F.);
#1541=ORIENTED_EDGE('',*,*,#1193,.F.);
#1542=ORIENTED_EDGE('',*,*,#1194,.F.);
#1543=ORIENTED_EDGE('',*,*,#1195,.T.);
#1544=ORIENTED_EDGE('',*,*,#1196,.T.);
#1545=ORIENTED_EDGE('',*,*,#1197,.T.);
#1546=ORIENTED_EDGE('',*,*,#1198,.T.);
#1547=ORIENTED_EDGE('',*,*,#1117,.T.);
#1548=ORIENTED_EDGE('',*,*,#1199,.T.);
#1549=ORIENTED_EDGE('',*,*,#1200,.T.);
#1550=ORIENTED_EDGE('',*,*,#1201,.F.);
#1551=ORIENTED_EDGE('',*,*,#1202,.T.);
#1552=ORIENTED_EDGE('',*,*,#1203,.F.);
#1553=ORIENTED_EDGE('',*,*,#1204,.T.);
#1554=ORIENTED_EDGE('',*,*,#1205,.T.);
#1555=ORIENTED_EDGE('',*,*,#1206,.T.);
#1556=ORIENTED_EDGE('',*,*,#1207,.T.);
#1557=ORIENTED_EDGE('',*,*,#1208,.T.);
#1558=ORIENTED_EDGE('',*,*,#1209,.F.);
#1559=ORIENTED_EDGE('',*,*,#1210,.F.);
#1560=ORIENTED_EDGE('',*,*,#1190,.T.);
#1561=ORIENTED_EDGE('',*,*,#1118,.T.);
#1562=ORIENTED_EDGE('',*,*,#1198,.F.);
#1563=ORIENTED_EDGE('',*,*,#1211,.F.);
#1564=ORIENTED_EDGE('',*,*,#1212,.F.);
#1565=ORIENTED_EDGE('',*,*,#1213,.T.);
#1566=ORIENTED_EDGE('',*,*,#1214,.T.);
#1567=ORIENTED_EDGE('',*,*,#1215,.T.);
#1568=ORIENTED_EDGE('',*,*,#1216,.T.);
#1569=ORIENTED_EDGE('',*,*,#1123,.T.);
#1570=ORIENTED_EDGE('',*,*,#1217,.T.);
#1571=ORIENTED_EDGE('',*,*,#1218,.T.);
#1572=ORIENTED_EDGE('',*,*,#1219,.F.);
#1573=ORIENTED_EDGE('',*,*,#1220,.T.);
#1574=ORIENTED_EDGE('',*,*,#1221,.F.);
#1575=ORIENTED_EDGE('',*,*,#1222,.T.);
#1576=ORIENTED_EDGE('',*,*,#1223,.T.);
#1577=ORIENTED_EDGE('',*,*,#1224,.T.);
#1578=ORIENTED_EDGE('',*,*,#1225,.T.);
#1579=ORIENTED_EDGE('',*,*,#1226,.T.);
#1580=ORIENTED_EDGE('',*,*,#1227,.F.);
#1581=ORIENTED_EDGE('',*,*,#1228,.F.);
#1582=ORIENTED_EDGE('',*,*,#1216,.F.);
#1583=ORIENTED_EDGE('',*,*,#1229,.T.);
#1584=ORIENTED_EDGE('',*,*,#1230,.T.);
#1585=ORIENTED_EDGE('',*,*,#1124,.F.);
#1586=ORIENTED_EDGE('',*,*,#1231,.T.);
#1587=ORIENTED_EDGE('',*,*,#1232,.T.);
#1588=ORIENTED_EDGE('',*,*,#1233,.T.);
#1589=ORIENTED_EDGE('',*,*,#1234,.F.);
#1590=ORIENTED_EDGE('',*,*,#1235,.F.);
#1591=ORIENTED_EDGE('',*,*,#1236,.F.);
#1592=ORIENTED_EDGE('',*,*,#1237,.F.);
#1593=ORIENTED_EDGE('',*,*,#1238,.F.);
#1594=ORIENTED_EDGE('',*,*,#1239,.T.);
#1595=ORIENTED_EDGE('',*,*,#1240,.F.);
#1596=ORIENTED_EDGE('',*,*,#1241,.T.);
#1597=ORIENTED_EDGE('',*,*,#1242,.F.);
#1598=ORIENTED_EDGE('',*,*,#1243,.F.);
#1599=ORIENTED_EDGE('',*,*,#1125,.F.);
#1600=ORIENTED_EDGE('',*,*,#1230,.F.);
#1601=ORIENTED_EDGE('',*,*,#1244,.F.);
#1602=ORIENTED_EDGE('',*,*,#1245,.F.);
#1603=ORIENTED_EDGE('',*,*,#1246,.F.);
#1604=ORIENTED_EDGE('',*,*,#1247,.T.);
#1605=ORIENTED_EDGE('',*,*,#1248,.T.);
#1606=ORIENTED_EDGE('',*,*,#1249,.T.);
#1607=ORIENTED_EDGE('',*,*,#1250,.F.);
#1608=ORIENTED_EDGE('',*,*,#1251,.F.);
#1609=ORIENTED_EDGE('',*,*,#1252,.F.);
#1610=ORIENTED_EDGE('',*,*,#1253,.F.);
#1611=ORIENTED_EDGE('',*,*,#1254,.F.);
#1612=ORIENTED_EDGE('',*,*,#1255,.T.);
#1613=ORIENTED_EDGE('',*,*,#1256,.F.);
#1614=ORIENTED_EDGE('',*,*,#1257,.T.);
#1615=ORIENTED_EDGE('',*,*,#1258,.F.);
#1616=ORIENTED_EDGE('',*,*,#1259,.F.);
#1617=ORIENTED_EDGE('',*,*,#1129,.F.);
#1618=ORIENTED_EDGE('',*,*,#1260,.F.);
#1619=ORIENTED_EDGE('',*,*,#1261,.F.);
#1620=ORIENTED_EDGE('',*,*,#1262,.F.);
#1621=ORIENTED_EDGE('',*,*,#1263,.F.);
#1622=ORIENTED_EDGE('',*,*,#1264,.F.);
#1623=ORIENTED_EDGE('',*,*,#1265,.T.);
#1624=ORIENTED_EDGE('',*,*,#1266,.T.);
#1625=ORIENTED_EDGE('',*,*,#1267,.T.);
#1626=ORIENTED_EDGE('',*,*,#1268,.T.);
#1627=ORIENTED_EDGE('',*,*,#1127,.T.);
#1628=ORIENTED_EDGE('',*,*,#1269,.T.);
#1629=ORIENTED_EDGE('',*,*,#1270,.T.);
#1630=ORIENTED_EDGE('',*,*,#1271,.F.);
#1631=ORIENTED_EDGE('',*,*,#1272,.T.);
#1632=ORIENTED_EDGE('',*,*,#1273,.F.);
#1633=ORIENTED_EDGE('',*,*,#1274,.T.);
#1634=ORIENTED_EDGE('',*,*,#1275,.T.);
#1635=ORIENTED_EDGE('',*,*,#1276,.T.);
#1636=ORIENTED_EDGE('',*,*,#1277,.T.);
#1637=ORIENTED_EDGE('',*,*,#1278,.T.);
#1638=ORIENTED_EDGE('',*,*,#1279,.F.);
#1639=ORIENTED_EDGE('',*,*,#1280,.F.);
#1640=ORIENTED_EDGE('',*,*,#1268,.F.);
#1641=ORIENTED_EDGE('',*,*,#1281,.T.);
#1642=ORIENTED_EDGE('',*,*,#1260,.T.);
#1643=ORIENTED_EDGE('',*,*,#1128,.F.);
#1644=ORIENTED_EDGE('',*,*,#1189,.T.);
#1645=ORIENTED_EDGE('',*,*,#1282,.T.);
#1646=ORIENTED_EDGE('',*,*,#1199,.F.);
#1647=ORIENTED_EDGE('',*,*,#1138,.T.);
#1648=ORIENTED_EDGE('',*,*,#1217,.F.);
#1649=ORIENTED_EDGE('',*,*,#1141,.T.);
#1650=ORIENTED_EDGE('',*,*,#1243,.T.);
#1651=ORIENTED_EDGE('',*,*,#1283,.F.);
#1652=ORIENTED_EDGE('',*,*,#1173,.T.);
#1653=ORIENTED_EDGE('',*,*,#1284,.T.);
#1654=ORIENTED_EDGE('',*,*,#1147,.F.);
#1655=ORIENTED_EDGE('',*,*,#1139,.T.);
#1656=ORIENTED_EDGE('',*,*,#1269,.F.);
#1657=ORIENTED_EDGE('',*,*,#1140,.T.);
#1658=ORIENTED_EDGE('',*,*,#1259,.T.);
#1659=ORIENTED_EDGE('',*,*,#1285,.F.);
#1660=ORIENTED_EDGE('',*,*,#1161,.F.);
#1661=ORIENTED_EDGE('',*,*,#1286,.T.);
#1662=ORIENTED_EDGE('',*,*,#1142,.T.);
#1663=ORIENTED_EDGE('',*,*,#1287,.F.);
#1664=ORIENTED_EDGE('',*,*,#1286,.F.);
#1665=ORIENTED_EDGE('',*,*,#1176,.T.);
#1666=ORIENTED_EDGE('',*,*,#1288,.T.);
#1667=ORIENTED_EDGE('',*,*,#1143,.F.);
#1668=ORIENTED_EDGE('',*,*,#1287,.T.);
#1669=ORIENTED_EDGE('',*,*,#1158,.T.);
#1670=ORIENTED_EDGE('',*,*,#1289,.F.);
#1671=ORIENTED_EDGE('',*,*,#1162,.F.);
#1672=ORIENTED_EDGE('',*,*,#1175,.T.);
#1673=ORIENTED_EDGE('',*,*,#1290,.T.);
#1674=ORIENTED_EDGE('',*,*,#1144,.F.);
#1675=ORIENTED_EDGE('',*,*,#1288,.F.);
#1676=ORIENTED_EDGE('',*,*,#1163,.F.);
#1677=ORIENTED_EDGE('',*,*,#1289,.T.);
#1678=ORIENTED_EDGE('',*,*,#1157,.T.);
#1679=ORIENTED_EDGE('',*,*,#1291,.F.);
#1680=ORIENTED_EDGE('',*,*,#1174,.T.);
#1681=ORIENTED_EDGE('',*,*,#1160,.T.);
#1682=ORIENTED_EDGE('',*,*,#1145,.F.);
#1683=ORIENTED_EDGE('',*,*,#1290,.F.);
#1684=ORIENTED_EDGE('',*,*,#1292,.F.);
#1685=ORIENTED_EDGE('',*,*,#1164,.T.);
#1686=ORIENTED_EDGE('',*,*,#1291,.T.);
#1687=ORIENTED_EDGE('',*,*,#1156,.F.);
#1688=ORIENTED_EDGE('',*,*,#1165,.T.);
#1689=ORIENTED_EDGE('',*,*,#1292,.T.);
#1690=ORIENTED_EDGE('',*,*,#1155,.F.);
#1691=ORIENTED_EDGE('',*,*,#1293,.F.);
#1692=ORIENTED_EDGE('',*,*,#1294,.F.);
#1693=ORIENTED_EDGE('',*,*,#1166,.T.);
#1694=ORIENTED_EDGE('',*,*,#1293,.T.);
#1695=ORIENTED_EDGE('',*,*,#1154,.F.);
#1696=ORIENTED_EDGE('',*,*,#1167,.T.);
#1697=ORIENTED_EDGE('',*,*,#1294,.T.);
#1698=ORIENTED_EDGE('',*,*,#1153,.F.);
#1699=ORIENTED_EDGE('',*,*,#1295,.F.);
#1700=ORIENTED_EDGE('',*,*,#1172,.T.);
#1701=ORIENTED_EDGE('',*,*,#1296,.T.);
#1702=ORIENTED_EDGE('',*,*,#1148,.F.);
#1703=ORIENTED_EDGE('',*,*,#1284,.F.);
#1704=ORIENTED_EDGE('',*,*,#1168,.T.);
#1705=ORIENTED_EDGE('',*,*,#1295,.T.);
#1706=ORIENTED_EDGE('',*,*,#1152,.F.);
#1707=ORIENTED_EDGE('',*,*,#1297,.F.);
#1708=ORIENTED_EDGE('',*,*,#1171,.F.);
#1709=ORIENTED_EDGE('',*,*,#1298,.T.);
#1710=ORIENTED_EDGE('',*,*,#1149,.T.);
#1711=ORIENTED_EDGE('',*,*,#1296,.F.);
#1712=ORIENTED_EDGE('',*,*,#1169,.F.);
#1713=ORIENTED_EDGE('',*,*,#1297,.T.);
#1714=ORIENTED_EDGE('',*,*,#1151,.T.);
#1715=ORIENTED_EDGE('',*,*,#1299,.F.);
#1716=ORIENTED_EDGE('',*,*,#1298,.F.);
#1717=ORIENTED_EDGE('',*,*,#1170,.T.);
#1718=ORIENTED_EDGE('',*,*,#1299,.T.);
#1719=ORIENTED_EDGE('',*,*,#1150,.F.);
#1720=ORIENTED_EDGE('',*,*,#1177,.F.);
#1721=ORIENTED_EDGE('',*,*,#1300,.T.);
#1722=ORIENTED_EDGE('',*,*,#1194,.T.);
#1723=ORIENTED_EDGE('',*,*,#1301,.F.);
#1724=ORIENTED_EDGE('',*,*,#1300,.F.);
#1725=ORIENTED_EDGE('',*,*,#1193,.T.);
#1726=ORIENTED_EDGE('',*,*,#1302,.T.);
#1727=ORIENTED_EDGE('',*,*,#1195,.F.);
#1728=ORIENTED_EDGE('',*,*,#1301,.T.);
#1729=ORIENTED_EDGE('',*,*,#1210,.T.);
#1730=ORIENTED_EDGE('',*,*,#1303,.F.);
#1731=ORIENTED_EDGE('',*,*,#1178,.F.);
#1732=ORIENTED_EDGE('',*,*,#1192,.T.);
#1733=ORIENTED_EDGE('',*,*,#1304,.T.);
#1734=ORIENTED_EDGE('',*,*,#1196,.F.);
#1735=ORIENTED_EDGE('',*,*,#1302,.F.);
#1736=ORIENTED_EDGE('',*,*,#1179,.F.);
#1737=ORIENTED_EDGE('',*,*,#1303,.T.);
#1738=ORIENTED_EDGE('',*,*,#1209,.T.);
#1739=ORIENTED_EDGE('',*,*,#1305,.F.);
#1740=ORIENTED_EDGE('',*,*,#1191,.T.);
#1741=ORIENTED_EDGE('',*,*,#1211,.T.);
#1742=ORIENTED_EDGE('',*,*,#1197,.F.);
#1743=ORIENTED_EDGE('',*,*,#1304,.F.);
#1744=ORIENTED_EDGE('',*,*,#1306,.F.);
#1745=ORIENTED_EDGE('',*,*,#1180,.T.);
#1746=ORIENTED_EDGE('',*,*,#1305,.T.);
#1747=ORIENTED_EDGE('',*,*,#1208,.F.);
#1748=ORIENTED_EDGE('',*,*,#1181,.T.);
#1749=ORIENTED_EDGE('',*,*,#1306,.T.);
#1750=ORIENTED_EDGE('',*,*,#1207,.F.);
#1751=ORIENTED_EDGE('',*,*,#1307,.F.);
#1752=ORIENTED_EDGE('',*,*,#1308,.F.);
#1753=ORIENTED_EDGE('',*,*,#1182,.T.);
#1754=ORIENTED_EDGE('',*,*,#1307,.T.);
#1755=ORIENTED_EDGE('',*,*,#1206,.F.);
#1756=ORIENTED_EDGE('',*,*,#1183,.T.);
#1757=ORIENTED_EDGE('',*,*,#1308,.T.);
#1758=ORIENTED_EDGE('',*,*,#1205,.F.);
#1759=ORIENTED_EDGE('',*,*,#1309,.F.);
#1760=ORIENTED_EDGE('',*,*,#1188,.T.);
#1761=ORIENTED_EDGE('',*,*,#1310,.T.);
#1762=ORIENTED_EDGE('',*,*,#1200,.F.);
#1763=ORIENTED_EDGE('',*,*,#1282,.F.);
#1764=ORIENTED_EDGE('',*,*,#1184,.T.);
#1765=ORIENTED_EDGE('',*,*,#1309,.T.);
#1766=ORIENTED_EDGE('',*,*,#1204,.F.);
#1767=ORIENTED_EDGE('',*,*,#1311,.F.);
#1768=ORIENTED_EDGE('',*,*,#1187,.F.);
#1769=ORIENTED_EDGE('',*,*,#1312,.T.);
#1770=ORIENTED_EDGE('',*,*,#1201,.T.);
#1771=ORIENTED_EDGE('',*,*,#1310,.F.);
#1772=ORIENTED_EDGE('',*,*,#1185,.F.);
#1773=ORIENTED_EDGE('',*,*,#1311,.T.);
#1774=ORIENTED_EDGE('',*,*,#1203,.T.);
#1775=ORIENTED_EDGE('',*,*,#1313,.F.);
#1776=ORIENTED_EDGE('',*,*,#1312,.F.);
#1777=ORIENTED_EDGE('',*,*,#1186,.T.);
#1778=ORIENTED_EDGE('',*,*,#1313,.T.);
#1779=ORIENTED_EDGE('',*,*,#1202,.F.);
#1780=ORIENTED_EDGE('',*,*,#1212,.T.);
#1781=ORIENTED_EDGE('',*,*,#1314,.T.);
#1782=ORIENTED_EDGE('',*,*,#1231,.F.);
#1783=ORIENTED_EDGE('',*,*,#1315,.F.);
#1784=ORIENTED_EDGE('',*,*,#1213,.F.);
#1785=ORIENTED_EDGE('',*,*,#1315,.T.);
#1786=ORIENTED_EDGE('',*,*,#1246,.T.);
#1787=ORIENTED_EDGE('',*,*,#1316,.F.);
#1788=ORIENTED_EDGE('',*,*,#1228,.T.);
#1789=ORIENTED_EDGE('',*,*,#1317,.T.);
#1790=ORIENTED_EDGE('',*,*,#1232,.F.);
#1791=ORIENTED_EDGE('',*,*,#1314,.F.);
#1792=ORIENTED_EDGE('',*,*,#1214,.F.);
#1793=ORIENTED_EDGE('',*,*,#1316,.T.);
#1794=ORIENTED_EDGE('',*,*,#1245,.T.);
#1795=ORIENTED_EDGE('',*,*,#1318,.F.);
#1796=ORIENTED_EDGE('',*,*,#1227,.T.);
#1797=ORIENTED_EDGE('',*,*,#1319,.T.);
#1798=ORIENTED_EDGE('',*,*,#1233,.F.);
#1799=ORIENTED_EDGE('',*,*,#1317,.F.);
#1800=ORIENTED_EDGE('',*,*,#1318,.T.);
#1801=ORIENTED_EDGE('',*,*,#1244,.T.);
#1802=ORIENTED_EDGE('',*,*,#1229,.F.);
#1803=ORIENTED_EDGE('',*,*,#1215,.F.);
#1804=ORIENTED_EDGE('',*,*,#1226,.F.);
#1805=ORIENTED_EDGE('',*,*,#1320,.T.);
#1806=ORIENTED_EDGE('',*,*,#1234,.T.);
#1807=ORIENTED_EDGE('',*,*,#1319,.F.);
#1808=ORIENTED_EDGE('',*,*,#1225,.F.);
#1809=ORIENTED_EDGE('',*,*,#1321,.T.);
#1810=ORIENTED_EDGE('',*,*,#1235,.T.);
#1811=ORIENTED_EDGE('',*,*,#1320,.F.);
#1812=ORIENTED_EDGE('',*,*,#1322,.T.);
#1813=ORIENTED_EDGE('',*,*,#1236,.T.);
#1814=ORIENTED_EDGE('',*,*,#1321,.F.);
#1815=ORIENTED_EDGE('',*,*,#1224,.F.);
#1816=ORIENTED_EDGE('',*,*,#1223,.F.);
#1817=ORIENTED_EDGE('',*,*,#1323,.T.);
#1818=ORIENTED_EDGE('',*,*,#1237,.T.);
#1819=ORIENTED_EDGE('',*,*,#1322,.F.);
#1820=ORIENTED_EDGE('',*,*,#1283,.T.);
#1821=ORIENTED_EDGE('',*,*,#1242,.T.);
#1822=ORIENTED_EDGE('',*,*,#1324,.F.);
#1823=ORIENTED_EDGE('',*,*,#1218,.F.);
#1824=ORIENTED_EDGE('',*,*,#1325,.T.);
#1825=ORIENTED_EDGE('',*,*,#1238,.T.);
#1826=ORIENTED_EDGE('',*,*,#1323,.F.);
#1827=ORIENTED_EDGE('',*,*,#1222,.F.);
#1828=ORIENTED_EDGE('',*,*,#1219,.T.);
#1829=ORIENTED_EDGE('',*,*,#1324,.T.);
#1830=ORIENTED_EDGE('',*,*,#1241,.F.);
#1831=ORIENTED_EDGE('',*,*,#1326,.F.);
#1832=ORIENTED_EDGE('',*,*,#1221,.T.);
#1833=ORIENTED_EDGE('',*,*,#1327,.T.);
#1834=ORIENTED_EDGE('',*,*,#1239,.F.);
#1835=ORIENTED_EDGE('',*,*,#1325,.F.);
#1836=ORIENTED_EDGE('',*,*,#1220,.F.);
#1837=ORIENTED_EDGE('',*,*,#1326,.T.);
#1838=ORIENTED_EDGE('',*,*,#1240,.T.);
#1839=ORIENTED_EDGE('',*,*,#1327,.F.);
#1840=ORIENTED_EDGE('',*,*,#1264,.T.);
#1841=ORIENTED_EDGE('',*,*,#1328,.T.);
#1842=ORIENTED_EDGE('',*,*,#1247,.F.);
#1843=ORIENTED_EDGE('',*,*,#1329,.F.);
#1844=ORIENTED_EDGE('',*,*,#1265,.F.);
#1845=ORIENTED_EDGE('',*,*,#1329,.T.);
#1846=ORIENTED_EDGE('',*,*,#1263,.T.);
#1847=ORIENTED_EDGE('',*,*,#1330,.F.);
#1848=ORIENTED_EDGE('',*,*,#1280,.T.);
#1849=ORIENTED_EDGE('',*,*,#1331,.T.);
#1850=ORIENTED_EDGE('',*,*,#1248,.F.);
#1851=ORIENTED_EDGE('',*,*,#1328,.F.);
#1852=ORIENTED_EDGE('',*,*,#1266,.F.);
#1853=ORIENTED_EDGE('',*,*,#1330,.T.);
#1854=ORIENTED_EDGE('',*,*,#1262,.T.);
#1855=ORIENTED_EDGE('',*,*,#1332,.F.);
#1856=ORIENTED_EDGE('',*,*,#1279,.T.);
#1857=ORIENTED_EDGE('',*,*,#1333,.T.);
#1858=ORIENTED_EDGE('',*,*,#1249,.F.);
#1859=ORIENTED_EDGE('',*,*,#1331,.F.);
#1860=ORIENTED_EDGE('',*,*,#1332,.T.);
#1861=ORIENTED_EDGE('',*,*,#1261,.T.);
#1862=ORIENTED_EDGE('',*,*,#1281,.F.);
#1863=ORIENTED_EDGE('',*,*,#1267,.F.);
#1864=ORIENTED_EDGE('',*,*,#1278,.F.);
#1865=ORIENTED_EDGE('',*,*,#1334,.T.);
#1866=ORIENTED_EDGE('',*,*,#1250,.T.);
#1867=ORIENTED_EDGE('',*,*,#1333,.F.);
#1868=ORIENTED_EDGE('',*,*,#1277,.F.);
#1869=ORIENTED_EDGE('',*,*,#1335,.T.);
#1870=ORIENTED_EDGE('',*,*,#1251,.T.);
#1871=ORIENTED_EDGE('',*,*,#1334,.F.);
#1872=ORIENTED_EDGE('',*,*,#1336,.T.);
#1873=ORIENTED_EDGE('',*,*,#1252,.T.);
#1874=ORIENTED_EDGE('',*,*,#1335,.F.);
#1875=ORIENTED_EDGE('',*,*,#1276,.F.);
#1876=ORIENTED_EDGE('',*,*,#1275,.F.);
#1877=ORIENTED_EDGE('',*,*,#1337,.T.);
#1878=ORIENTED_EDGE('',*,*,#1253,.T.);
#1879=ORIENTED_EDGE('',*,*,#1336,.F.);
#1880=ORIENTED_EDGE('',*,*,#1285,.T.);
#1881=ORIENTED_EDGE('',*,*,#1258,.T.);
#1882=ORIENTED_EDGE('',*,*,#1338,.F.);
#1883=ORIENTED_EDGE('',*,*,#1270,.F.);
#1884=ORIENTED_EDGE('',*,*,#1339,.T.);
#1885=ORIENTED_EDGE('',*,*,#1254,.T.);
#1886=ORIENTED_EDGE('',*,*,#1337,.F.);
#1887=ORIENTED_EDGE('',*,*,#1274,.F.);
#1888=ORIENTED_EDGE('',*,*,#1271,.T.);
#1889=ORIENTED_EDGE('',*,*,#1338,.T.);
#1890=ORIENTED_EDGE('',*,*,#1257,.F.);
#1891=ORIENTED_EDGE('',*,*,#1340,.F.);
#1892=ORIENTED_EDGE('',*,*,#1273,.T.);
#1893=ORIENTED_EDGE('',*,*,#1341,.T.);
#1894=ORIENTED_EDGE('',*,*,#1255,.F.);
#1895=ORIENTED_EDGE('',*,*,#1339,.F.);
#1896=ORIENTED_EDGE('',*,*,#1272,.F.);
#1897=ORIENTED_EDGE('',*,*,#1340,.T.);
#1898=ORIENTED_EDGE('',*,*,#1256,.T.);
#1899=ORIENTED_EDGE('',*,*,#1341,.F.);
#1900=CYLINDRICAL_SURFACE('',#2062,1.65);
#1901=CYLINDRICAL_SURFACE('',#2068,0.5);
#1902=CYLINDRICAL_SURFACE('',#2080,0.3);
#1903=CYLINDRICAL_SURFACE('',#2082,0.3);
#1904=CYLINDRICAL_SURFACE('',#2086,0.3);
#1905=CYLINDRICAL_SURFACE('',#2088,0.3);
#1906=CYLINDRICAL_SURFACE('',#2091,0.5);
#1907=CYLINDRICAL_SURFACE('',#2093,1.75);
#1908=CYLINDRICAL_SURFACE('',#2095,0.5);
#1909=CYLINDRICAL_SURFACE('',#2097,0.5);
#1910=CYLINDRICAL_SURFACE('',#2100,0.3);
#1911=CYLINDRICAL_SURFACE('',#2102,0.3);
#1912=CYLINDRICAL_SURFACE('',#2106,0.3);
#1913=CYLINDRICAL_SURFACE('',#2108,0.3);
#1914=CYLINDRICAL_SURFACE('',#2190,0.29);
#1915=CYLINDRICAL_SURFACE('',#2191,0.29);
#1916=CYLINDRICAL_SURFACE('',#2194,0.29);
#1917=CYLINDRICAL_SURFACE('',#2195,0.29);
#1918=CYLINDRICAL_SURFACE('',#2199,0.29);
#1919=CYLINDRICAL_SURFACE('',#2200,0.29);
#1920=CYLINDRICAL_SURFACE('',#2203,0.29);
#1921=CYLINDRICAL_SURFACE('',#2205,0.29);
#1922=CYLINDRICAL_SURFACE('',#2206,0.29);
#1923=CYLINDRICAL_SURFACE('',#2209,0.29);
#1924=CYLINDRICAL_SURFACE('',#2210,0.29);
#1925=CYLINDRICAL_SURFACE('',#2214,0.29);
#1926=CYLINDRICAL_SURFACE('',#2215,0.29);
#1927=CYLINDRICAL_SURFACE('',#2218,0.29);
#1928=CYLINDRICAL_SURFACE('',#2220,0.29);
#1929=CYLINDRICAL_SURFACE('',#2221,0.29);
#1930=CYLINDRICAL_SURFACE('',#2224,0.29);
#1931=CYLINDRICAL_SURFACE('',#2225,0.29);
#1932=CYLINDRICAL_SURFACE('',#2229,0.29);
#1933=CYLINDRICAL_SURFACE('',#2230,0.29);
#1934=CYLINDRICAL_SURFACE('',#2233,0.29);
#1935=CYLINDRICAL_SURFACE('',#2235,0.29);
#1936=CYLINDRICAL_SURFACE('',#2236,0.29);
#1937=CYLINDRICAL_SURFACE('',#2239,0.29);
#1938=CYLINDRICAL_SURFACE('',#2240,0.29);
#1939=CYLINDRICAL_SURFACE('',#2244,0.29);
#1940=CYLINDRICAL_SURFACE('',#2245,0.29);
#1941=CYLINDRICAL_SURFACE('',#2248,0.29);
#1942=ADVANCED_FACE('',(#189),#1900,.T.);
#1943=ADVANCED_FACE('',(#190),#20,.F.);
#1944=ADVANCED_FACE('',(#191),#21,.F.);
#1945=ADVANCED_FACE('',(#192),#1901,.T.);
#1946=ADVANCED_FACE('',(#193,#15,#16,#17,#18,#19),#22,.F.);
#1947=ADVANCED_FACE('',(#194),#23,.F.);
#1948=ADVANCED_FACE('',(#195),#1902,.T.);
#1949=ADVANCED_FACE('',(#196),#1903,.T.);
#1950=ADVANCED_FACE('',(#197),#24,.F.);
#1951=ADVANCED_FACE('',(#198),#25,.F.);
#1952=ADVANCED_FACE('',(#199),#1904,.T.);
#1953=ADVANCED_FACE('',(#200),#1905,.T.);
#1954=ADVANCED_FACE('',(#201),#26,.F.);
#1955=ADVANCED_FACE('',(#202),#1906,.T.);
#1956=ADVANCED_FACE('',(#203),#1907,.T.);
#1957=ADVANCED_FACE('',(#204),#1908,.T.);
#1958=ADVANCED_FACE('',(#205),#1909,.T.);
#1959=ADVANCED_FACE('',(#206),#27,.F.);
#1960=ADVANCED_FACE('',(#207),#1910,.T.);
#1961=ADVANCED_FACE('',(#208),#1911,.T.);
#1962=ADVANCED_FACE('',(#209),#28,.F.);
#1963=ADVANCED_FACE('',(#210),#29,.F.);
#1964=ADVANCED_FACE('',(#211),#1912,.T.);
#1965=ADVANCED_FACE('',(#212),#1913,.T.);
#1966=ADVANCED_FACE('',(#213),#30,.F.);
#1967=ADVANCED_FACE('',(#214),#31,.F.);
#1968=ADVANCED_FACE('',(#215),#14,.T.);
#1969=ADVANCED_FACE('',(#216),#32,.F.);
#1970=ADVANCED_FACE('',(#217),#33,.F.);
#1971=ADVANCED_FACE('',(#218),#34,.T.);
#1972=ADVANCED_FACE('',(#219),#35,.F.);
#1973=ADVANCED_FACE('',(#220),#36,.F.);
#1974=ADVANCED_FACE('',(#221),#37,.T.);
#1975=ADVANCED_FACE('',(#222),#38,.T.);
#1976=ADVANCED_FACE('',(#223),#39,.F.);
#1977=ADVANCED_FACE('',(#224),#40,.F.);
#1978=ADVANCED_FACE('',(#225),#41,.F.);
#1979=ADVANCED_FACE('',(#226),#42,.T.);
#1980=ADVANCED_FACE('',(#227),#43,.T.);
#1981=ADVANCED_FACE('',(#228),#44,.T.);
#1982=ADVANCED_FACE('',(#229),#45,.F.);
#1983=ADVANCED_FACE('',(#230),#46,.T.);
#1984=ADVANCED_FACE('',(#231),#47,.F.);
#1985=ADVANCED_FACE('',(#232),#48,.T.);
#1986=ADVANCED_FACE('',(#233),#49,.F.);
#1987=ADVANCED_FACE('',(#234),#50,.T.);
#1988=ADVANCED_FACE('',(#235),#51,.T.);
#1989=ADVANCED_FACE('',(#236),#1914,.F.);
#1990=ADVANCED_FACE('',(#237),#1915,.T.);
#1991=ADVANCED_FACE('',(#238),#52,.F.);
#1992=ADVANCED_FACE('',(#239),#53,.T.);
#1993=ADVANCED_FACE('',(#240),#1916,.T.);
#1994=ADVANCED_FACE('',(#241),#1917,.F.);
#1995=ADVANCED_FACE('',(#242),#54,.F.);
#1996=ADVANCED_FACE('',(#243),#55,.F.);
#1997=ADVANCED_FACE('',(#244),#56,.F.);
#1998=ADVANCED_FACE('',(#245),#1918,.T.);
#1999=ADVANCED_FACE('',(#246),#1919,.T.);
#2000=ADVANCED_FACE('',(#247),#57,.T.);
#2001=ADVANCED_FACE('',(#248),#58,.T.);
#2002=ADVANCED_FACE('',(#249),#1920,.F.);
#2003=ADVANCED_FACE('',(#250),#59,.T.);
#2004=ADVANCED_FACE('',(#251),#1921,.F.);
#2005=ADVANCED_FACE('',(#252),#1922,.T.);
#2006=ADVANCED_FACE('',(#253),#60,.F.);
#2007=ADVANCED_FACE('',(#254),#61,.T.);
#2008=ADVANCED_FACE('',(#255),#1923,.T.);
#2009=ADVANCED_FACE('',(#256),#1924,.F.);
#2010=ADVANCED_FACE('',(#257),#62,.F.);
#2011=ADVANCED_FACE('',(#258),#63,.F.);
#2012=ADVANCED_FACE('',(#259),#64,.F.);
#2013=ADVANCED_FACE('',(#260),#1925,.T.);
#2014=ADVANCED_FACE('',(#261),#1926,.T.);
#2015=ADVANCED_FACE('',(#262),#65,.T.);
#2016=ADVANCED_FACE('',(#263),#66,.T.);
#2017=ADVANCED_FACE('',(#264),#1927,.F.);
#2018=ADVANCED_FACE('',(#265),#67,.F.);
#2019=ADVANCED_FACE('',(#266),#1928,.F.);
#2020=ADVANCED_FACE('',(#267),#1929,.T.);
#2021=ADVANCED_FACE('',(#268),#68,.T.);
#2022=ADVANCED_FACE('',(#269),#69,.F.);
#2023=ADVANCED_FACE('',(#270),#1930,.T.);
#2024=ADVANCED_FACE('',(#271),#1931,.F.);
#2025=ADVANCED_FACE('',(#272),#70,.T.);
#2026=ADVANCED_FACE('',(#273),#71,.T.);
#2027=ADVANCED_FACE('',(#274),#72,.T.);
#2028=ADVANCED_FACE('',(#275),#1932,.T.);
#2029=ADVANCED_FACE('',(#276),#1933,.T.);
#2030=ADVANCED_FACE('',(#277),#73,.F.);
#2031=ADVANCED_FACE('',(#278),#74,.F.);
#2032=ADVANCED_FACE('',(#279),#1934,.F.);
#2033=ADVANCED_FACE('',(#280),#75,.F.);
#2034=ADVANCED_FACE('',(#281),#1935,.F.);
#2035=ADVANCED_FACE('',(#282),#1936,.T.);
#2036=ADVANCED_FACE('',(#283),#76,.T.);
#2037=ADVANCED_FACE('',(#284),#77,.F.);
#2038=ADVANCED_FACE('',(#285),#1937,.T.);
#2039=ADVANCED_FACE('',(#286),#1938,.F.);
#2040=ADVANCED_FACE('',(#287),#78,.T.);
#2041=ADVANCED_FACE('',(#288),#79,.T.);
#2042=ADVANCED_FACE('',(#289),#80,.T.);
#2043=ADVANCED_FACE('',(#290),#1939,.T.);
#2044=ADVANCED_FACE('',(#291),#1940,.T.);
#2045=ADVANCED_FACE('',(#292),#81,.F.);
#2046=ADVANCED_FACE('',(#293),#82,.F.);
#2047=ADVANCED_FACE('',(#294),#1941,.F.);
#2048=CLOSED_SHELL('',(#1942,#1943,#1944,#1945,#1946,#1947,#1948,#1949,
#1950,#1951,#1952,#1953,#1954,#1955,#1956,#1957,#1958,#1959,#1960,#1961,
#1962,#1963,#1964,#1965,#1966,#1967,#1968,#1969,#1970,#1971,#1972,#1973,
#1974,#1975,#1976,#1977,#1978,#1979,#1980,#1981,#1982,#1983,#1984,#1985,
#1986,#1987,#1988,#1989,#1990,#1991,#1992,#1993,#1994,#1995,#1996,#1997,
#1998,#1999,#2000,#2001,#2002,#2003,#2004,#2005,#2006,#2007,#2008,#2009,
#2010,#2011,#2012,#2013,#2014,#2015,#2016,#2017,#2018,#2019,#2020,#2021,
#2022,#2023,#2024,#2025,#2026,#2027,#2028,#2029,#2030,#2031,#2032,#2033,
#2034,#2035,#2036,#2037,#2038,#2039,#2040,#2041,#2042,#2043,#2044,#2045,
#2046,#2047));
#2049=DERIVED_UNIT_ELEMENT(#2051,1.);
#2050=DERIVED_UNIT_ELEMENT(#3394,-3.);
#2051=(
MASS_UNIT()
NAMED_UNIT(*)
SI_UNIT(.KILO.,.GRAM.)
);
#2052=DERIVED_UNIT((#2049,#2050));
#2053=MEASURE_REPRESENTATION_ITEM('density measure',
POSITIVE_RATIO_MEASURE(7850.),#2052);
#2054=PROPERTY_DEFINITION_REPRESENTATION(#2059,#2056);
#2055=PROPERTY_DEFINITION_REPRESENTATION(#2060,#2057);
#2056=REPRESENTATION('material name',(#2058),#3391);
#2057=REPRESENTATION('density',(#2053),#3391);
#2058=DESCRIPTIVE_REPRESENTATION_ITEM('Steel','Steel');
#2059=PROPERTY_DEFINITION('material property','material name',#3401);
#2060=PROPERTY_DEFINITION('material property','density of part',#3401);
#2061=AXIS2_PLACEMENT_3D('',#2823,#2249,#2250);
#2062=AXIS2_PLACEMENT_3D('',#2824,#2251,#2252);
#2063=AXIS2_PLACEMENT_3D('',#2826,#2253,#2254);
#2064=AXIS2_PLACEMENT_3D('',#2829,#2256,#2257);
#2065=AXIS2_PLACEMENT_3D('',#2830,#2258,#2259);
#2066=AXIS2_PLACEMENT_3D('',#2831,#2260,#2261);
#2067=AXIS2_PLACEMENT_3D('',#2833,#2262,#2263);
#2068=AXIS2_PLACEMENT_3D('',#2834,#2264,#2265);
#2069=AXIS2_PLACEMENT_3D('',#2836,#2266,#2267);
#2070=AXIS2_PLACEMENT_3D('',#2838,#2269,#2270);
#2071=AXIS2_PLACEMENT_3D('',#2843,#2272,#2273);
#2072=AXIS2_PLACEMENT_3D('',#2847,#2275,#2276);
#2073=AXIS2_PLACEMENT_3D('',#2851,#2278,#2279);
#2074=AXIS2_PLACEMENT_3D('',#2854,#2281,#2282);
#2075=AXIS2_PLACEMENT_3D('',#2856,#2283,#2284);
#2076=AXIS2_PLACEMENT_3D('',#2858,#2285,#2286);
#2077=AXIS2_PLACEMENT_3D('',#2860,#2287,#2288);
#2078=AXIS2_PLACEMENT_3D('',#2862,#2289,#2290);
#2079=AXIS2_PLACEMENT_3D('',#2863,#2291,#2292);
#2080=AXIS2_PLACEMENT_3D('',#2869,#2296,#2297);
#2081=AXIS2_PLACEMENT_3D('',#2872,#2299,#2300);
#2082=AXIS2_PLACEMENT_3D('',#2873,#2301,#2302);
#2083=AXIS2_PLACEMENT_3D('',#2875,#2303,#2304);
#2084=AXIS2_PLACEMENT_3D('',#2877,#2306,#2307);
#2085=AXIS2_PLACEMENT_3D('',#2881,#2310,#2311);
#2086=AXIS2_PLACEMENT_3D('',#2885,#2314,#2315);
#2087=AXIS2_PLACEMENT_3D('',#2887,#2316,#2317);
#2088=AXIS2_PLACEMENT_3D('',#2889,#2319,#2320);
#2089=AXIS2_PLACEMENT_3D('',#2891,#2321,#2322);
#2090=AXIS2_PLACEMENT_3D('',#2893,#2324,#2325);
#2091=AXIS2_PLACEMENT_3D('',#2895,#2327,#2328);
#2092=AXIS2_PLACEMENT_3D('',#2898,#2330,#2331);
#2093=AXIS2_PLACEMENT_3D('',#2899,#2332,#2333);
#2094=AXIS2_PLACEMENT_3D('',#2902,#2335,#2336);
#2095=AXIS2_PLACEMENT_3D('',#2903,#2337,#2338);
#2096=AXIS2_PLACEMENT_3D('',#2906,#2340,#2341);
#2097=AXIS2_PLACEMENT_3D('',#2907,#2342,#2343);
#2098=AXIS2_PLACEMENT_3D('',#2910,#2345,#2346);
#2099=AXIS2_PLACEMENT_3D('',#2911,#2347,#2348);
#2100=AXIS2_PLACEMENT_3D('',#2917,#2352,#2353);
#2101=AXIS2_PLACEMENT_3D('',#2920,#2355,#2356);
#2102=AXIS2_PLACEMENT_3D('',#2921,#2357,#2358);
#2103=AXIS2_PLACEMENT_3D('',#2923,#2359,#2360);
#2104=AXIS2_PLACEMENT_3D('',#2925,#2362,#2363);
#2105=AXIS2_PLACEMENT_3D('',#2945,#2374,#2375);
#2106=AXIS2_PLACEMENT_3D('',#2965,#2386,#2387);
#2107=AXIS2_PLACEMENT_3D('',#2967,#2388,#2389);
#2108=AXIS2_PLACEMENT_3D('',#2969,#2391,#2392);
#2109=AXIS2_PLACEMENT_3D('',#2971,#2393,#2394);
#2110=AXIS2_PLACEMENT_3D('',#2973,#2396,#2397);
#2111=AXIS2_PLACEMENT_3D('',#2975,#2399,#2400);
#2112=AXIS2_PLACEMENT_3D('',#2976,#2401,#2402);
#2113=AXIS2_PLACEMENT_3D('',#2977,#2403,#2404);
#2114=AXIS2_PLACEMENT_3D('',#2978,#2405,#2406);
#2115=AXIS2_PLACEMENT_3D('',#2979,#2407,#2408);
#2116=AXIS2_PLACEMENT_3D('',#2980,#2409,#2410);
#2117=AXIS2_PLACEMENT_3D('',#2985,#2415,#2416);
#2118=AXIS2_PLACEMENT_3D('',#2990,#2418,#2419);
#2119=AXIS2_PLACEMENT_3D('',#2994,#2421,#2422);
#2120=AXIS2_PLACEMENT_3D('',#2999,#2425,#2426);
#2121=AXIS2_PLACEMENT_3D('',#3003,#2428,#2429);
#2122=AXIS2_PLACEMENT_3D('',#3007,#2431,#2432);
#2123=AXIS2_PLACEMENT_3D('',#3015,#2436,#2437);
#2124=AXIS2_PLACEMENT_3D('',#3018,#2439,#2440);
#2125=AXIS2_PLACEMENT_3D('',#3019,#2441,#2442);
#2126=AXIS2_PLACEMENT_3D('',#3023,#2445,#2446);
#2127=AXIS2_PLACEMENT_3D('',#3028,#2448,#2449);
#2128=AXIS2_PLACEMENT_3D('',#3032,#2451,#2452);
#2129=AXIS2_PLACEMENT_3D('',#3040,#2456,#2457);
#2130=AXIS2_PLACEMENT_3D('',#3044,#2459,#2460);
#2131=AXIS2_PLACEMENT_3D('',#3048,#2462,#2463);
#2132=AXIS2_PLACEMENT_3D('',#3051,#2465,#2466);
#2133=AXIS2_PLACEMENT_3D('',#3054,#2468,#2469);
#2134=AXIS2_PLACEMENT_3D('',#3055,#2470,#2471);
#2135=AXIS2_PLACEMENT_3D('',#3060,#2473,#2474);
#2136=AXIS2_PLACEMENT_3D('',#3064,#2476,#2477);
#2137=AXIS2_PLACEMENT_3D('',#3072,#2481,#2482);
#2138=AXIS2_PLACEMENT_3D('',#3076,#2484,#2485);
#2139=AXIS2_PLACEMENT_3D('',#3080,#2487,#2488);
#2140=AXIS2_PLACEMENT_3D('',#3085,#2491,#2492);
#2141=AXIS2_PLACEMENT_3D('',#3088,#2494,#2495);
#2142=AXIS2_PLACEMENT_3D('',#3089,#2496,#2497);
#2143=AXIS2_PLACEMENT_3D('',#3094,#2499,#2500);
#2144=AXIS2_PLACEMENT_3D('',#3098,#2502,#2503);
#2145=AXIS2_PLACEMENT_3D('',#3103,#2506,#2507);
#2146=AXIS2_PLACEMENT_3D('',#3107,#2509,#2510);
#2147=AXIS2_PLACEMENT_3D('',#3111,#2512,#2513);
#2148=AXIS2_PLACEMENT_3D('',#3119,#2517,#2518);
#2149=AXIS2_PLACEMENT_3D('',#3122,#2520,#2521);
#2150=AXIS2_PLACEMENT_3D('',#3123,#2522,#2523);
#2151=AXIS2_PLACEMENT_3D('',#3125,#2525,#2526);
#2152=AXIS2_PLACEMENT_3D('',#3130,#2528,#2529);
#2153=AXIS2_PLACEMENT_3D('',#3134,#2531,#2532);
#2154=AXIS2_PLACEMENT_3D('',#3139,#2535,#2536);
#2155=AXIS2_PLACEMENT_3D('',#3143,#2538,#2539);
#2156=AXIS2_PLACEMENT_3D('',#3147,#2541,#2542);
#2157=AXIS2_PLACEMENT_3D('',#3155,#2546,#2547);
#2158=AXIS2_PLACEMENT_3D('',#3158,#2549,#2550);
#2159=AXIS2_PLACEMENT_3D('',#3159,#2551,#2552);
#2160=AXIS2_PLACEMENT_3D('',#3163,#2555,#2556);
#2161=AXIS2_PLACEMENT_3D('',#3168,#2558,#2559);
#2162=AXIS2_PLACEMENT_3D('',#3172,#2561,#2562);
#2163=AXIS2_PLACEMENT_3D('',#3180,#2566,#2567);
#2164=AXIS2_PLACEMENT_3D('',#3184,#2569,#2570);
#2165=AXIS2_PLACEMENT_3D('',#3188,#2572,#2573);
#2166=AXIS2_PLACEMENT_3D('',#3191,#2575,#2576);
#2167=AXIS2_PLACEMENT_3D('',#3194,#2578,#2579);
#2168=AXIS2_PLACEMENT_3D('',#3195,#2580,#2581);
#2169=AXIS2_PLACEMENT_3D('',#3200,#2583,#2584);
#2170=AXIS2_PLACEMENT_3D('',#3204,#2586,#2587);
#2171=AXIS2_PLACEMENT_3D('',#3212,#2591,#2592);
#2172=AXIS2_PLACEMENT_3D('',#3216,#2594,#2595);
#2173=AXIS2_PLACEMENT_3D('',#3220,#2597,#2598);
#2174=AXIS2_PLACEMENT_3D('',#3225,#2601,#2602);
#2175=AXIS2_PLACEMENT_3D('',#3228,#2604,#2605);
#2176=AXIS2_PLACEMENT_3D('',#3229,#2606,#2607);
#2177=AXIS2_PLACEMENT_3D('',#3234,#2609,#2610);
#2178=AXIS2_PLACEMENT_3D('',#3238,#2612,#2613);
#2179=AXIS2_PLACEMENT_3D('',#3243,#2616,#2617);
#2180=AXIS2_PLACEMENT_3D('',#3247,#2619,#2620);
#2181=AXIS2_PLACEMENT_3D('',#3251,#2622,#2623);
#2182=AXIS2_PLACEMENT_3D('',#3259,#2627,#2628);
#2183=AXIS2_PLACEMENT_3D('',#3262,#2630,#2631);
#2184=AXIS2_PLACEMENT_3D('',#3263,#2632,#2633);
#2185=AXIS2_PLACEMENT_3D('',#3265,#2635,#2636);
#2186=AXIS2_PLACEMENT_3D('',#3267,#2638,#2639);
#2187=AXIS2_PLACEMENT_3D('',#3269,#2641,#2642);
#2188=AXIS2_PLACEMENT_3D('',#3271,#2644,#2645);
#2189=AXIS2_PLACEMENT_3D('',#3273,#2647,#2648);
#2190=AXIS2_PLACEMENT_3D('',#3276,#2651,#2652);
#2191=AXIS2_PLACEMENT_3D('',#3278,#2654,#2655);
#2192=AXIS2_PLACEMENT_3D('',#3280,#2657,#2658);
#2193=AXIS2_PLACEMENT_3D('',#3282,#2660,#2661);
#2194=AXIS2_PLACEMENT_3D('',#3284,#2663,#2664);
#2195=AXIS2_PLACEMENT_3D('',#3285,#2665,#2666);
#2196=AXIS2_PLACEMENT_3D('',#3287,#2668,#2669);
#2197=AXIS2_PLACEMENT_3D('',#3289,#2671,#2672);
#2198=AXIS2_PLACEMENT_3D('',#3291,#2674,#2675);
#2199=AXIS2_PLACEMENT_3D('',#3293,#2677,#2678);
#2200=AXIS2_PLACEMENT_3D('',#3295,#2680,#2681);
#2201=AXIS2_PLACEMENT_3D('',#3297,#2683,#2684);
#2202=AXIS2_PLACEMENT_3D('',#3299,#2686,#2687);
#2203=AXIS2_PLACEMENT_3D('',#3301,#2689,#2690);
#2204=AXIS2_PLACEMENT_3D('',#3302,#2691,#2692);
#2205=AXIS2_PLACEMENT_3D('',#3305,#2695,#2696);
#2206=AXIS2_PLACEMENT_3D('',#3307,#2698,#2699);
#2207=AXIS2_PLACEMENT_3D('',#3309,#2701,#2702);
#2208=AXIS2_PLACEMENT_3D('',#3311,#2704,#2705);
#2209=AXIS2_PLACEMENT_3D('',#3313,#2707,#2708);
#2210=AXIS2_PLACEMENT_3D('',#3314,#2709,#2710);
#2211=AXIS2_PLACEMENT_3D('',#3316,#2712,#2713);
#2212=AXIS2_PLACEMENT_3D('',#3318,#2715,#2716);
#2213=AXIS2_PLACEMENT_3D('',#3320,#2718,#2719);
#2214=AXIS2_PLACEMENT_3D('',#3322,#2721,#2722);
#2215=AXIS2_PLACEMENT_3D('',#3324,#2724,#2725);
#2216=AXIS2_PLACEMENT_3D('',#3326,#2727,#2728);
#2217=AXIS2_PLACEMENT_3D('',#3328,#2730,#2731);
#2218=AXIS2_PLACEMENT_3D('',#3330,#2733,#2734);
#2219=AXIS2_PLACEMENT_3D('',#3331,#2735,#2736);
#2220=AXIS2_PLACEMENT_3D('',#3334,#2739,#2740);
#2221=AXIS2_PLACEMENT_3D('',#3336,#2742,#2743);
#2222=AXIS2_PLACEMENT_3D('',#3338,#2745,#2746);
#2223=AXIS2_PLACEMENT_3D('',#3340,#2748,#2749);
#2224=AXIS2_PLACEMENT_3D('',#3342,#2751,#2752);
#2225=AXIS2_PLACEMENT_3D('',#3343,#2753,#2754);
#2226=AXIS2_PLACEMENT_3D('',#3345,#2756,#2757);
#2227=AXIS2_PLACEMENT_3D('',#3347,#2759,#2760);
#2228=AXIS2_PLACEMENT_3D('',#3349,#2762,#2763);
#2229=AXIS2_PLACEMENT_3D('',#3351,#2765,#2766);
#2230=AXIS2_PLACEMENT_3D('',#3353,#2768,#2769);
#2231=AXIS2_PLACEMENT_3D('',#3355,#2771,#2772);
#2232=AXIS2_PLACEMENT_3D('',#3357,#2774,#2775);
#2233=AXIS2_PLACEMENT_3D('',#3359,#2777,#2778);
#2234=AXIS2_PLACEMENT_3D('',#3360,#2779,#2780);
#2235=AXIS2_PLACEMENT_3D('',#3363,#2783,#2784);
#2236=AXIS2_PLACEMENT_3D('',#3365,#2786,#2787);
#2237=AXIS2_PLACEMENT_3D('',#3367,#2789,#2790);
#2238=AXIS2_PLACEMENT_3D('',#3369,#2792,#2793);
#2239=AXIS2_PLACEMENT_3D('',#3371,#2795,#2796);
#2240=AXIS2_PLACEMENT_3D('',#3372,#2797,#2798);
#2241=AXIS2_PLACEMENT_3D('',#3374,#2800,#2801);
#2242=AXIS2_PLACEMENT_3D('',#3376,#2803,#2804);
#2243=AXIS2_PLACEMENT_3D('',#3378,#2806,#2807);
#2244=AXIS2_PLACEMENT_3D('',#3380,#2809,#2810);
#2245=AXIS2_PLACEMENT_3D('',#3382,#2812,#2813);
#2246=AXIS2_PLACEMENT_3D('',#3384,#2815,#2816);
#2247=AXIS2_PLACEMENT_3D('',#3386,#2818,#2819);
#2248=AXIS2_PLACEMENT_3D('',#3388,#2821,#2822);
#2249=DIRECTION('axis',(0.,0.,1.));
#2250=DIRECTION('refdir',(1.,0.,0.));
#2251=DIRECTION('center_axis',(0.,0.,1.));
#2252=DIRECTION('ref_axis',(1.,0.,0.));
#2253=DIRECTION('center_axis',(0.,0.,1.));
#2254=DIRECTION('ref_axis',(1.,0.,0.));
#2255=DIRECTION('',(0.,0.,-1.));
#2256=DIRECTION('center_axis',(0.,0.,1.));
#2257=DIRECTION('ref_axis',(1.,0.,0.));
#2258=DIRECTION('center_axis',(0.,0.,-1.));
#2259=DIRECTION('ref_axis',(-1.,0.,0.));
#2260=DIRECTION('center_axis',(0.,0.,-1.));
#2261=DIRECTION('ref_axis',(-1.,0.,0.));
#2262=DIRECTION('center_axis',(0.,0.,1.));
#2263=DIRECTION('ref_axis',(1.,0.,0.));
#2264=DIRECTION('center_axis',(0.,0.,-1.));
#2265=DIRECTION('ref_axis',(1.,0.,0.));
#2266=DIRECTION('center_axis',(0.,0.,-1.));
#2267=DIRECTION('ref_axis',(1.,0.,0.));
#2268=DIRECTION('',(0.,0.,1.));
#2269=DIRECTION('center_axis',(0.,0.,-1.));
#2270=DIRECTION('ref_axis',(-1.,0.,0.));
#2271=DIRECTION('',(1.,0.,0.));
#2272=DIRECTION('center_axis',(0.,0.,1.));
#2273=DIRECTION('ref_axis',(0.,-1.,0.));
#2274=DIRECTION('',(0.,1.,0.));
#2275=DIRECTION('center_axis',(0.,0.,1.));
#2276=DIRECTION('ref_axis',(0.,-1.,0.));
#2277=DIRECTION('',(-1.,0.,0.));
#2278=DIRECTION('center_axis',(0.,0.,1.));
#2279=DIRECTION('ref_axis',(0.,-1.,0.));
#2280=DIRECTION('',(0.,-1.,0.));
#2281=DIRECTION('center_axis',(0.,0.,-1.));
#2282=DIRECTION('ref_axis',(0.,-1.,0.));
#2283=DIRECTION('center_axis',(0.,0.,-1.));
#2284=DIRECTION('ref_axis',(1.,0.,0.));
#2285=DIRECTION('center_axis',(0.,0.,-1.));
#2286=DIRECTION('ref_axis',(1.,0.,0.));
#2287=DIRECTION('center_axis',(0.,0.,-1.));
#2288=DIRECTION('ref_axis',(1.,0.,0.));
#2289=DIRECTION('center_axis',(0.,0.,-1.));
#2290=DIRECTION('ref_axis',(1.,0.,0.));
#2291=DIRECTION('center_axis',(0.,1.,0.));
#2292=DIRECTION('ref_axis',(1.,0.,0.));
#2293=DIRECTION('',(1.,0.,0.));
#2294=DIRECTION('',(0.,0.,1.));
#2295=DIRECTION('',(0.,0.,1.));
#2296=DIRECTION('center_axis',(0.,0.,1.));
#2297=DIRECTION('ref_axis',(0.,-1.,0.));
#2298=DIRECTION('',(0.,0.,1.));
#2299=DIRECTION('center_axis',(0.,0.,-1.));
#2300=DIRECTION('ref_axis',(0.,-1.,0.));
#2301=DIRECTION('center_axis',(0.,0.,1.));
#2302=DIRECTION('ref_axis',(0.,-1.,0.));
#2303=DIRECTION('center_axis',(0.,0.,1.));
#2304=DIRECTION('ref_axis',(0.,-1.,0.));
#2305=DIRECTION('',(0.,0.,1.));
#2306=DIRECTION('center_axis',(1.,0.,0.));
#2307=DIRECTION('ref_axis',(0.,-1.,0.));
#2308=DIRECTION('',(0.,-1.,0.));
#2309=DIRECTION('',(0.,0.,1.));
#2310=DIRECTION('center_axis',(-1.,0.,0.));
#2311=DIRECTION('ref_axis',(0.,1.,0.));
#2312=DIRECTION('',(0.,1.,0.));
#2313=DIRECTION('',(0.,0.,1.));
#2314=DIRECTION('center_axis',(0.,0.,1.));
#2315=DIRECTION('ref_axis',(0.,1.,0.));
#2316=DIRECTION('center_axis',(0.,0.,1.));
#2317=DIRECTION('ref_axis',(0.,-1.,0.));
#2318=DIRECTION('',(0.,0.,1.));
#2319=DIRECTION('center_axis',(0.,0.,1.));
#2320=DIRECTION('ref_axis',(1.,0.,0.));
#2321=DIRECTION('center_axis',(0.,0.,1.));
#2322=DIRECTION('ref_axis',(0.,-1.,0.));
#2323=DIRECTION('',(0.,0.,1.));
#2324=DIRECTION('center_axis',(0.,-1.,0.));
#2325=DIRECTION('ref_axis',(-1.,0.,0.));
#2326=DIRECTION('',(-1.,0.,0.));
#2327=DIRECTION('center_axis',(0.,0.,-1.));
#2328=DIRECTION('ref_axis',(1.,0.,0.));
#2329=DIRECTION('',(0.,0.,1.));
#2330=DIRECTION('center_axis',(0.,0.,1.));
#2331=DIRECTION('ref_axis',(1.,0.,0.));
#2332=DIRECTION('center_axis',(0.,0.,-1.));
#2333=DIRECTION('ref_axis',(1.,0.,0.));
#2334=DIRECTION('',(0.,0.,1.));
#2335=DIRECTION('center_axis',(0.,0.,1.));
#2336=DIRECTION('ref_axis',(1.,0.,0.));
#2337=DIRECTION('center_axis',(0.,0.,-1.));
#2338=DIRECTION('ref_axis',(1.,0.,0.));
#2339=DIRECTION('',(0.,0.,1.));
#2340=DIRECTION('center_axis',(0.,0.,1.));
#2341=DIRECTION('ref_axis',(1.,0.,0.));
#2342=DIRECTION('center_axis',(0.,0.,-1.));
#2343=DIRECTION('ref_axis',(1.,0.,0.));
#2344=DIRECTION('',(0.,0.,1.));
#2345=DIRECTION('center_axis',(0.,0.,1.));
#2346=DIRECTION('ref_axis',(1.,0.,0.));
#2347=DIRECTION('center_axis',(0.,1.,0.));
#2348=DIRECTION('ref_axis',(1.,0.,0.));
#2349=DIRECTION('',(1.,0.,0.));
#2350=DIRECTION('',(0.,0.,1.));
#2351=DIRECTION('',(0.,0.,1.));
#2352=DIRECTION('center_axis',(0.,0.,1.));
#2353=DIRECTION('ref_axis',(0.,-1.,0.));
#2354=DIRECTION('',(0.,0.,1.));
#2355=DIRECTION('center_axis',(0.,0.,-1.));
#2356=DIRECTION('ref_axis',(0.,-1.,0.));
#2357=DIRECTION('center_axis',(0.,0.,1.));
#2358=DIRECTION('ref_axis',(0.,-1.,0.));
#2359=DIRECTION('center_axis',(0.,0.,1.));
#2360=DIRECTION('ref_axis',(0.,-1.,0.));
#2361=DIRECTION('',(0.,0.,1.));
#2362=DIRECTION('center_axis',(1.,0.,0.));
#2363=DIRECTION('ref_axis',(0.,-1.,0.));
#2364=DIRECTION('',(0.,-1.,0.));
#2365=DIRECTION('',(0.,5.551115123126E-16,-1.));
#2366=DIRECTION('',(0.,1.,3.330669073875E-16));
#2367=DIRECTION('',(0.,5.551115123126E-16,-1.));
#2368=DIRECTION('',(0.,-1.,0.));
#2369=DIRECTION('',(0.,5.551115123126E-16,-1.));
#2370=DIRECTION('',(0.,1.,3.330669073875E-16));
#2371=DIRECTION('',(0.,5.551115123126E-16,-1.));
#2372=DIRECTION('',(0.,-1.,0.));
#2373=DIRECTION('',(0.,0.,1.));
#2374=DIRECTION('center_axis',(-1.,0.,0.));
#2375=DIRECTION('ref_axis',(0.,1.,0.));
#2376=DIRECTION('',(0.,1.,0.));
#2377=DIRECTION('',(0.,5.551115123126E-16,-1.));
#2378=DIRECTION('',(0.,1.,3.330669073875E-16));
#2379=DIRECTION('',(0.,5.551115123126E-16,-1.));
#2380=DIRECTION('',(0.,1.,0.));
#2381=DIRECTION('',(0.,5.551115123126E-16,-1.));
#2382=DIRECTION('',(0.,1.,3.330669073875E-16));
#2383=DIRECTION('',(0.,5.551115123126E-16,-1.));
#2384=DIRECTION('',(0.,1.,0.));
#2385=DIRECTION('',(0.,0.,1.));
#2386=DIRECTION('center_axis',(0.,0.,1.));
#2387=DIRECTION('ref_axis',(0.,1.,0.));
#2388=DIRECTION('center_axis',(0.,0.,1.));
#2389=DIRECTION('ref_axis',(0.,-1.,0.));
#2390=DIRECTION('',(0.,0.,1.));
#2391=DIRECTION('center_axis',(0.,0.,1.));
#2392=DIRECTION('ref_axis',(1.,0.,0.));
#2393=DIRECTION('center_axis',(0.,0.,1.));
#2394=DIRECTION('ref_axis',(0.,-1.,0.));
#2395=DIRECTION('',(0.,0.,1.));
#2396=DIRECTION('center_axis',(0.,-1.,0.));
#2397=DIRECTION('ref_axis',(-1.,0.,0.));
#2398=DIRECTION('',(-1.,0.,0.));
#2399=DIRECTION('center_axis',(0.,0.,-1.));
#2400=DIRECTION('ref_axis',(-1.,0.,0.));
#2401=DIRECTION('center_axis',(0.,0.,-1.));
#2402=DIRECTION('ref_axis',(1.,0.,0.));
#2403=DIRECTION('center_axis',(1.58603289232165E-16,1.,0.));
#2404=DIRECTION('ref_axis',(-1.,1.58603289232165E-16,0.));
#2405=DIRECTION('center_axis',(0.,0.,-1.));
#2406=DIRECTION('ref_axis',(-1.,0.,0.));
#2407=DIRECTION('center_axis',(0.,0.,-1.));
#2408=DIRECTION('ref_axis',(-1.,0.,0.));
#2409=DIRECTION('center_axis',(0.,0.,-1.));
#2410=DIRECTION('ref_axis',(-1.,0.,0.));
#2411=DIRECTION('',(0.,-1.,0.));
#2412=DIRECTION('',(0.,-1.,0.));
#2413=DIRECTION('',(0.,1.,0.));
#2414=DIRECTION('',(0.,1.,0.));
#2415=DIRECTION('center_axis',(1.64346021921E-31,-1.,-5.551115123126E-16));
#2416=DIRECTION('ref_axis',(0.,5.551115123126E-16,-1.));
#2417=DIRECTION('',(-0.28734788556607,5.3170039772213E-16,-0.957826285221234));
#2418=DIRECTION('center_axis',(0.,-1.,-3.330669073875E-16));
#2419=DIRECTION('ref_axis',(0.,-3.330669073875E-16,1.));
#2420=DIRECTION('',(0.,-5.551115123126E-16,1.));
#2421=DIRECTION('center_axis',(0.,1.,3.330669073875E-16));
#2422=DIRECTION('ref_axis',(0.,-3.330669073875E-16,1.));
#2423=DIRECTION('',(1.,0.,0.));
#2424=DIRECTION('',(0.,5.551115123126E-16,-1.));
#2425=DIRECTION('center_axis',(0.,1.,3.330669073875E-16));
#2426=DIRECTION('ref_axis',(0.,-3.330669073875E-16,1.));
#2427=DIRECTION('',(0.28734788556607,-5.3170039772213E-16,0.957826285221234));
#2428=DIRECTION('center_axis',(0.,-1.,-3.330669073875E-16));
#2429=DIRECTION('ref_axis',(0.,-3.330669073875E-16,1.));
#2430=DIRECTION('',(-0.28734788556607,-5.3170039772213E-16,0.957826285221234));
#2431=DIRECTION('center_axis',(0.,1.,3.330669073875E-16));
#2432=DIRECTION('ref_axis',(0.,-3.330669073875E-16,1.));
#2433=DIRECTION('',(0.,5.551115123126E-16,-1.));
#2434=DIRECTION('',(-1.,0.,0.));
#2435=DIRECTION('',(0.,-5.551115123126E-16,1.));
#2436=DIRECTION('center_axis',(0.,-1.,-3.330669073875E-16));
#2437=DIRECTION('ref_axis',(0.,-3.330669073875E-16,1.));
#2438=DIRECTION('',(0.28734788556607,5.3170039772213E-16,-0.957826285221234));
#2439=DIRECTION('center_axis',(0.,-1.,-3.330669073875E-16));
#2440=DIRECTION('ref_axis',(0.,-3.330669073875E-16,1.));
#2441=DIRECTION('center_axis',(0.,3.330669073875E-16,-1.));
#2442=DIRECTION('ref_axis',(1.,0.,0.));
#2443=DIRECTION('',(1.,0.,0.));
#2444=DIRECTION('',(0.,1.,3.330669073875E-16));
#2445=DIRECTION('center_axis',(1.64346021921E-31,-1.,-5.551115123126E-16));
#2446=DIRECTION('ref_axis',(0.,5.551115123126E-16,-1.));
#2447=DIRECTION('',(-0.28734788556607,5.3170039772213E-16,-0.957826285221234));
#2448=DIRECTION('center_axis',(0.,-1.,-3.330669073875E-16));
#2449=DIRECTION('ref_axis',(0.,-3.330669073875E-16,1.));
#2450=DIRECTION('',(0.28734788556607,5.3170039772213E-16,-0.957826285221234));
#2451=DIRECTION('center_axis',(0.,-1.,-3.330669073875E-16));
#2452=DIRECTION('ref_axis',(0.,-3.330669073875E-16,1.));
#2453=DIRECTION('',(0.,-5.551115123126E-16,1.));
#2454=DIRECTION('',(-1.,0.,0.));
#2455=DIRECTION('',(0.,5.551115123126E-16,-1.));
#2456=DIRECTION('center_axis',(0.,1.,3.330669073875E-16));
#2457=DIRECTION('ref_axis',(0.,-3.330669073875E-16,1.));
#2458=DIRECTION('',(-0.28734788556607,-5.3170039772213E-16,0.957826285221234));
#2459=DIRECTION('center_axis',(0.,-1.,-3.330669073875E-16));
#2460=DIRECTION('ref_axis',(0.,-3.330669073875E-16,1.));
#2461=DIRECTION('',(0.28734788556607,-5.3170039772213E-16,0.957826285221234));
#2462=DIRECTION('center_axis',(0.,1.,3.330669073875E-16));
#2463=DIRECTION('ref_axis',(0.,-3.330669073875E-16,1.));
#2464=DIRECTION('',(0.,5.551115123126E-16,-1.));
#2465=DIRECTION('center_axis',(0.,1.,3.330669073875E-16));
#2466=DIRECTION('ref_axis',(0.,-3.330669073875E-16,1.));
#2467=DIRECTION('',(0.,-5.551115123126E-16,1.));
#2468=DIRECTION('center_axis',(0.,-1.,-3.330669073875E-16));
#2469=DIRECTION('ref_axis',(0.,-3.330669073875E-16,1.));
#2470=DIRECTION('center_axis',(0.,-1.,-3.330669073875E-16));
#2471=DIRECTION('ref_axis',(0.,3.330669073875E-16,-1.));
#2472=DIRECTION('',(-0.28734788556607,5.3170039772213E-16,-0.957826285221234));
#2473=DIRECTION('center_axis',(0.,-1.,-3.330669073875E-16));
#2474=DIRECTION('ref_axis',(0.,-3.330669073875E-16,1.));
#2475=DIRECTION('',(0.28734788556607,5.3170039772213E-16,-0.957826285221234));
#2476=DIRECTION('center_axis',(0.,-1.,-3.330669073875E-16));
#2477=DIRECTION('ref_axis',(0.,-3.330669073875E-16,1.));
#2478=DIRECTION('',(0.,-5.551115123126E-16,1.));
#2479=DIRECTION('',(-1.,0.,0.));
#2480=DIRECTION('',(0.,5.551115123126E-16,-1.));
#2481=DIRECTION('center_axis',(0.,1.,3.330669073875E-16));
#2482=DIRECTION('ref_axis',(0.,-3.330669073875E-16,1.));
#2483=DIRECTION('',(-0.28734788556607,-5.3170039772213E-16,0.957826285221234));
#2484=DIRECTION('center_axis',(0.,-1.,-3.330669073875E-16));
#2485=DIRECTION('ref_axis',(0.,-3.330669073875E-16,1.));
#2486=DIRECTION('',(0.28734788556607,-5.3170039772213E-16,0.957826285221234));
#2487=DIRECTION('center_axis',(0.,1.,3.330669073875E-16));
#2488=DIRECTION('ref_axis',(0.,-3.330669073875E-16,1.));
#2489=DIRECTION('',(0.,5.551115123126E-16,-1.));
#2490=DIRECTION('',(1.,0.,0.));
#2491=DIRECTION('center_axis',(0.,1.,3.330669073875E-16));
#2492=DIRECTION('ref_axis',(0.,-3.330669073875E-16,1.));
#2493=DIRECTION('',(0.,-5.551115123126E-16,1.));
#2494=DIRECTION('center_axis',(0.,-1.,-3.330669073875E-16));
#2495=DIRECTION('ref_axis',(0.,-3.330669073875E-16,1.));
#2496=DIRECTION('center_axis',(0.,-1.,-3.330669073875E-16));
#2497=DIRECTION('ref_axis',(0.,3.330669073875E-16,-1.));
#2498=DIRECTION('',(-0.28734788556607,5.3170039772213E-16,-0.957826285221234));
#2499=DIRECTION('center_axis',(0.,-1.,-3.330669073875E-16));
#2500=DIRECTION('ref_axis',(0.,-3.330669073875E-16,1.));
#2501=DIRECTION('',(0.,-5.551115123126E-16,1.));
#2502=DIRECTION('center_axis',(0.,1.,3.330669073875E-16));
#2503=DIRECTION('ref_axis',(0.,-3.330669073875E-16,1.));
#2504=DIRECTION('',(1.,0.,0.));
#2505=DIRECTION('',(0.,5.551115123126E-16,-1.));
#2506=DIRECTION('center_axis',(0.,1.,3.330669073875E-16));
#2507=DIRECTION('ref_axis',(0.,-3.330669073875E-16,1.));
#2508=DIRECTION('',(0.28734788556607,-5.3170039772213E-16,0.957826285221234));
#2509=DIRECTION('center_axis',(0.,-1.,-3.330669073875E-16));
#2510=DIRECTION('ref_axis',(0.,-3.330669073875E-16,1.));
#2511=DIRECTION('',(-0.28734788556607,-5.3170039772213E-16,0.957826285221234));
#2512=DIRECTION('center_axis',(0.,1.,3.330669073875E-16));
#2513=DIRECTION('ref_axis',(0.,-3.330669073875E-16,1.));
#2514=DIRECTION('',(0.,5.551115123126E-16,-1.));
#2515=DIRECTION('',(-1.,0.,0.));
#2516=DIRECTION('',(0.,-5.551115123126E-16,1.));
#2517=DIRECTION('center_axis',(0.,-1.,-3.330669073875E-16));
#2518=DIRECTION('ref_axis',(0.,-3.330669073875E-16,1.));
#2519=DIRECTION('',(0.28734788556607,5.3170039772213E-16,-0.957826285221234));
#2520=DIRECTION('center_axis',(0.,-1.,-3.330669073875E-16));
#2521=DIRECTION('ref_axis',(0.,-3.330669073875E-16,1.));
#2522=DIRECTION('center_axis',(0.,3.330669073875E-16,-1.));
#2523=DIRECTION('ref_axis',(1.,0.,0.));
#2524=DIRECTION('',(0.,1.,3.330669073875E-16));
#2525=DIRECTION('center_axis',(0.,1.,3.330669073875E-16));
#2526=DIRECTION('ref_axis',(0.,-3.330669073875E-16,1.));
#2527=DIRECTION('',(0.28734788556607,5.3170039772213E-16,-0.957826285221234));
#2528=DIRECTION('center_axis',(0.,1.,3.330669073875E-16));
#2529=DIRECTION('ref_axis',(0.,-3.330669073875E-16,1.));
#2530=DIRECTION('',(0.,-5.551115123126E-16,1.));
#2531=DIRECTION('center_axis',(0.,-1.,-3.330669073875E-16));
#2532=DIRECTION('ref_axis',(0.,-3.330669073875E-16,1.));
#2533=DIRECTION('',(-1.,0.,0.));
#2534=DIRECTION('',(0.,5.551115123126E-16,-1.));
#2535=DIRECTION('center_axis',(0.,-1.,-3.330669073875E-16));
#2536=DIRECTION('ref_axis',(0.,-3.330669073875E-16,1.));
#2537=DIRECTION('',(-0.28734788556607,-5.3170039772213E-16,0.957826285221234));
#2538=DIRECTION('center_axis',(0.,1.,3.330669073875E-16));
#2539=DIRECTION('ref_axis',(0.,-3.330669073875E-16,1.));
#2540=DIRECTION('',(0.28734788556607,-5.3170039772213E-16,0.957826285221234));
#2541=DIRECTION('center_axis',(0.,-1.,-3.330669073875E-16));
#2542=DIRECTION('ref_axis',(0.,-3.330669073875E-16,1.));
#2543=DIRECTION('',(0.,5.551115123126E-16,-1.));
#2544=DIRECTION('',(1.,0.,0.));
#2545=DIRECTION('',(0.,-5.551115123126E-16,1.));
#2546=DIRECTION('center_axis',(0.,1.,3.330669073875E-16));
#2547=DIRECTION('ref_axis',(0.,-3.330669073875E-16,1.));
#2548=DIRECTION('',(-0.28734788556607,5.3170039772213E-16,-0.957826285221234));
#2549=DIRECTION('center_axis',(0.,1.,3.330669073875E-16));
#2550=DIRECTION('ref_axis',(0.,-3.330669073875E-16,1.));
#2551=DIRECTION('center_axis',(0.,-3.330669073875E-16,1.));
#2552=DIRECTION('ref_axis',(-1.,0.,0.));
#2553=DIRECTION('',(0.,1.,3.330669073875E-16));
#2554=DIRECTION('',(-1.,0.,0.));
#2555=DIRECTION('center_axis',(0.,1.,3.330669073875E-16));
#2556=DIRECTION('ref_axis',(0.,-3.330669073875E-16,1.));
#2557=DIRECTION('',(0.28734788556607,5.3170039772213E-16,-0.957826285221234));
#2558=DIRECTION('center_axis',(0.,1.,3.330669073875E-16));
#2559=DIRECTION('ref_axis',(0.,-3.330669073875E-16,1.));
#2560=DIRECTION('',(-0.28734788556607,5.3170039772213E-16,-0.957826285221234));
#2561=DIRECTION('center_axis',(0.,1.,3.330669073875E-16));
#2562=DIRECTION('ref_axis',(0.,-3.330669073875E-16,1.));
#2563=DIRECTION('',(0.,-5.551115123126E-16,1.));
#2564=DIRECTION('',(1.,0.,0.));
#2565=DIRECTION('',(0.,5.551115123126E-16,-1.));
#2566=DIRECTION('center_axis',(0.,-1.,-3.330669073875E-16));
#2567=DIRECTION('ref_axis',(0.,-3.330669073875E-16,1.));
#2568=DIRECTION('',(0.28734788556607,-5.3170039772213E-16,0.957826285221234));
#2569=DIRECTION('center_axis',(0.,1.,3.330669073875E-16));
#2570=DIRECTION('ref_axis',(0.,-3.330669073875E-16,1.));
#2571=DIRECTION('',(-0.28734788556607,-5.3170039772213E-16,0.957826285221234));
#2572=DIRECTION('center_axis',(0.,-1.,-3.330669073875E-16));
#2573=DIRECTION('ref_axis',(0.,-3.330669073875E-16,1.));
#2574=DIRECTION('',(0.,5.551115123126E-16,-1.));
#2575=DIRECTION('center_axis',(0.,-1.,-3.330669073875E-16));
#2576=DIRECTION('ref_axis',(0.,-3.330669073875E-16,1.));
#2577=DIRECTION('',(0.,-5.551115123126E-16,1.));
#2578=DIRECTION('center_axis',(0.,1.,3.330669073875E-16));
#2579=DIRECTION('ref_axis',(0.,-3.330669073875E-16,1.));
#2580=DIRECTION('center_axis',(1.64346021921E-31,1.,5.551115123126E-16));
#2581=DIRECTION('ref_axis',(0.,-5.551115123126E-16,1.));
#2582=DIRECTION('',(0.28734788556607,5.3170039772213E-16,-0.957826285221234));
#2583=DIRECTION('center_axis',(0.,1.,3.330669073875E-16));
#2584=DIRECTION('ref_axis',(0.,-3.330669073875E-16,1.));
#2585=DIRECTION('',(-0.28734788556607,5.3170039772213E-16,-0.957826285221234));
#2586=DIRECTION('center_axis',(0.,1.,3.330669073875E-16));
#2587=DIRECTION('ref_axis',(0.,-3.330669073875E-16,1.));
#2588=DIRECTION('',(0.,-5.551115123126E-16,1.));
#2589=DIRECTION('',(1.,0.,0.));
#2590=DIRECTION('',(0.,5.551115123126E-16,-1.));
#2591=DIRECTION('center_axis',(0.,-1.,-3.330669073875E-16));
#2592=DIRECTION('ref_axis',(0.,-3.330669073875E-16,1.));
#2593=DIRECTION('',(0.28734788556607,-5.3170039772213E-16,0.957826285221234));
#2594=DIRECTION('center_axis',(0.,1.,3.330669073875E-16));
#2595=DIRECTION('ref_axis',(0.,-3.330669073875E-16,1.));
#2596=DIRECTION('',(-0.28734788556607,-5.3170039772213E-16,0.957826285221234));
#2597=DIRECTION('center_axis',(0.,-1.,-3.330669073875E-16));
#2598=DIRECTION('ref_axis',(0.,-3.330669073875E-16,1.));
#2599=DIRECTION('',(0.,5.551115123126E-16,-1.));
#2600=DIRECTION('',(-1.,0.,0.));
#2601=DIRECTION('center_axis',(0.,-1.,-3.330669073875E-16));
#2602=DIRECTION('ref_axis',(0.,-3.330669073875E-16,1.));
#2603=DIRECTION('',(0.,-5.551115123126E-16,1.));
#2604=DIRECTION('center_axis',(0.,1.,3.330669073875E-16));
#2605=DIRECTION('ref_axis',(0.,-3.330669073875E-16,1.));
#2606=DIRECTION('center_axis',(1.64346021921E-31,1.,5.551115123126E-16));
#2607=DIRECTION('ref_axis',(0.,-5.551115123126E-16,1.));
#2608=DIRECTION('',(0.28734788556607,5.3170039772213E-16,-0.957826285221234));
#2609=DIRECTION('center_axis',(0.,1.,3.330669073875E-16));
#2610=DIRECTION('ref_axis',(0.,-3.330669073875E-16,1.));
#2611=DIRECTION('',(0.,-5.551115123126E-16,1.));
#2612=DIRECTION('center_axis',(0.,-1.,-3.330669073875E-16));
#2613=DIRECTION('ref_axis',(0.,-3.330669073875E-16,1.));
#2614=DIRECTION('',(-1.,0.,0.));
#2615=DIRECTION('',(0.,5.551115123126E-16,-1.));
#2616=DIRECTION('center_axis',(0.,-1.,-3.330669073875E-16));
#2617=DIRECTION('ref_axis',(0.,-3.330669073875E-16,1.));
#2618=DIRECTION('',(-0.28734788556607,-5.3170039772213E-16,0.957826285221234));
#2619=DIRECTION('center_axis',(0.,1.,3.330669073875E-16));
#2620=DIRECTION('ref_axis',(0.,-3.330669073875E-16,1.));
#2621=DIRECTION('',(0.28734788556607,-5.3170039772213E-16,0.957826285221234));
#2622=DIRECTION('center_axis',(0.,-1.,-3.330669073875E-16));
#2623=DIRECTION('ref_axis',(0.,-3.330669073875E-16,1.));
#2624=DIRECTION('',(0.,5.551115123126E-16,-1.));
#2625=DIRECTION('',(1.,0.,0.));
#2626=DIRECTION('',(0.,-5.551115123126E-16,1.));
#2627=DIRECTION('center_axis',(0.,1.,3.330669073875E-16));
#2628=DIRECTION('ref_axis',(0.,-3.330669073875E-16,1.));
#2629=DIRECTION('',(-0.28734788556607,5.3170039772213E-16,-0.957826285221234));
#2630=DIRECTION('center_axis',(0.,1.,3.330669073875E-16));
#2631=DIRECTION('ref_axis',(0.,-3.330669073875E-16,1.));
#2632=DIRECTION('center_axis',(0.,-3.330669073875E-16,1.));
#2633=DIRECTION('ref_axis',(-1.,0.,0.));
#2634=DIRECTION('',(0.,1.,3.330669073875E-16));
#2635=DIRECTION('center_axis',(-1.,0.,0.));
#2636=DIRECTION('ref_axis',(0.,5.551115123126E-16,-1.));
#2637=DIRECTION('',(0.,1.,3.330669073875E-16));
#2638=DIRECTION('center_axis',(-1.,0.,0.));
#2639=DIRECTION('ref_axis',(0.,5.551115123126E-16,-1.));
#2640=DIRECTION('',(0.,1.,3.330669073875E-16));
#2641=DIRECTION('center_axis',(-1.,0.,0.));
#2642=DIRECTION('ref_axis',(0.,5.551115123126E-16,-1.));
#2643=DIRECTION('',(0.,1.,3.330669073875E-16));
#2644=DIRECTION('center_axis',(-1.,0.,0.));
#2645=DIRECTION('ref_axis',(0.,5.551115123126E-16,-1.));
#2646=DIRECTION('',(0.,1.,3.330669073875E-16));
#2647=DIRECTION('center_axis',(-0.957826285221234,-9.57060715899734E-17,
0.28734788556607));
#2648=DIRECTION('ref_axis',(-0.28734788556607,5.3170039772213E-16,-0.957826285221234));
#2649=DIRECTION('',(0.,1.,3.330669073875E-16));
#2650=DIRECTION('',(0.,1.,3.330669073875E-16));
#2651=DIRECTION('center_axis',(0.,1.,3.330669073875E-16));
#2652=DIRECTION('ref_axis',(0.957826285221234,9.57060715898283E-17,-0.28734788556607));
#2653=DIRECTION('',(0.,1.,3.330669073875E-16));
#2654=DIRECTION('center_axis',(0.,1.,3.330669073875E-16));
#2655=DIRECTION('ref_axis',(-0.957826285221234,-9.57060715898283E-17,0.28734788556607));
#2656=DIRECTION('',(0.,1.,3.330669073875E-16));
#2657=DIRECTION('center_axis',(1.,0.,0.));
#2658=DIRECTION('ref_axis',(0.,-5.551115123126E-16,1.));
#2659=DIRECTION('',(0.,1.,3.330669073875E-16));
#2660=DIRECTION('center_axis',(-0.957826285221234,9.57060715899734E-17,
-0.28734788556607));
#2661=DIRECTION('ref_axis',(0.28734788556607,5.3170039772213E-16,-0.957826285221234));
#2662=DIRECTION('',(0.,1.,3.330669073875E-16));
#2663=DIRECTION('center_axis',(0.,1.,3.330669073875E-16));
#2664=DIRECTION('ref_axis',(-1.,0.,0.));
#2665=DIRECTION('center_axis',(0.,1.,3.330669073875E-16));
#2666=DIRECTION('ref_axis',(1.,0.,0.));
#2667=DIRECTION('',(0.,1.,3.330669073875E-16));
#2668=DIRECTION('center_axis',(1.,0.,0.));
#2669=DIRECTION('ref_axis',(0.,-5.551115123126E-16,1.));
#2670=DIRECTION('',(0.,1.,3.330669073875E-16));
#2671=DIRECTION('center_axis',(0.,-3.330669073875E-16,1.));
#2672=DIRECTION('ref_axis',(-1.,0.,0.));
#2673=DIRECTION('',(0.,1.,3.330669073875E-16));
#2674=DIRECTION('center_axis',(-1.,0.,0.));
#2675=DIRECTION('ref_axis',(0.,5.551115123126E-16,-1.));
#2676=DIRECTION('',(0.,1.,3.330669073875E-16));
#2677=DIRECTION('center_axis',(0.,1.,3.330669073875E-16));
#2678=DIRECTION('ref_axis',(1.,0.,0.));
#2679=DIRECTION('',(0.,1.,3.330669073875E-16));
#2680=DIRECTION('center_axis',(0.,1.,3.330669073875E-16));
#2681=DIRECTION('ref_axis',(0.957826285221234,-9.57060715898283E-17,0.28734788556607));
#2682=DIRECTION('',(0.,1.,3.330669073875E-16));
#2683=DIRECTION('center_axis',(0.957826285221234,9.57060715899734E-17,-0.28734788556607));
#2684=DIRECTION('ref_axis',(0.28734788556607,-5.3170039772213E-16,0.957826285221234));
#2685=DIRECTION('',(0.,1.,3.330669073875E-16));
#2686=DIRECTION('center_axis',(0.957826285221234,-9.57060715899734E-17,
0.28734788556607));
#2687=DIRECTION('ref_axis',(-0.28734788556607,-5.3170039772213E-16,0.957826285221234));
#2688=DIRECTION('',(0.,1.,3.330669073875E-16));
#2689=DIRECTION('center_axis',(0.,1.,3.330669073875E-16));
#2690=DIRECTION('ref_axis',(-0.957826285221234,-9.57060715898283E-17,0.28734788556607));
#2691=DIRECTION('center_axis',(-0.957826285221234,-9.57060715899734E-17,
0.28734788556607));
#2692=DIRECTION('ref_axis',(-0.28734788556607,5.3170039772213E-16,-0.957826285221234));
#2693=DIRECTION('',(0.,1.,3.330669073875E-16));
#2694=DIRECTION('',(0.,1.,3.330669073875E-16));
#2695=DIRECTION('center_axis',(0.,1.,3.330669073875E-16));
#2696=DIRECTION('ref_axis',(0.957826285221234,9.57060715898283E-17,-0.28734788556607));
#2697=DIRECTION('',(0.,1.,3.330669073875E-16));
#2698=DIRECTION('center_axis',(0.,1.,3.330669073875E-16));
#2699=DIRECTION('ref_axis',(-0.957826285221234,-9.57060715898283E-17,0.28734788556607));
#2700=DIRECTION('',(0.,1.,3.330669073875E-16));
#2701=DIRECTION('center_axis',(1.,0.,0.));
#2702=DIRECTION('ref_axis',(0.,-5.551115123126E-16,1.));
#2703=DIRECTION('',(0.,1.,3.330669073875E-16));
#2704=DIRECTION('center_axis',(-0.957826285221234,9.57060715899734E-17,
-0.28734788556607));
#2705=DIRECTION('ref_axis',(0.28734788556607,5.3170039772213E-16,-0.957826285221234));
#2706=DIRECTION('',(0.,1.,3.330669073875E-16));
#2707=DIRECTION('center_axis',(0.,1.,3.330669073875E-16));
#2708=DIRECTION('ref_axis',(-1.,0.,0.));
#2709=DIRECTION('center_axis',(0.,1.,3.330669073875E-16));
#2710=DIRECTION('ref_axis',(1.,0.,0.));
#2711=DIRECTION('',(0.,1.,3.330669073875E-16));
#2712=DIRECTION('center_axis',(1.,0.,0.));
#2713=DIRECTION('ref_axis',(0.,-5.551115123126E-16,1.));
#2714=DIRECTION('',(0.,1.,3.330669073875E-16));
#2715=DIRECTION('center_axis',(0.,-3.330669073875E-16,1.));
#2716=DIRECTION('ref_axis',(-1.,0.,0.));
#2717=DIRECTION('',(0.,1.,3.330669073875E-16));
#2718=DIRECTION('center_axis',(-1.,0.,0.));
#2719=DIRECTION('ref_axis',(0.,5.551115123126E-16,-1.));
#2720=DIRECTION('',(0.,1.,3.330669073875E-16));
#2721=DIRECTION('center_axis',(0.,1.,3.330669073875E-16));
#2722=DIRECTION('ref_axis',(1.,0.,0.));
#2723=DIRECTION('',(0.,1.,3.330669073875E-16));
#2724=DIRECTION('center_axis',(0.,1.,3.330669073875E-16));
#2725=DIRECTION('ref_axis',(0.957826285221234,-9.57060715898283E-17,0.28734788556607));
#2726=DIRECTION('',(0.,1.,3.330669073875E-16));
#2727=DIRECTION('center_axis',(0.957826285221234,9.57060715899734E-17,-0.28734788556607));
#2728=DIRECTION('ref_axis',(0.28734788556607,-5.3170039772213E-16,0.957826285221234));
#2729=DIRECTION('',(0.,1.,3.330669073875E-16));
#2730=DIRECTION('center_axis',(0.957826285221234,-9.57060715899734E-17,
0.28734788556607));
#2731=DIRECTION('ref_axis',(-0.28734788556607,-5.3170039772213E-16,0.957826285221234));
#2732=DIRECTION('',(0.,1.,3.330669073875E-16));
#2733=DIRECTION('center_axis',(0.,1.,3.330669073875E-16));
#2734=DIRECTION('ref_axis',(-0.957826285221234,-9.57060715898283E-17,0.28734788556607));
#2735=DIRECTION('center_axis',(-0.957826285221234,9.57060715899734E-17,
-0.28734788556607));
#2736=DIRECTION('ref_axis',(0.28734788556607,5.3170039772213E-16,-0.957826285221234));
#2737=DIRECTION('',(0.,1.,3.330669073875E-16));
#2738=DIRECTION('',(0.,1.,3.330669073875E-16));
#2739=DIRECTION('center_axis',(0.,1.,3.330669073875E-16));
#2740=DIRECTION('ref_axis',(-0.957826285221234,9.57060715898283E-17,-0.28734788556607));
#2741=DIRECTION('',(0.,1.,3.330669073875E-16));
#2742=DIRECTION('center_axis',(0.,1.,3.330669073875E-16));
#2743=DIRECTION('ref_axis',(0.957826285221234,-9.57060715898283E-17,0.28734788556607));
#2744=DIRECTION('',(0.,1.,3.330669073875E-16));
#2745=DIRECTION('center_axis',(1.,0.,0.));
#2746=DIRECTION('ref_axis',(0.,-5.551115123126E-16,1.));
#2747=DIRECTION('',(0.,1.,3.330669073875E-16));
#2748=DIRECTION('center_axis',(-0.957826285221234,-9.57060715899734E-17,
0.28734788556607));
#2749=DIRECTION('ref_axis',(-0.28734788556607,5.3170039772213E-16,-0.957826285221234));
#2750=DIRECTION('',(0.,1.,3.330669073875E-16));
#2751=DIRECTION('center_axis',(0.,1.,3.330669073875E-16));
#2752=DIRECTION('ref_axis',(1.,0.,0.));
#2753=DIRECTION('center_axis',(0.,1.,3.330669073875E-16));
#2754=DIRECTION('ref_axis',(-1.,0.,0.));
#2755=DIRECTION('',(0.,1.,3.330669073875E-16));
#2756=DIRECTION('center_axis',(1.,0.,0.));
#2757=DIRECTION('ref_axis',(0.,-5.551115123126E-16,1.));
#2758=DIRECTION('',(0.,1.,3.330669073875E-16));
#2759=DIRECTION('center_axis',(0.,3.330669073875E-16,-1.));
#2760=DIRECTION('ref_axis',(1.,0.,0.));
#2761=DIRECTION('',(0.,1.,3.330669073875E-16));
#2762=DIRECTION('center_axis',(-1.,0.,0.));
#2763=DIRECTION('ref_axis',(0.,5.551115123126E-16,-1.));
#2764=DIRECTION('',(0.,1.,3.330669073875E-16));
#2765=DIRECTION('center_axis',(0.,1.,3.330669073875E-16));
#2766=DIRECTION('ref_axis',(-1.,0.,0.));
#2767=DIRECTION('',(0.,1.,3.330669073875E-16));
#2768=DIRECTION('center_axis',(0.,1.,3.330669073875E-16));
#2769=DIRECTION('ref_axis',(-0.957826285221234,-9.57060715898283E-17,0.28734788556607));
#2770=DIRECTION('',(0.,1.,3.330669073875E-16));
#2771=DIRECTION('center_axis',(0.957826285221234,-9.57060715899734E-17,
0.28734788556607));
#2772=DIRECTION('ref_axis',(-0.28734788556607,-5.3170039772213E-16,0.957826285221234));
#2773=DIRECTION('',(0.,1.,3.330669073875E-16));
#2774=DIRECTION('center_axis',(0.957826285221234,9.57060715899734E-17,-0.28734788556607));
#2775=DIRECTION('ref_axis',(0.28734788556607,-5.3170039772213E-16,0.957826285221234));
#2776=DIRECTION('',(0.,1.,3.330669073875E-16));
#2777=DIRECTION('center_axis',(0.,1.,3.330669073875E-16));
#2778=DIRECTION('ref_axis',(0.957826285221234,-9.57060715898283E-17,0.28734788556607));
#2779=DIRECTION('center_axis',(-0.957826285221234,9.57060715899734E-17,
-0.28734788556607));
#2780=DIRECTION('ref_axis',(0.28734788556607,5.3170039772213E-16,-0.957826285221234));
#2781=DIRECTION('',(0.,1.,3.330669073875E-16));
#2782=DIRECTION('',(0.,1.,3.330669073875E-16));
#2783=DIRECTION('center_axis',(0.,1.,3.330669073875E-16));
#2784=DIRECTION('ref_axis',(-0.957826285221234,9.57060715898283E-17,-0.28734788556607));
#2785=DIRECTION('',(0.,1.,3.330669073875E-16));
#2786=DIRECTION('center_axis',(0.,1.,3.330669073875E-16));
#2787=DIRECTION('ref_axis',(0.957826285221234,-9.57060715898283E-17,0.28734788556607));
#2788=DIRECTION('',(0.,1.,3.330669073875E-16));
#2789=DIRECTION('center_axis',(1.,0.,0.));
#2790=DIRECTION('ref_axis',(0.,-5.551115123126E-16,1.));
#2791=DIRECTION('',(0.,1.,3.330669073875E-16));
#2792=DIRECTION('center_axis',(-0.957826285221234,-9.57060715899734E-17,
0.28734788556607));
#2793=DIRECTION('ref_axis',(-0.28734788556607,5.3170039772213E-16,-0.957826285221234));
#2794=DIRECTION('',(0.,1.,3.330669073875E-16));
#2795=DIRECTION('center_axis',(0.,1.,3.330669073875E-16));
#2796=DIRECTION('ref_axis',(1.,0.,0.));
#2797=DIRECTION('center_axis',(0.,1.,3.330669073875E-16));
#2798=DIRECTION('ref_axis',(-1.,0.,0.));
#2799=DIRECTION('',(0.,1.,3.330669073875E-16));
#2800=DIRECTION('center_axis',(1.,0.,0.));
#2801=DIRECTION('ref_axis',(0.,-5.551115123126E-16,1.));
#2802=DIRECTION('',(0.,1.,3.330669073875E-16));
#2803=DIRECTION('center_axis',(0.,3.330669073875E-16,-1.));
#2804=DIRECTION('ref_axis',(1.,0.,0.));
#2805=DIRECTION('',(0.,1.,3.330669073875E-16));
#2806=DIRECTION('center_axis',(-1.,0.,0.));
#2807=DIRECTION('ref_axis',(0.,5.551115123126E-16,-1.));
#2808=DIRECTION('',(0.,1.,3.330669073875E-16));
#2809=DIRECTION('center_axis',(0.,1.,3.330669073875E-16));
#2810=DIRECTION('ref_axis',(-1.,0.,0.));
#2811=DIRECTION('',(0.,1.,3.330669073875E-16));
#2812=DIRECTION('center_axis',(0.,1.,3.330669073875E-16));
#2813=DIRECTION('ref_axis',(-0.957826285221234,-9.57060715898283E-17,0.28734788556607));
#2814=DIRECTION('',(0.,1.,3.330669073875E-16));
#2815=DIRECTION('center_axis',(0.957826285221234,-9.57060715899734E-17,
0.28734788556607));
#2816=DIRECTION('ref_axis',(-0.28734788556607,-5.3170039772213E-16,0.957826285221234));
#2817=DIRECTION('',(0.,1.,3.330669073875E-16));
#2818=DIRECTION('center_axis',(0.957826285221234,9.57060715899734E-17,-0.28734788556607));
#2819=DIRECTION('ref_axis',(0.28734788556607,-5.3170039772213E-16,0.957826285221234));
#2820=DIRECTION('',(0.,1.,3.330669073875E-16));
#2821=DIRECTION('center_axis',(0.,1.,3.330669073875E-16));
#2822=DIRECTION('ref_axis',(0.957826285221234,-9.57060715898283E-17,0.28734788556607));
#2823=CARTESIAN_POINT('',(0.,0.,0.));
#2824=CARTESIAN_POINT('Origin',(3.15,-2.25,4.3));
#2825=CARTESIAN_POINT('',(1.5,-2.25,9.3));
#2826=CARTESIAN_POINT('Origin',(3.15,-2.25,9.3));
#2827=CARTESIAN_POINT('',(1.5,-2.25,4.3));
#2828=CARTESIAN_POINT('',(1.5,-2.25,4.3));
#2829=CARTESIAN_POINT('Origin',(3.15,-2.25,4.3));
#2830=CARTESIAN_POINT('Origin',(4.9,-2.25,9.3));
#2831=CARTESIAN_POINT('Origin',(1.65,-4.25,4.1));
#2832=CARTESIAN_POINT('',(0.65,-4.25,4.1));
#2833=CARTESIAN_POINT('Origin',(1.15,-4.25,4.1));
#2834=CARTESIAN_POINT('Origin',(1.15,-4.25,3.5));
#2835=CARTESIAN_POINT('',(0.65,-4.25,3.6));
#2836=CARTESIAN_POINT('Origin',(1.15,-4.25,3.6));
#2837=CARTESIAN_POINT('',(0.65,-4.25,3.5));
#2838=CARTESIAN_POINT('Origin',(0.15,-5.25,3.6));
#2839=CARTESIAN_POINT('',(0.45,-5.25,3.6));
#2840=CARTESIAN_POINT('',(5.85,-5.25,3.6));
#2841=CARTESIAN_POINT('',(0.15,-5.25,3.6));
#2842=CARTESIAN_POINT('',(6.15,-4.95,3.6));
#2843=CARTESIAN_POINT('Origin',(5.85,-4.95,3.6));
#2844=CARTESIAN_POINT('',(6.15,0.45,3.6));
#2845=CARTESIAN_POINT('',(6.15,-5.25,3.6));
#2846=CARTESIAN_POINT('',(5.85,0.75,3.6));
#2847=CARTESIAN_POINT('Origin',(5.85,0.45,3.6));
#2848=CARTESIAN_POINT('',(0.45,0.75,3.6));
#2849=CARTESIAN_POINT('',(6.15,0.75,3.6));
#2850=CARTESIAN_POINT('',(0.15,0.45,3.6));
#2851=CARTESIAN_POINT('Origin',(0.45,0.45,3.6));
#2852=CARTESIAN_POINT('',(0.15,-4.95,3.6));
#2853=CARTESIAN_POINT('',(0.15,0.75,3.6));
#2854=CARTESIAN_POINT('Origin',(0.45,-4.95,3.6));
#2855=CARTESIAN_POINT('',(4.65,-4.25,3.6));
#2856=CARTESIAN_POINT('Origin',(5.15,-4.25,3.6));
#2857=CARTESIAN_POINT('',(1.4,-2.25,3.6));
#2858=CARTESIAN_POINT('Origin',(3.15,-2.25,3.6));
#2859=CARTESIAN_POINT('',(0.65,-0.25,3.6));
#2860=CARTESIAN_POINT('Origin',(1.15,-0.25,3.6));
#2861=CARTESIAN_POINT('',(4.65,-0.25,3.6));
#2862=CARTESIAN_POINT('Origin',(5.15,-0.25,3.6));
#2863=CARTESIAN_POINT('Origin',(0.15,-5.25,3.5));
#2864=CARTESIAN_POINT('',(0.45,-5.25,3.5));
#2865=CARTESIAN_POINT('',(5.85,-5.25,3.5));
#2866=CARTESIAN_POINT('',(0.15,-5.25,3.5));
#2867=CARTESIAN_POINT('',(5.85,-5.25,3.5));
#2868=CARTESIAN_POINT('',(0.45,-5.25,3.5));
#2869=CARTESIAN_POINT('Origin',(0.45,-4.95,3.5));
#2870=CARTESIAN_POINT('',(0.15,-4.95,3.5));
#2871=CARTESIAN_POINT('',(0.15,-4.95,3.5));
#2872=CARTESIAN_POINT('Origin',(0.45,-4.95,3.5));
#2873=CARTESIAN_POINT('Origin',(5.85,-4.95,3.5));
#2874=CARTESIAN_POINT('',(6.15,-4.95,3.5));
#2875=CARTESIAN_POINT('Origin',(5.85,-4.95,3.5));
#2876=CARTESIAN_POINT('',(6.15,-4.95,3.5));
#2877=CARTESIAN_POINT('Origin',(0.15,0.75,3.5));
#2878=CARTESIAN_POINT('',(0.15,0.45,3.5));
#2879=CARTESIAN_POINT('',(0.15,0.75,3.5));
#2880=CARTESIAN_POINT('',(0.15,0.45,3.5));
#2881=CARTESIAN_POINT('Origin',(6.15,-5.25,3.5));
#2882=CARTESIAN_POINT('',(6.15,0.45,3.5));
#2883=CARTESIAN_POINT('',(6.15,-5.25,3.5));
#2884=CARTESIAN_POINT('',(6.15,0.45,3.5));
#2885=CARTESIAN_POINT('Origin',(0.45,0.45,3.5));
#2886=CARTESIAN_POINT('',(0.45,0.75,3.5));
#2887=CARTESIAN_POINT('Origin',(0.45,0.45,3.5));
#2888=CARTESIAN_POINT('',(0.45,0.75,3.5));
#2889=CARTESIAN_POINT('Origin',(5.85,0.45,3.5));
#2890=CARTESIAN_POINT('',(5.85,0.75,3.5));
#2891=CARTESIAN_POINT('Origin',(5.85,0.45,3.5));
#2892=CARTESIAN_POINT('',(5.85,0.75,3.5));
#2893=CARTESIAN_POINT('Origin',(6.15,0.75,3.5));
#2894=CARTESIAN_POINT('',(6.15,0.75,3.5));
#2895=CARTESIAN_POINT('Origin',(5.15,-4.25,3.5));
#2896=CARTESIAN_POINT('',(4.65,-4.25,4.1));
#2897=CARTESIAN_POINT('',(4.65,-4.25,3.5));
#2898=CARTESIAN_POINT('Origin',(5.15,-4.25,4.1));
#2899=CARTESIAN_POINT('Origin',(3.15,-2.25,3.5));
#2900=CARTESIAN_POINT('',(1.4,-2.25,4.2));
#2901=CARTESIAN_POINT('',(1.4,-2.25,3.5));
#2902=CARTESIAN_POINT('Origin',(3.15,-2.25,4.2));
#2903=CARTESIAN_POINT('Origin',(1.15,-0.25,3.5));
#2904=CARTESIAN_POINT('',(0.65,-0.25,4.1));
#2905=CARTESIAN_POINT('',(0.65,-0.25,3.5));
#2906=CARTESIAN_POINT('Origin',(1.15,-0.25,4.1));
#2907=CARTESIAN_POINT('Origin',(5.15,-0.25,3.5));
#2908=CARTESIAN_POINT('',(4.65,-0.25,4.1));
#2909=CARTESIAN_POINT('',(4.65,-0.25,3.5));
#2910=CARTESIAN_POINT('Origin',(5.15,-0.25,4.1));
#2911=CARTESIAN_POINT('Origin',(0.15,-5.25,0.));
#2912=CARTESIAN_POINT('',(0.45,-5.25,0.));
#2913=CARTESIAN_POINT('',(5.85,-5.25,0.));
#2914=CARTESIAN_POINT('',(0.15,-5.25,0.));
#2915=CARTESIAN_POINT('',(5.85,-5.25,0.));
#2916=CARTESIAN_POINT('',(0.45,-5.25,0.));
#2917=CARTESIAN_POINT('Origin',(0.45,-4.95,0.));
#2918=CARTESIAN_POINT('',(0.15,-4.95,0.));
#2919=CARTESIAN_POINT('',(0.15,-4.95,0.));
#2920=CARTESIAN_POINT('Origin',(0.45,-4.95,0.));
#2921=CARTESIAN_POINT('Origin',(5.85,-4.95,0.));
#2922=CARTESIAN_POINT('',(6.15,-4.95,0.));
#2923=CARTESIAN_POINT('Origin',(5.85,-4.95,0.));
#2924=CARTESIAN_POINT('',(6.15,-4.95,0.));
#2925=CARTESIAN_POINT('Origin',(0.15,0.75,0.));
#2926=CARTESIAN_POINT('',(0.15,0.45,0.));
#2927=CARTESIAN_POINT('',(0.15,0.35,0.));
#2928=CARTESIAN_POINT('',(0.15,0.75,0.));
#2929=CARTESIAN_POINT('',(0.15,0.35,1.5));
#2930=CARTESIAN_POINT('',(0.15,0.35,1.5));
#2931=CARTESIAN_POINT('',(0.15,-0.35,1.5));
#2932=CARTESIAN_POINT('',(0.15,-0.35,1.5));
#2933=CARTESIAN_POINT('',(0.15,-0.35,0.));
#2934=CARTESIAN_POINT('',(0.15,-0.35,1.5));
#2935=CARTESIAN_POINT('',(0.15,-4.15,0.));
#2936=CARTESIAN_POINT('',(0.15,0.75,0.));
#2937=CARTESIAN_POINT('',(0.15,-4.15,1.5));
#2938=CARTESIAN_POINT('',(0.15,-4.15,1.5));
#2939=CARTESIAN_POINT('',(0.15,-4.85,1.5));
#2940=CARTESIAN_POINT('',(0.15,-4.85,1.5));
#2941=CARTESIAN_POINT('',(0.15,-4.85,0.));
#2942=CARTESIAN_POINT('',(0.15,-4.85,1.5));
#2943=CARTESIAN_POINT('',(0.15,0.75,0.));
#2944=CARTESIAN_POINT('',(0.15,0.45,0.));
#2945=CARTESIAN_POINT('Origin',(6.15,-5.25,0.));
#2946=CARTESIAN_POINT('',(6.15,-4.85,0.));
#2947=CARTESIAN_POINT('',(6.15,-5.25,0.));
#2948=CARTESIAN_POINT('',(6.15,-4.85,1.5));
#2949=CARTESIAN_POINT('',(6.15,-4.85,1.5));
#2950=CARTESIAN_POINT('',(6.15,-4.15,1.5));
#2951=CARTESIAN_POINT('',(6.15,-4.85,1.5));
#2952=CARTESIAN_POINT('',(6.15,-4.15,0.));
#2953=CARTESIAN_POINT('',(6.15,-4.15,1.5));
#2954=CARTESIAN_POINT('',(6.15,-0.35,0.));
#2955=CARTESIAN_POINT('',(6.15,-5.25,0.));
#2956=CARTESIAN_POINT('',(6.15,-0.35,1.5));
#2957=CARTESIAN_POINT('',(6.15,-0.35,1.5));
#2958=CARTESIAN_POINT('',(6.15,0.35,1.5));
#2959=CARTESIAN_POINT('',(6.15,-0.35,1.5));
#2960=CARTESIAN_POINT('',(6.15,0.35,0.));
#2961=CARTESIAN_POINT('',(6.15,0.35,1.5));
#2962=CARTESIAN_POINT('',(6.15,0.45,0.));
#2963=CARTESIAN_POINT('',(6.15,-5.25,0.));
#2964=CARTESIAN_POINT('',(6.15,0.45,0.));
#2965=CARTESIAN_POINT('Origin',(0.45,0.45,0.));
#2966=CARTESIAN_POINT('',(0.45,0.75,0.));
#2967=CARTESIAN_POINT('Origin',(0.45,0.45,0.));
#2968=CARTESIAN_POINT('',(0.45,0.75,0.));
#2969=CARTESIAN_POINT('Origin',(5.85,0.45,0.));
#2970=CARTESIAN_POINT('',(5.85,0.75,0.));
#2971=CARTESIAN_POINT('Origin',(5.85,0.45,0.));
#2972=CARTESIAN_POINT('',(5.85,0.75,0.));
#2973=CARTESIAN_POINT('Origin',(6.15,0.75,0.));
#2974=CARTESIAN_POINT('',(6.15,0.75,0.));
#2975=CARTESIAN_POINT('Origin',(5.65,-4.25,4.1));
#2976=CARTESIAN_POINT('Origin',(3.15,-2.25,4.2));
#2977=CARTESIAN_POINT('Origin',(1.5,-2.25,4.2));
#2978=CARTESIAN_POINT('Origin',(1.65,-0.25,4.1));
#2979=CARTESIAN_POINT('Origin',(5.65,-0.25,4.1));
#2980=CARTESIAN_POINT('Origin',(0.15,-5.25,0.));
#2981=CARTESIAN_POINT('',(0.15,0.75,0.));
#2982=CARTESIAN_POINT('',(0.15,0.75,0.));
#2983=CARTESIAN_POINT('',(6.15,-5.25,0.));
#2984=CARTESIAN_POINT('',(6.15,-5.25,0.));
#2985=CARTESIAN_POINT('Origin',(-0.15,0.35,-0.5));
#2986=CARTESIAN_POINT('',(-0.162230377286,0.35,-0.540767924286));
#2987=CARTESIAN_POINT('',(-0.425000733956,0.35,-1.416669113186));
#2988=CARTESIAN_POINT('',(-0.15,0.35,-0.5));
#2989=CARTESIAN_POINT('',(-0.15,0.35,-0.457437037472));
#2990=CARTESIAN_POINT('Origin',(-0.44,0.35,-0.457437037472));
#2991=CARTESIAN_POINT('',(-0.15,0.35,1.21));
#2992=CARTESIAN_POINT('',(-0.15,0.35,-0.5));
#2993=CARTESIAN_POINT('',(0.14,0.35,1.5));
#2994=CARTESIAN_POINT('Origin',(0.14,0.35,1.21));
#2995=CARTESIAN_POINT('',(-0.15,0.35,1.5));
#2996=CARTESIAN_POINT('',(0.15,0.35,-0.457437037472));
#2997=CARTESIAN_POINT('',(0.15,0.35,1.5));
#2998=CARTESIAN_POINT('',(0.137769622714,0.35,-0.540767924286));
#2999=CARTESIAN_POINT('Origin',(-0.14,0.35,-0.457437037472));
#3000=CARTESIAN_POINT('',(-0.125000733956,0.35,-1.416669113186));
#3001=CARTESIAN_POINT('',(-0.15,0.35,-1.5));
#3002=CARTESIAN_POINT('',(-0.125000733956,0.35,-1.583330886814));
#3003=CARTESIAN_POINT('Origin',(0.152768888758,0.35,-1.5));
#3004=CARTESIAN_POINT('',(0.137769622714,0.35,-2.459232075714));
#3005=CARTESIAN_POINT('',(0.15,0.35,-2.5));
#3006=CARTESIAN_POINT('',(0.15,0.35,-2.542562962528));
#3007=CARTESIAN_POINT('Origin',(-0.14,0.35,-2.542562962528));
#3008=CARTESIAN_POINT('',(0.15,0.35,-3.5));
#3009=CARTESIAN_POINT('',(0.15,0.35,-2.5));
#3010=CARTESIAN_POINT('',(-0.15,0.35,-3.5));
#3011=CARTESIAN_POINT('',(0.15,0.35,-3.5));
#3012=CARTESIAN_POINT('',(-0.15,0.35,-2.542562962528));
#3013=CARTESIAN_POINT('',(-0.15,0.35,-3.5));
#3014=CARTESIAN_POINT('',(-0.162230377286,0.35,-2.459232075714));
#3015=CARTESIAN_POINT('Origin',(-0.44,0.35,-2.542562962528));
#3016=CARTESIAN_POINT('',(-0.425000733956,0.35,-1.583330886814));
#3017=CARTESIAN_POINT('',(-0.45,0.35,-1.5));
#3018=CARTESIAN_POINT('Origin',(-0.147231111242,0.35,-1.5));
#3019=CARTESIAN_POINT('Origin',(-0.15,-0.35,1.5));
#3020=CARTESIAN_POINT('',(0.14,-0.35,1.5));
#3021=CARTESIAN_POINT('',(-0.15,-0.35,1.5));
#3022=CARTESIAN_POINT('',(0.14,-0.35,1.5));
#3023=CARTESIAN_POINT('Origin',(-0.15,-0.35,-0.5));
#3024=CARTESIAN_POINT('',(-0.162230377286,-0.35,-0.540767924286));
#3025=CARTESIAN_POINT('',(-0.425000733956,-0.35,-1.416669113186));
#3026=CARTESIAN_POINT('',(-0.15,-0.35,-0.5));
#3027=CARTESIAN_POINT('',(-0.425000733956,-0.35,-1.583330886814));
#3028=CARTESIAN_POINT('Origin',(-0.147231111242,-0.35,-1.5));
#3029=CARTESIAN_POINT('',(-0.162230377286,-0.35,-2.459232075714));
#3030=CARTESIAN_POINT('',(-0.45,-0.35,-1.5));
#3031=CARTESIAN_POINT('',(-0.15,-0.35,-2.542562962528));
#3032=CARTESIAN_POINT('Origin',(-0.44,-0.35,-2.542562962528));
#3033=CARTESIAN_POINT('',(-0.15,-0.35,-3.5));
#3034=CARTESIAN_POINT('',(-0.15,-0.35,-3.5));
#3035=CARTESIAN_POINT('',(0.15,-0.35,-3.5));
#3036=CARTESIAN_POINT('',(0.15,-0.35,-3.5));
#3037=CARTESIAN_POINT('',(0.15,-0.35,-2.542562962528));
#3038=CARTESIAN_POINT('',(0.15,-0.35,-2.5));
#3039=CARTESIAN_POINT('',(0.137769622714,-0.35,-2.459232075714));
#3040=CARTESIAN_POINT('Origin',(-0.14,-0.35,-2.542562962528));
#3041=CARTESIAN_POINT('',(-0.125000733956,-0.35,-1.583330886814));
#3042=CARTESIAN_POINT('',(0.15,-0.35,-2.5));
#3043=CARTESIAN_POINT('',(-0.125000733956,-0.35,-1.416669113186));
#3044=CARTESIAN_POINT('Origin',(0.152768888758,-0.35,-1.5));
#3045=CARTESIAN_POINT('',(0.137769622714,-0.35,-0.540767924286));
#3046=CARTESIAN_POINT('',(-0.15,-0.35,-1.5));
#3047=CARTESIAN_POINT('',(0.15,-0.35,-0.457437037472));
#3048=CARTESIAN_POINT('Origin',(-0.14,-0.35,-0.457437037472));
#3049=CARTESIAN_POINT('',(0.15,-0.35,1.5));
#3050=CARTESIAN_POINT('',(-0.15,-0.35,1.21));
#3051=CARTESIAN_POINT('Origin',(0.14,-0.35,1.21));
#3052=CARTESIAN_POINT('',(-0.15,-0.35,-0.457437037472));
#3053=CARTESIAN_POINT('',(-0.15,-0.35,-0.5));
#3054=CARTESIAN_POINT('Origin',(-0.44,-0.35,-0.457437037472));
#3055=CARTESIAN_POINT('Origin',(-0.15,-4.85,-0.5));
#3056=CARTESIAN_POINT('',(-0.162230377286,-4.85,-0.540767924286));
#3057=CARTESIAN_POINT('',(-0.425000733956,-4.85,-1.416669113186));
#3058=CARTESIAN_POINT('',(-0.15,-4.85,-0.5));
#3059=CARTESIAN_POINT('',(-0.425000733956,-4.85,-1.583330886814));
#3060=CARTESIAN_POINT('Origin',(-0.147231111242,-4.85,-1.5));
#3061=CARTESIAN_POINT('',(-0.162230377286,-4.85,-2.459232075714));
#3062=CARTESIAN_POINT('',(-0.45,-4.85,-1.5));
#3063=CARTESIAN_POINT('',(-0.15,-4.85,-2.542562962528));
#3064=CARTESIAN_POINT('Origin',(-0.44,-4.85,-2.542562962528));
#3065=CARTESIAN_POINT('',(-0.15,-4.85,-3.5));
#3066=CARTESIAN_POINT('',(-0.15,-4.85,-3.5));
#3067=CARTESIAN_POINT('',(0.15,-4.85,-3.5));
#3068=CARTESIAN_POINT('',(0.15,-4.85,-3.5));
#3069=CARTESIAN_POINT('',(0.15,-4.85,-2.542562962528));
#3070=CARTESIAN_POINT('',(0.15,-4.85,-2.5));
#3071=CARTESIAN_POINT('',(0.137769622714,-4.85,-2.459232075714));
#3072=CARTESIAN_POINT('Origin',(-0.14,-4.85,-2.542562962528));
#3073=CARTESIAN_POINT('',(-0.125000733956,-4.85,-1.583330886814));
#3074=CARTESIAN_POINT('',(0.15,-4.85,-2.5));
#3075=CARTESIAN_POINT('',(-0.125000733956,-4.85,-1.416669113186));
#3076=CARTESIAN_POINT('Origin',(0.152768888758,-4.85,-1.5));
#3077=CARTESIAN_POINT('',(0.137769622714,-4.85,-0.540767924286));
#3078=CARTESIAN_POINT('',(-0.15,-4.85,-1.5));
#3079=CARTESIAN_POINT('',(0.15,-4.85,-0.457437037472));
#3080=CARTESIAN_POINT('Origin',(-0.14,-4.85,-0.457437037472));
#3081=CARTESIAN_POINT('',(0.15,-4.85,1.5));
#3082=CARTESIAN_POINT('',(0.14,-4.85,1.5));
#3083=CARTESIAN_POINT('',(-0.15,-4.85,1.5));
#3084=CARTESIAN_POINT('',(-0.15,-4.85,1.21));
#3085=CARTESIAN_POINT('Origin',(0.14,-4.85,1.21));
#3086=CARTESIAN_POINT('',(-0.15,-4.85,-0.457437037472));
#3087=CARTESIAN_POINT('',(-0.15,-4.85,-0.5));
#3088=CARTESIAN_POINT('Origin',(-0.44,-4.85,-0.457437037472));
#3089=CARTESIAN_POINT('Origin',(-0.15,-4.15,-0.5));
#3090=CARTESIAN_POINT('',(-0.162230377286,-4.15,-0.540767924286));
#3091=CARTESIAN_POINT('',(-0.425000733956,-4.15,-1.416669113186));
#3092=CARTESIAN_POINT('',(-0.15,-4.15,-0.5));
#3093=CARTESIAN_POINT('',(-0.15,-4.15,-0.457437037472));
#3094=CARTESIAN_POINT('Origin',(-0.44,-4.15,-0.457437037472));
#3095=CARTESIAN_POINT('',(-0.15,-4.15,1.21));
#3096=CARTESIAN_POINT('',(-0.15,-4.15,-0.5));
#3097=CARTESIAN_POINT('',(0.14,-4.15,1.5));
#3098=CARTESIAN_POINT('Origin',(0.14,-4.15,1.21));
#3099=CARTESIAN_POINT('',(-0.15,-4.15,1.5));
#3100=CARTESIAN_POINT('',(0.15,-4.15,-0.457437037472));
#3101=CARTESIAN_POINT('',(0.15,-4.15,1.5));
#3102=CARTESIAN_POINT('',(0.137769622714,-4.15,-0.540767924286));
#3103=CARTESIAN_POINT('Origin',(-0.14,-4.15,-0.457437037472));
#3104=CARTESIAN_POINT('',(-0.125000733956,-4.15,-1.416669113186));
#3105=CARTESIAN_POINT('',(-0.15,-4.15,-1.5));
#3106=CARTESIAN_POINT('',(-0.125000733956,-4.15,-1.583330886814));
#3107=CARTESIAN_POINT('Origin',(0.152768888758,-4.15,-1.5));
#3108=CARTESIAN_POINT('',(0.137769622714,-4.15,-2.459232075714));
#3109=CARTESIAN_POINT('',(0.15,-4.15,-2.5));
#3110=CARTESIAN_POINT('',(0.15,-4.15,-2.542562962528));
#3111=CARTESIAN_POINT('Origin',(-0.14,-4.15,-2.542562962528));
#3112=CARTESIAN_POINT('',(0.15,-4.15,-3.5));
#3113=CARTESIAN_POINT('',(0.15,-4.15,-2.5));
#3114=CARTESIAN_POINT('',(-0.15,-4.15,-3.5));
#3115=CARTESIAN_POINT('',(0.15,-4.15,-3.5));
#3116=CARTESIAN_POINT('',(-0.15,-4.15,-2.542562962528));
#3117=CARTESIAN_POINT('',(-0.15,-4.15,-3.5));
#3118=CARTESIAN_POINT('',(-0.162230377286,-4.15,-2.459232075714));
#3119=CARTESIAN_POINT('Origin',(-0.44,-4.15,-2.542562962528));
#3120=CARTESIAN_POINT('',(-0.425000733956,-4.15,-1.583330886814));
#3121=CARTESIAN_POINT('',(-0.45,-4.15,-1.5));
#3122=CARTESIAN_POINT('Origin',(-0.147231111242,-4.15,-1.5));
#3123=CARTESIAN_POINT('Origin',(-0.15,-4.85,1.5));
#3124=CARTESIAN_POINT('',(0.14,-4.85,1.5));
#3125=CARTESIAN_POINT('Origin',(6.45,-4.85,-0.5));
#3126=CARTESIAN_POINT('',(6.462230377286,-4.85,-0.540767924286));
#3127=CARTESIAN_POINT('',(6.725000733956,-4.85,-1.416669113186));
#3128=CARTESIAN_POINT('',(6.45,-4.85,-0.5));
#3129=CARTESIAN_POINT('',(6.45,-4.85,-0.457437037472));
#3130=CARTESIAN_POINT('Origin',(6.74,-4.85,-0.457437037472));
#3131=CARTESIAN_POINT('',(6.45,-4.85,1.21));
#3132=CARTESIAN_POINT('',(6.45,-4.85,-0.5));
#3133=CARTESIAN_POINT('',(6.16,-4.85,1.5));
#3134=CARTESIAN_POINT('Origin',(6.16,-4.85,1.21));
#3135=CARTESIAN_POINT('',(6.45,-4.85,1.5));
#3136=CARTESIAN_POINT('',(6.15,-4.85,-0.457437037472));
#3137=CARTESIAN_POINT('',(6.15,-4.85,1.5));
#3138=CARTESIAN_POINT('',(6.162230377286,-4.85,-0.540767924286));
#3139=CARTESIAN_POINT('Origin',(6.44,-4.85,-0.457437037472));
#3140=CARTESIAN_POINT('',(6.425000733956,-4.85,-1.416669113186));
#3141=CARTESIAN_POINT('',(6.45,-4.85,-1.5));
#3142=CARTESIAN_POINT('',(6.425000733956,-4.85,-1.583330886814));
#3143=CARTESIAN_POINT('Origin',(6.147231111242,-4.85,-1.5));
#3144=CARTESIAN_POINT('',(6.162230377286,-4.85,-2.459232075714));
#3145=CARTESIAN_POINT('',(6.15,-4.85,-2.5));
#3146=CARTESIAN_POINT('',(6.15,-4.85,-2.542562962528));
#3147=CARTESIAN_POINT('Origin',(6.44,-4.85,-2.542562962528));
#3148=CARTESIAN_POINT('',(6.15,-4.85,-3.5));
#3149=CARTESIAN_POINT('',(6.15,-4.85,-2.5));
#3150=CARTESIAN_POINT('',(6.45,-4.85,-3.5));
#3151=CARTESIAN_POINT('',(6.15,-4.85,-3.5));
#3152=CARTESIAN_POINT('',(6.45,-4.85,-2.542562962528));
#3153=CARTESIAN_POINT('',(6.45,-4.85,-3.5));
#3154=CARTESIAN_POINT('',(6.462230377286,-4.85,-2.459232075714));
#3155=CARTESIAN_POINT('Origin',(6.74,-4.85,-2.542562962528));
#3156=CARTESIAN_POINT('',(6.725000733956,-4.85,-1.583330886814));
#3157=CARTESIAN_POINT('',(6.75,-4.85,-1.5));
#3158=CARTESIAN_POINT('Origin',(6.447231111242,-4.85,-1.5));
#3159=CARTESIAN_POINT('Origin',(6.45,-4.85,1.5));
#3160=CARTESIAN_POINT('',(6.16,-4.15,1.5));
#3161=CARTESIAN_POINT('',(6.16,-4.85,1.5));
#3162=CARTESIAN_POINT('',(6.45,-4.15,1.5));
#3163=CARTESIAN_POINT('Origin',(6.45,-4.15,-0.5));
#3164=CARTESIAN_POINT('',(6.462230377286,-4.15,-0.540767924286));
#3165=CARTESIAN_POINT('',(6.725000733956,-4.15,-1.416669113186));
#3166=CARTESIAN_POINT('',(6.45,-4.15,-0.5));
#3167=CARTESIAN_POINT('',(6.725000733956,-4.15,-1.583330886814));
#3168=CARTESIAN_POINT('Origin',(6.447231111242,-4.15,-1.5));
#3169=CARTESIAN_POINT('',(6.462230377286,-4.15,-2.459232075714));
#3170=CARTESIAN_POINT('',(6.75,-4.15,-1.5));
#3171=CARTESIAN_POINT('',(6.45,-4.15,-2.542562962528));
#3172=CARTESIAN_POINT('Origin',(6.74,-4.15,-2.542562962528));
#3173=CARTESIAN_POINT('',(6.45,-4.15,-3.5));
#3174=CARTESIAN_POINT('',(6.45,-4.15,-3.5));
#3175=CARTESIAN_POINT('',(6.15,-4.15,-3.5));
#3176=CARTESIAN_POINT('',(6.15,-4.15,-3.5));
#3177=CARTESIAN_POINT('',(6.15,-4.15,-2.542562962528));
#3178=CARTESIAN_POINT('',(6.15,-4.15,-2.5));
#3179=CARTESIAN_POINT('',(6.162230377286,-4.15,-2.459232075714));
#3180=CARTESIAN_POINT('Origin',(6.44,-4.15,-2.542562962528));
#3181=CARTESIAN_POINT('',(6.425000733956,-4.15,-1.583330886814));
#3182=CARTESIAN_POINT('',(6.15,-4.15,-2.5));
#3183=CARTESIAN_POINT('',(6.425000733956,-4.15,-1.416669113186));
#3184=CARTESIAN_POINT('Origin',(6.147231111242,-4.15,-1.5));
#3185=CARTESIAN_POINT('',(6.162230377286,-4.15,-0.540767924286));
#3186=CARTESIAN_POINT('',(6.45,-4.15,-1.5));
#3187=CARTESIAN_POINT('',(6.15,-4.15,-0.457437037472));
#3188=CARTESIAN_POINT('Origin',(6.44,-4.15,-0.457437037472));
#3189=CARTESIAN_POINT('',(6.15,-4.15,1.5));
#3190=CARTESIAN_POINT('',(6.45,-4.15,1.21));
#3191=CARTESIAN_POINT('Origin',(6.16,-4.15,1.21));
#3192=CARTESIAN_POINT('',(6.45,-4.15,-0.457437037472));
#3193=CARTESIAN_POINT('',(6.45,-4.15,-0.5));
#3194=CARTESIAN_POINT('Origin',(6.74,-4.15,-0.457437037472));
#3195=CARTESIAN_POINT('Origin',(6.45,0.35,-0.5));
#3196=CARTESIAN_POINT('',(6.462230377286,0.35,-0.540767924286));
#3197=CARTESIAN_POINT('',(6.725000733956,0.35,-1.416669113186));
#3198=CARTESIAN_POINT('',(6.45,0.35,-0.5));
#3199=CARTESIAN_POINT('',(6.725000733956,0.35,-1.583330886814));
#3200=CARTESIAN_POINT('Origin',(6.447231111242,0.35,-1.5));
#3201=CARTESIAN_POINT('',(6.462230377286,0.35,-2.459232075714));
#3202=CARTESIAN_POINT('',(6.75,0.35,-1.5));
#3203=CARTESIAN_POINT('',(6.45,0.35,-2.542562962528));
#3204=CARTESIAN_POINT('Origin',(6.74,0.35,-2.542562962528));
#3205=CARTESIAN_POINT('',(6.45,0.35,-3.5));
#3206=CARTESIAN_POINT('',(6.45,0.35,-3.5));
#3207=CARTESIAN_POINT('',(6.15,0.35,-3.5));
#3208=CARTESIAN_POINT('',(6.15,0.35,-3.5));
#3209=CARTESIAN_POINT('',(6.15,0.35,-2.542562962528));
#3210=CARTESIAN_POINT('',(6.15,0.35,-2.5));
#3211=CARTESIAN_POINT('',(6.162230377286,0.35,-2.459232075714));
#3212=CARTESIAN_POINT('Origin',(6.44,0.35,-2.542562962528));
#3213=CARTESIAN_POINT('',(6.425000733956,0.35,-1.583330886814));
#3214=CARTESIAN_POINT('',(6.15,0.35,-2.5));
#3215=CARTESIAN_POINT('',(6.425000733956,0.35,-1.416669113186));
#3216=CARTESIAN_POINT('Origin',(6.147231111242,0.35,-1.5));
#3217=CARTESIAN_POINT('',(6.162230377286,0.35,-0.540767924286));
#3218=CARTESIAN_POINT('',(6.45,0.35,-1.5));
#3219=CARTESIAN_POINT('',(6.15,0.35,-0.457437037472));
#3220=CARTESIAN_POINT('Origin',(6.44,0.35,-0.457437037472));
#3221=CARTESIAN_POINT('',(6.15,0.35,1.5));
#3222=CARTESIAN_POINT('',(6.16,0.35,1.5));
#3223=CARTESIAN_POINT('',(6.45,0.35,1.5));
#3224=CARTESIAN_POINT('',(6.45,0.35,1.21));
#3225=CARTESIAN_POINT('Origin',(6.16,0.35,1.21));
#3226=CARTESIAN_POINT('',(6.45,0.35,-0.457437037472));
#3227=CARTESIAN_POINT('',(6.45,0.35,-0.5));
#3228=CARTESIAN_POINT('Origin',(6.74,0.35,-0.457437037472));
#3229=CARTESIAN_POINT('Origin',(6.45,-0.35,-0.5));
#3230=CARTESIAN_POINT('',(6.462230377286,-0.35,-0.540767924286));
#3231=CARTESIAN_POINT('',(6.725000733956,-0.35,-1.416669113186));
#3232=CARTESIAN_POINT('',(6.45,-0.35,-0.5));
#3233=CARTESIAN_POINT('',(6.45,-0.35,-0.457437037472));
#3234=CARTESIAN_POINT('Origin',(6.74,-0.35,-0.457437037472));
#3235=CARTESIAN_POINT('',(6.45,-0.35,1.21));
#3236=CARTESIAN_POINT('',(6.45,-0.35,-0.5));
#3237=CARTESIAN_POINT('',(6.16,-0.35,1.5));
#3238=CARTESIAN_POINT('Origin',(6.16,-0.35,1.21));
#3239=CARTESIAN_POINT('',(6.45,-0.35,1.5));
#3240=CARTESIAN_POINT('',(6.15,-0.35,-0.457437037472));
#3241=CARTESIAN_POINT('',(6.15,-0.35,1.5));
#3242=CARTESIAN_POINT('',(6.162230377286,-0.35,-0.540767924286));
#3243=CARTESIAN_POINT('Origin',(6.44,-0.35,-0.457437037472));
#3244=CARTESIAN_POINT('',(6.425000733956,-0.35,-1.416669113186));
#3245=CARTESIAN_POINT('',(6.45,-0.35,-1.5));
#3246=CARTESIAN_POINT('',(6.425000733956,-0.35,-1.583330886814));
#3247=CARTESIAN_POINT('Origin',(6.147231111242,-0.35,-1.5));
#3248=CARTESIAN_POINT('',(6.162230377286,-0.35,-2.459232075714));
#3249=CARTESIAN_POINT('',(6.15,-0.35,-2.5));
#3250=CARTESIAN_POINT('',(6.15,-0.35,-2.542562962528));
#3251=CARTESIAN_POINT('Origin',(6.44,-0.35,-2.542562962528));
#3252=CARTESIAN_POINT('',(6.15,-0.35,-3.5));
#3253=CARTESIAN_POINT('',(6.15,-0.35,-2.5));
#3254=CARTESIAN_POINT('',(6.45,-0.35,-3.5));
#3255=CARTESIAN_POINT('',(6.15,-0.35,-3.5));
#3256=CARTESIAN_POINT('',(6.45,-0.35,-2.542562962528));
#3257=CARTESIAN_POINT('',(6.45,-0.35,-3.5));
#3258=CARTESIAN_POINT('',(6.462230377286,-0.35,-2.459232075714));
#3259=CARTESIAN_POINT('Origin',(6.74,-0.35,-2.542562962528));
#3260=CARTESIAN_POINT('',(6.725000733956,-0.35,-1.583330886814));
#3261=CARTESIAN_POINT('',(6.75,-0.35,-1.5));
#3262=CARTESIAN_POINT('Origin',(6.447231111242,-0.35,-1.5));
#3263=CARTESIAN_POINT('Origin',(6.45,-0.35,1.5));
#3264=CARTESIAN_POINT('',(6.16,-0.35,1.5));
#3265=CARTESIAN_POINT('Origin',(0.15,-4.85,1.5));
#3266=CARTESIAN_POINT('',(0.15,-4.85,-0.457437037472));
#3267=CARTESIAN_POINT('Origin',(6.15,-4.85,1.5));
#3268=CARTESIAN_POINT('',(6.15,-4.85,-0.457437037472));
#3269=CARTESIAN_POINT('Origin',(0.15,-0.35,1.5));
#3270=CARTESIAN_POINT('',(0.15,-0.35,-0.457437037472));
#3271=CARTESIAN_POINT('Origin',(6.15,-0.35,1.5));
#3272=CARTESIAN_POINT('',(6.15,-0.35,-0.457437037472));
#3273=CARTESIAN_POINT('Origin',(-0.15,-0.35,-0.5));
#3274=CARTESIAN_POINT('',(-0.162230377286,-0.35,-0.540767924286));
#3275=CARTESIAN_POINT('',(-0.425000733956,-0.35,-1.416669113186));
#3276=CARTESIAN_POINT('Origin',(-0.44,-0.35,-0.457437037472));
#3277=CARTESIAN_POINT('',(-0.15,-0.35,-0.457437037472));
#3278=CARTESIAN_POINT('Origin',(-0.147231111242,-0.35,-1.5));
#3279=CARTESIAN_POINT('',(-0.425000733956,-0.35,-1.583330886814));
#3280=CARTESIAN_POINT('Origin',(-0.15,-0.35,-0.5));
#3281=CARTESIAN_POINT('',(-0.15,-0.35,1.21));
#3282=CARTESIAN_POINT('Origin',(-0.45,-0.35,-1.5));
#3283=CARTESIAN_POINT('',(-0.162230377286,-0.35,-2.459232075714));
#3284=CARTESIAN_POINT('Origin',(0.14,-0.35,1.21));
#3285=CARTESIAN_POINT('Origin',(-0.44,-0.35,-2.542562962528));
#3286=CARTESIAN_POINT('',(-0.15,-0.35,-2.542562962528));
#3287=CARTESIAN_POINT('Origin',(-0.15,-0.35,-3.5));
#3288=CARTESIAN_POINT('',(-0.15,-0.35,-3.5));
#3289=CARTESIAN_POINT('Origin',(0.15,-0.35,-3.5));
#3290=CARTESIAN_POINT('',(0.15,-0.35,-3.5));
#3291=CARTESIAN_POINT('Origin',(0.15,-0.35,-2.5));
#3292=CARTESIAN_POINT('',(0.15,-0.35,-2.542562962528));
#3293=CARTESIAN_POINT('Origin',(-0.14,-0.35,-0.457437037472));
#3294=CARTESIAN_POINT('',(0.137769622714,-0.35,-0.540767924286));
#3295=CARTESIAN_POINT('Origin',(-0.14,-0.35,-2.542562962528));
#3296=CARTESIAN_POINT('',(0.137769622714,-0.35,-2.459232075714));
#3297=CARTESIAN_POINT('Origin',(-0.15,-0.35,-1.5));
#3298=CARTESIAN_POINT('',(-0.125000733956,-0.35,-1.416669113186));
#3299=CARTESIAN_POINT('Origin',(0.15,-0.35,-2.5));
#3300=CARTESIAN_POINT('',(-0.125000733956,-0.35,-1.583330886814));
#3301=CARTESIAN_POINT('Origin',(0.152768888758,-0.35,-1.5));
#3302=CARTESIAN_POINT('Origin',(-0.15,-4.85,-0.5));
#3303=CARTESIAN_POINT('',(-0.162230377286,-4.85,-0.540767924286));
#3304=CARTESIAN_POINT('',(-0.425000733956,-4.85,-1.416669113186));
#3305=CARTESIAN_POINT('Origin',(-0.44,-4.85,-0.457437037472));
#3306=CARTESIAN_POINT('',(-0.15,-4.85,-0.457437037472));
#3307=CARTESIAN_POINT('Origin',(-0.147231111242,-4.85,-1.5));
#3308=CARTESIAN_POINT('',(-0.425000733956,-4.85,-1.583330886814));
#3309=CARTESIAN_POINT('Origin',(-0.15,-4.85,-0.5));
#3310=CARTESIAN_POINT('',(-0.15,-4.85,1.21));
#3311=CARTESIAN_POINT('Origin',(-0.45,-4.85,-1.5));
#3312=CARTESIAN_POINT('',(-0.162230377286,-4.85,-2.459232075714));
#3313=CARTESIAN_POINT('Origin',(0.14,-4.85,1.21));
#3314=CARTESIAN_POINT('Origin',(-0.44,-4.85,-2.542562962528));
#3315=CARTESIAN_POINT('',(-0.15,-4.85,-2.542562962528));
#3316=CARTESIAN_POINT('Origin',(-0.15,-4.85,-3.5));
#3317=CARTESIAN_POINT('',(-0.15,-4.85,-3.5));
#3318=CARTESIAN_POINT('Origin',(0.15,-4.85,-3.5));
#3319=CARTESIAN_POINT('',(0.15,-4.85,-3.5));
#3320=CARTESIAN_POINT('Origin',(0.15,-4.85,-2.5));
#3321=CARTESIAN_POINT('',(0.15,-4.85,-2.542562962528));
#3322=CARTESIAN_POINT('Origin',(-0.14,-4.85,-0.457437037472));
#3323=CARTESIAN_POINT('',(0.137769622714,-4.85,-0.540767924286));
#3324=CARTESIAN_POINT('Origin',(-0.14,-4.85,-2.542562962528));
#3325=CARTESIAN_POINT('',(0.137769622714,-4.85,-2.459232075714));
#3326=CARTESIAN_POINT('Origin',(-0.15,-4.85,-1.5));
#3327=CARTESIAN_POINT('',(-0.125000733956,-4.85,-1.416669113186));
#3328=CARTESIAN_POINT('Origin',(0.15,-4.85,-2.5));
#3329=CARTESIAN_POINT('',(-0.125000733956,-4.85,-1.583330886814));
#3330=CARTESIAN_POINT('Origin',(0.152768888758,-4.85,-1.5));
#3331=CARTESIAN_POINT('Origin',(6.45,-4.85,-0.5));
#3332=CARTESIAN_POINT('',(6.725000733956,-4.85,-1.416669113186));
#3333=CARTESIAN_POINT('',(6.462230377286,-4.85,-0.540767924286));
#3334=CARTESIAN_POINT('Origin',(6.74,-4.85,-0.457437037472));
#3335=CARTESIAN_POINT('',(6.45,-4.85,-0.457437037472));
#3336=CARTESIAN_POINT('Origin',(6.447231111242,-4.85,-1.5));
#3337=CARTESIAN_POINT('',(6.725000733956,-4.85,-1.583330886814));
#3338=CARTESIAN_POINT('Origin',(6.45,-4.85,-0.5));
#3339=CARTESIAN_POINT('',(6.45,-4.85,1.21));
#3340=CARTESIAN_POINT('Origin',(6.75,-4.85,-1.5));
#3341=CARTESIAN_POINT('',(6.462230377286,-4.85,-2.459232075714));
#3342=CARTESIAN_POINT('Origin',(6.16,-4.85,1.21));
#3343=CARTESIAN_POINT('Origin',(6.74,-4.85,-2.542562962528));
#3344=CARTESIAN_POINT('',(6.45,-4.85,-2.542562962528));
#3345=CARTESIAN_POINT('Origin',(6.45,-4.85,-3.5));
#3346=CARTESIAN_POINT('',(6.45,-4.85,-3.5));
#3347=CARTESIAN_POINT('Origin',(6.15,-4.85,-3.5));
#3348=CARTESIAN_POINT('',(6.15,-4.85,-3.5));
#3349=CARTESIAN_POINT('Origin',(6.15,-4.85,-2.5));
#3350=CARTESIAN_POINT('',(6.15,-4.85,-2.542562962528));
#3351=CARTESIAN_POINT('Origin',(6.44,-4.85,-0.457437037472));
#3352=CARTESIAN_POINT('',(6.162230377286,-4.85,-0.540767924286));
#3353=CARTESIAN_POINT('Origin',(6.44,-4.85,-2.542562962528));
#3354=CARTESIAN_POINT('',(6.162230377286,-4.85,-2.459232075714));
#3355=CARTESIAN_POINT('Origin',(6.45,-4.85,-1.5));
#3356=CARTESIAN_POINT('',(6.425000733956,-4.85,-1.416669113186));
#3357=CARTESIAN_POINT('Origin',(6.15,-4.85,-2.5));
#3358=CARTESIAN_POINT('',(6.425000733956,-4.85,-1.583330886814));
#3359=CARTESIAN_POINT('Origin',(6.147231111242,-4.85,-1.5));
#3360=CARTESIAN_POINT('Origin',(6.45,-0.35,-0.5));
#3361=CARTESIAN_POINT('',(6.725000733956,-0.35,-1.416669113186));
#3362=CARTESIAN_POINT('',(6.462230377286,-0.35,-0.540767924286));
#3363=CARTESIAN_POINT('Origin',(6.74,-0.35,-0.457437037472));
#3364=CARTESIAN_POINT('',(6.45,-0.35,-0.457437037472));
#3365=CARTESIAN_POINT('Origin',(6.447231111242,-0.35,-1.5));
#3366=CARTESIAN_POINT('',(6.725000733956,-0.35,-1.583330886814));
#3367=CARTESIAN_POINT('Origin',(6.45,-0.35,-0.5));
#3368=CARTESIAN_POINT('',(6.45,-0.35,1.21));
#3369=CARTESIAN_POINT('Origin',(6.75,-0.35,-1.5));
#3370=CARTESIAN_POINT('',(6.462230377286,-0.35,-2.459232075714));
#3371=CARTESIAN_POINT('Origin',(6.16,-0.35,1.21));
#3372=CARTESIAN_POINT('Origin',(6.74,-0.35,-2.542562962528));
#3373=CARTESIAN_POINT('',(6.45,-0.35,-2.542562962528));
#3374=CARTESIAN_POINT('Origin',(6.45,-0.35,-3.5));
#3375=CARTESIAN_POINT('',(6.45,-0.35,-3.5));
#3376=CARTESIAN_POINT('Origin',(6.15,-0.35,-3.5));
#3377=CARTESIAN_POINT('',(6.15,-0.35,-3.5));
#3378=CARTESIAN_POINT('Origin',(6.15,-0.35,-2.5));
#3379=CARTESIAN_POINT('',(6.15,-0.35,-2.542562962528));
#3380=CARTESIAN_POINT('Origin',(6.44,-0.35,-0.457437037472));
#3381=CARTESIAN_POINT('',(6.162230377286,-0.35,-0.540767924286));
#3382=CARTESIAN_POINT('Origin',(6.44,-0.35,-2.542562962528));
#3383=CARTESIAN_POINT('',(6.162230377286,-0.35,-2.459232075714));
#3384=CARTESIAN_POINT('Origin',(6.45,-0.35,-1.5));
#3385=CARTESIAN_POINT('',(6.425000733956,-0.35,-1.416669113186));
#3386=CARTESIAN_POINT('Origin',(6.15,-0.35,-2.5));
#3387=CARTESIAN_POINT('',(6.425000733956,-0.35,-1.583330886814));
#3388=CARTESIAN_POINT('Origin',(6.147231111242,-0.35,-1.5));
#3389=UNCERTAINTY_MEASURE_WITH_UNIT(LENGTH_MEASURE(0.01),#3393,
'DISTANCE_ACCURACY_VALUE',
'Maximum model space distance between geometric entities at asserted c
onnectivities');
#3390=UNCERTAINTY_MEASURE_WITH_UNIT(LENGTH_MEASURE(0.01),#3393,
'DISTANCE_ACCURACY_VALUE',
'Maximum model space distance between geometric entities at asserted c
onnectivities');
#3391=(
GEOMETRIC_REPRESENTATION_CONTEXT(3)
GLOBAL_UNCERTAINTY_ASSIGNED_CONTEXT((#3389))
GLOBAL_UNIT_ASSIGNED_CONTEXT((#3393,#3395,#3396))
REPRESENTATION_CONTEXT('','3D')
);
#3392=(
GEOMETRIC_REPRESENTATION_CONTEXT(3)
GLOBAL_UNCERTAINTY_ASSIGNED_CONTEXT((#3390))
GLOBAL_UNIT_ASSIGNED_CONTEXT((#3393,#3395,#3396))
REPRESENTATION_CONTEXT('','3D')
);
#3393=(
LENGTH_UNIT()
NAMED_UNIT(*)
SI_UNIT(.MILLI.,.METRE.)
);
#3394=(
LENGTH_UNIT()
NAMED_UNIT(*)
SI_UNIT($,.METRE.)
);
#3395=(
NAMED_UNIT(*)
PLANE_ANGLE_UNIT()
SI_UNIT($,.RADIAN.)
);
#3396=(
NAMED_UNIT(*)
SI_UNIT($,.STERADIAN.)
SOLID_ANGLE_UNIT()
);
#3397=SHAPE_DEFINITION_REPRESENTATION(#3398,#3399);
#3398=PRODUCT_DEFINITION_SHAPE('',$,#3401);
#3399=SHAPE_REPRESENTATION('',(#2061),#3391);
#3400=PRODUCT_DEFINITION_CONTEXT('part definition',#3405,'design');
#3401=PRODUCT_DEFINITION('2026-05-13-01-39-16-276','SW_PUSH_6mm',#3402,
#3400);
#3402=PRODUCT_DEFINITION_FORMATION('',$,#3407);
#3403=PRODUCT_RELATED_PRODUCT_CATEGORY('SW_PUSH_6mm','SW_PUSH_6mm',(#3407));
#3404=APPLICATION_PROTOCOL_DEFINITION('international standard',
'automotive_design',2009,#3405);
#3405=APPLICATION_CONTEXT(
'Core Data for Automotive Mechanical Design Process');
#3406=PRODUCT_CONTEXT('part definition',#3405,'mechanical');
#3407=PRODUCT('2026-05-13-01-39-16-276','SW_PUSH_6mm',$,(#3406));
#3408=PRESENTATION_STYLE_ASSIGNMENT((#3412));
#3409=PRESENTATION_STYLE_ASSIGNMENT((#3413));
#3410=PRESENTATION_STYLE_ASSIGNMENT((#3414));
#3411=PRESENTATION_STYLE_ASSIGNMENT((#3415));
#3412=SURFACE_STYLE_USAGE(.BOTH.,#3416);
#3413=SURFACE_STYLE_USAGE(.BOTH.,#3417);
#3414=SURFACE_STYLE_USAGE(.BOTH.,#3418);
#3415=SURFACE_STYLE_USAGE(.BOTH.,#3419);
#3416=SURFACE_SIDE_STYLE('',(#3420));
#3417=SURFACE_SIDE_STYLE('',(#3421));
#3418=SURFACE_SIDE_STYLE('',(#3422));
#3419=SURFACE_SIDE_STYLE('',(#3423));
#3420=SURFACE_STYLE_FILL_AREA(#3424);
#3421=SURFACE_STYLE_FILL_AREA(#3425);
#3422=SURFACE_STYLE_FILL_AREA(#3426);
#3423=SURFACE_STYLE_FILL_AREA(#3427);
#3424=FILL_AREA_STYLE('Steel - Satin',(#3428));
#3425=FILL_AREA_STYLE('Opaque(21,22,24)',(#3429));
#3426=FILL_AREA_STYLE('Opaque(38,37,37)',(#3430));
#3427=FILL_AREA_STYLE('Opaque(210,209,199)',(#3431));
#3428=FILL_AREA_STYLE_COLOUR('Steel - Satin',#3432);
#3429=FILL_AREA_STYLE_COLOUR('Opaque(21,22,24)',#3433);
#3430=FILL_AREA_STYLE_COLOUR('Opaque(38,37,37)',#3434);
#3431=FILL_AREA_STYLE_COLOUR('Opaque(210,209,199)',#3435);
#3432=COLOUR_RGB('Steel - Satin',0.627450980392157,0.627450980392157,0.627450980392157);
#3433=COLOUR_RGB('Opaque(21,22,24)',0.0823529411764706,0.0862745098039216,
0.0941176470588235);
#3434=COLOUR_RGB('Opaque(38,37,37)',0.149019607843137,0.145098039215686,
0.145098039215686);
#3435=COLOUR_RGB('Opaque(210,209,199)',0.823529411764706,0.819607843137255,
0.780392156862745);
ENDSEC;
END-ISO-10303-21;
